21:27:10.412 .(Updater.kt:136)                [main]           INFO  - asset [95mshared-jvm-1.0-SNAPSHOT.jar[39m is missing from release 
21:27:10.860 .(Exporter.kt:133)               [main]           INFO  - writing [92m2022-07-22[39m 
21:27:10.918 .(Exporter.kt:166)               [main]           INFO  - writing to [34mC:\Users\nikky\.dj-session-export\VirtualDJ\2022\2022-07-22.txt[39m 
21:27:10.948 .(Exporter.kt:216)               [main]           INFO  - writing to [34mC:\Users\nikky\.dj-session-export\VirtualDJ\2022\2022-07-22.csv[39m 
21:27:10.949 .(Exporter.kt:133)               [main]           INFO  - writing [92m2022-07-22 05-51[39m 
21:27:10.952 .(Exporter.kt:166)               [main]           INFO  - writing to [34mC:\Users\nikky\.dj-session-export\VirtualDJ\2022\2022-07-22 05-51.txt[39m 
21:27:10.955 .(Exporter.kt:216)               [main]           INFO  - writing to [34mC:\Users\nikky\.dj-session-export\VirtualDJ\2022\2022-07-22 05-51.csv[39m 
21:27:10.956 .(Exporter.kt:133)               [main]           INFO  - writing [92m2022-07-22 06-57[39m 
21:27:10.958 .(Exporter.kt:166)               [main]           INFO  - writing to [34mC:\Users\nikky\.dj-session-export\VirtualDJ\2022\2022-07-22 06-57.txt[39m 
21:27:10.959 .(Exporter.kt:216)               [main]           INFO  - writing to [34mC:\Users\nikky\.dj-session-export\VirtualDJ\2022\2022-07-22 06-57.csv[39m 
21:27:10.960 .(Exporter.kt:133)               [main]           INFO  - writing [92m2022-07-23[39m 
21:27:10.966 .(Exporter.kt:166)               [main]           INFO  - writing to [34mC:\Users\nikky\.dj-session-export\VirtualDJ\2022\2022-07-23.txt[39m 
21:27:10.969 .(Exporter.kt:216)               [main]           INFO  - writing to [34mC:\Users\nikky\.dj-session-export\VirtualDJ\2022\2022-07-23.csv[39m 
21:27:10.970 .(Exporter.kt:133)               [main]           INFO  - writing [92m2022-07-23 08-02[39m 
21:27:10.973 .(Exporter.kt:166)               [main]           INFO  - writing to [34mC:\Users\nikky\.dj-session-export\VirtualDJ\2022\2022-07-23 08-02.txt[39m 
21:27:10.975 .(Exporter.kt:216)               [main]           INFO  - writing to [34mC:\Users\nikky\.dj-session-export\VirtualDJ\2022\2022-07-23 08-02.csv[39m 
21:27:10.976 .(Exporter.kt:133)               [main]           INFO  - writing [92m2022-07-23 08-51[39m 
21:27:10.978 .(Exporter.kt:166)               [main]           INFO  - writing to [34mC:\Users\nikky\.dj-session-export\VirtualDJ\2022\2022-07-23 08-51.txt[39m 
21:27:10.980 .(Exporter.kt:216)               [main]           INFO  - writing to [34mC:\Users\nikky\.dj-session-export\VirtualDJ\2022\2022-07-23 08-51.csv[39m 
21:27:10.980 .(Exporter.kt:133)               [main]           INFO  - writing [92m2022-07-24 00-23[39m 
21:27:10.982 .(Exporter.kt:166)               [main]           INFO  - writing to [34mC:\Users\nikky\.dj-session-export\VirtualDJ\2022\2022-07-24 00-23.txt[39m 
21:27:10.983 .(Exporter.kt:216)               [main]           INFO  - writing to [34mC:\Users\nikky\.dj-session-export\VirtualDJ\2022\2022-07-24 00-23.csv[39m 
21:27:10.984 .(Exporter.kt:133)               [main]           INFO  - writing [92m2022-07-24 01-37[39m 
21:27:10.986 .(Exporter.kt:166)               [main]           INFO  - writing to [34mC:\Users\nikky\.dj-session-export\VirtualDJ\2022\2022-07-24 01-37.txt[39m 
21:27:10.989 .(Exporter.kt:216)               [main]           INFO  - writing to [34mC:\Users\nikky\.dj-session-export\VirtualDJ\2022\2022-07-24 01-37.csv[39m 
21:27:10.990 .(Exporter.kt:133)               [main]           INFO  - writing [92m2022-07-24[39m 
21:27:10.995 .(Exporter.kt:166)               [main]           INFO  - writing to [34mC:\Users\nikky\.dj-session-export\VirtualDJ\2022\2022-07-24.txt[39m 
21:27:10.999 .(Exporter.kt:216)               [main]           INFO  - writing to [34mC:\Users\nikky\.dj-session-export\VirtualDJ\2022\2022-07-24.csv[39m 
21:27:11.000 .(Exporter.kt:133)               [main]           INFO  - writing [92m2022-07-24 08-39[39m 
21:27:11.002 .(Exporter.kt:166)               [main]           INFO  - writing to [34mC:\Users\nikky\.dj-session-export\VirtualDJ\2022\2022-07-24 08-39.txt[39m 
21:27:11.003 .(Exporter.kt:216)               [main]           INFO  - writing to [34mC:\Users\nikky\.dj-session-export\VirtualDJ\2022\2022-07-24 08-39.csv[39m 
21:27:11.005 .(Exporter.kt:133)               [main]           INFO  - writing [92m2022-07-24 09-02[39m 
21:27:11.006 .(Exporter.kt:166)               [main]           INFO  - writing to [34mC:\Users\nikky\.dj-session-export\VirtualDJ\2022\2022-07-24 09-02.txt[39m 
21:27:11.008 .(Exporter.kt:216)               [main]           INFO  - writing to [34mC:\Users\nikky\.dj-session-export\VirtualDJ\2022\2022-07-24 09-02.csv[39m 
21:27:11.009 .(Exporter.kt:133)               [main]           INFO  - writing [92m2022-07-24 10-07[39m 
21:27:11.010 .(Exporter.kt:166)               [main]           INFO  - writing to [34mC:\Users\nikky\.dj-session-export\VirtualDJ\2022\2022-07-24 10-07.txt[39m 
21:27:11.012 .(Exporter.kt:216)               [main]           INFO  - writing to [34mC:\Users\nikky\.dj-session-export\VirtualDJ\2022\2022-07-24 10-07.csv[39m 
21:27:11.013 .(Exporter.kt:133)               [main]           INFO  - writing [92m2022-07-24 17-27[39m 
21:27:11.019 .(Exporter.kt:166)               [main]           INFO  - writing to [34mC:\Users\nikky\.dj-session-export\VirtualDJ\2022\2022-07-24 17-27.txt[39m 
21:27:11.025 .(Exporter.kt:216)               [main]           INFO  - writing to [34mC:\Users\nikky\.dj-session-export\VirtualDJ\2022\2022-07-24 17-27.csv[39m 
21:27:11.025 .(Exporter.kt:133)               [main]           INFO  - writing [92m2022-07-24 18-31[39m 
21:27:11.028 .(Exporter.kt:166)               [main]           INFO  - writing to [34mC:\Users\nikky\.dj-session-export\VirtualDJ\2022\2022-07-24 18-31.txt[39m 
21:27:11.030 .(Exporter.kt:216)               [main]           INFO  - writing to [34mC:\Users\nikky\.dj-session-export\VirtualDJ\2022\2022-07-24 18-31.csv[39m 
21:27:11.032 .(Exporter.kt:133)               [main]           INFO  - writing [92m2022-07-24 19-34[39m 
21:27:11.034 .(Exporter.kt:166)               [main]           INFO  - writing to [34mC:\Users\nikky\.dj-session-export\VirtualDJ\2022\2022-07-24 19-34.txt[39m 
21:27:11.036 .(Exporter.kt:216)               [main]           INFO  - writing to [34mC:\Users\nikky\.dj-session-export\VirtualDJ\2022\2022-07-24 19-34.csv[39m 
21:27:11.038 .(Exporter.kt:133)               [main]           INFO  - writing [92m2022-07-24 20-02[39m 
21:27:11.042 .(Exporter.kt:166)               [main]           INFO  - writing to [34mC:\Users\nikky\.dj-session-export\VirtualDJ\2022\2022-07-24 20-02.txt[39m 
21:27:11.045 .(Exporter.kt:216)               [main]           INFO  - writing to [34mC:\Users\nikky\.dj-session-export\VirtualDJ\2022\2022-07-24 20-02.csv[39m 
21:27:11.046 .(Exporter.kt:133)               [main]           INFO  - writing [92m2022-07-24 22-00[39m 
21:27:11.049 .(Exporter.kt:166)               [main]           INFO  - writing to [34mC:\Users\nikky\.dj-session-export\VirtualDJ\2022\2022-07-24 22-00.txt[39m 
21:27:11.050 .(Exporter.kt:216)               [main]           INFO  - writing to [34mC:\Users\nikky\.dj-session-export\VirtualDJ\2022\2022-07-24 22-00.csv[39m 
21:27:11.051 .(Exporter.kt:133)               [main]           INFO  - writing [92m2022-07-24 22-33[39m 
21:27:11.054 .(Exporter.kt:166)               [main]           INFO  - writing to [34mC:\Users\nikky\.dj-session-export\VirtualDJ\2022\2022-07-24 22-33.txt[39m 
21:27:11.055 .(Exporter.kt:216)               [main]           INFO  - writing to [34mC:\Users\nikky\.dj-session-export\VirtualDJ\2022\2022-07-24 22-33.csv[39m 
21:27:11.057 .(Exporter.kt:133)               [main]           INFO  - writing [92m2022-07-25 00-20[39m 
21:27:11.059 .(Exporter.kt:166)               [main]           INFO  - writing to [34mC:\Users\nikky\.dj-session-export\VirtualDJ\2022\2022-07-25 00-20.txt[39m 
21:27:11.061 .(Exporter.kt:216)               [main]           INFO  - writing to [34mC:\Users\nikky\.dj-session-export\VirtualDJ\2022\2022-07-25 00-20.csv[39m 
21:27:11.062 .(Exporter.kt:133)               [main]           INFO  - writing [92m2022-07-25[39m 
21:27:11.064 .(Exporter.kt:166)               [main]           INFO  - writing to [34mC:\Users\nikky\.dj-session-export\VirtualDJ\2022\2022-07-25.txt[39m 
21:27:11.067 .(Exporter.kt:216)               [main]           INFO  - writing to [34mC:\Users\nikky\.dj-session-export\VirtualDJ\2022\2022-07-25.csv[39m 
21:27:11.069 .(Exporter.kt:133)               [main]           INFO  - writing [92m2022-07-25 21-30[39m 
21:27:11.072 .(Exporter.kt:166)               [main]           INFO  - writing to [34mC:\Users\nikky\.dj-session-export\VirtualDJ\2022\2022-07-25 21-30.txt[39m 
21:27:11.074 .(Exporter.kt:216)               [main]           INFO  - writing to [34mC:\Users\nikky\.dj-session-export\VirtualDJ\2022\2022-07-25 21-30.csv[39m 
21:27:11.076 .(Exporter.kt:133)               [main]           INFO  - writing [92m2022-07-25 22-44[39m 
21:27:11.077 .(Exporter.kt:166)               [main]           INFO  - writing to [34mC:\Users\nikky\.dj-session-export\VirtualDJ\2022\2022-07-25 22-44.txt[39m 
21:27:11.078 .(Exporter.kt:216)               [main]           INFO  - writing to [34mC:\Users\nikky\.dj-session-export\VirtualDJ\2022\2022-07-25 22-44.csv[39m 
21:27:11.079 .(Exporter.kt:133)               [main]           INFO  - writing [92m2022-07-26 06-51[39m 
21:27:11.082 .(Exporter.kt:166)               [main]           INFO  - writing to [34mC:\Users\nikky\.dj-session-export\VirtualDJ\2022\2022-07-26 06-51.txt[39m 
21:27:11.083 .(Exporter.kt:216)               [main]           INFO  - writing to [34mC:\Users\nikky\.dj-session-export\VirtualDJ\2022\2022-07-26 06-51.csv[39m 
21:27:11.084 .(Exporter.kt:133)               [main]           INFO  - writing [92m2022-07-26[39m 
21:27:11.086 .(Exporter.kt:166)               [main]           INFO  - writing to [34mC:\Users\nikky\.dj-session-export\VirtualDJ\2022\2022-07-26.txt[39m 
21:27:11.088 .(Exporter.kt:216)               [main]           INFO  - writing to [34mC:\Users\nikky\.dj-session-export\VirtualDJ\2022\2022-07-26.csv[39m 
21:27:11.088 .(Exporter.kt:133)               [main]           INFO  - writing [92m2022-07-26[39m 
21:27:11.091 .(Exporter.kt:166)               [main]           INFO  - writing to [34mC:\Users\nikky\.dj-session-export\VirtualDJ\2022\2022-07-26.txt[39m 
21:27:11.092 .(Exporter.kt:216)               [main]           INFO  - writing to [34mC:\Users\nikky\.dj-session-export\VirtualDJ\2022\2022-07-26.csv[39m 
21:27:11.094 .(Exporter.kt:133)               [main]           INFO  - writing [92m2022-07-26 00-39[39m 
21:27:11.096 .(Exporter.kt:166)               [main]           INFO  - writing to [34mC:\Users\nikky\.dj-session-export\VirtualDJ\2022\2022-07-26 00-39.txt[39m 
21:27:11.097 .(Exporter.kt:216)               [main]           INFO  - writing to [34mC:\Users\nikky\.dj-session-export\VirtualDJ\2022\2022-07-26 00-39.csv[39m 
21:27:11.098 .(Exporter.kt:133)               [main]           INFO  - writing [92m2022-07-26 02-23[39m 
21:27:11.100 .(Exporter.kt:166)               [main]           INFO  - writing to [34mC:\Users\nikky\.dj-session-export\VirtualDJ\2022\2022-07-26 02-23.txt[39m 
21:27:11.102 .(Exporter.kt:216)               [main]           INFO  - writing to [34mC:\Users\nikky\.dj-session-export\VirtualDJ\2022\2022-07-26 02-23.csv[39m 
21:27:11.103 .(Exporter.kt:133)               [main]           INFO  - writing [92m2022-07-26 03-31[39m 
21:27:11.105 .(Exporter.kt:166)               [main]           INFO  - writing to [34mC:\Users\nikky\.dj-session-export\VirtualDJ\2022\2022-07-26 03-31.txt[39m 
21:27:11.107 .(Exporter.kt:216)               [main]           INFO  - writing to [34mC:\Users\nikky\.dj-session-export\VirtualDJ\2022\2022-07-26 03-31.csv[39m 
21:27:11.108 .(Exporter.kt:133)               [main]           INFO  - writing [92m2022-07-26 07-15[39m 
21:27:11.111 .(Exporter.kt:166)               [main]           INFO  - writing to [34mC:\Users\nikky\.dj-session-export\VirtualDJ\2022\2022-07-26 07-15.txt[39m 
21:27:11.112 .(Exporter.kt:216)               [main]           INFO  - writing to [34mC:\Users\nikky\.dj-session-export\VirtualDJ\2022\2022-07-26 07-15.csv[39m 
21:27:11.114 .(Exporter.kt:133)               [main]           INFO  - writing [92m2022-07-27[39m 
21:27:11.116 .(Exporter.kt:166)               [main]           INFO  - writing to [34mC:\Users\nikky\.dj-session-export\VirtualDJ\2022\2022-07-27.txt[39m 
21:27:11.118 .(Exporter.kt:216)               [main]           INFO  - writing to [34mC:\Users\nikky\.dj-session-export\VirtualDJ\2022\2022-07-27.csv[39m 
21:27:11.119 .(Exporter.kt:133)               [main]           INFO  - writing [92m2022-07-27 08-01[39m 
21:27:11.122 .(Exporter.kt:166)               [main]           INFO  - writing to [34mC:\Users\nikky\.dj-session-export\VirtualDJ\2022\2022-07-27 08-01.txt[39m 
21:27:11.123 .(Exporter.kt:216)               [main]           INFO  - writing to [34mC:\Users\nikky\.dj-session-export\VirtualDJ\2022\2022-07-27 08-01.csv[39m 
21:27:11.124 .(Exporter.kt:133)               [main]           INFO  - writing [92m2022-07-27 17-59[39m 
21:27:11.126 .(Exporter.kt:166)               [main]           INFO  - writing to [34mC:\Users\nikky\.dj-session-export\VirtualDJ\2022\2022-07-27 17-59.txt[39m 
21:27:11.128 .(Exporter.kt:216)               [main]           INFO  - writing to [34mC:\Users\nikky\.dj-session-export\VirtualDJ\2022\2022-07-27 17-59.csv[39m 
21:27:11.128 .(Exporter.kt:133)               [main]           INFO  - writing [92m2022-07-27 19-09[39m 
21:27:11.130 .(Exporter.kt:166)               [main]           INFO  - writing to [34mC:\Users\nikky\.dj-session-export\VirtualDJ\2022\2022-07-27 19-09.txt[39m 
21:27:11.132 .(Exporter.kt:216)               [main]           INFO  - writing to [34mC:\Users\nikky\.dj-session-export\VirtualDJ\2022\2022-07-27 19-09.csv[39m 
21:27:11.133 .(Exporter.kt:133)               [main]           INFO  - writing [92m2022-07-27 20-04[39m 
21:27:11.136 .(Exporter.kt:166)               [main]           INFO  - writing to [34mC:\Users\nikky\.dj-session-export\VirtualDJ\2022\2022-07-27 20-04.txt[39m 
21:27:11.142 .(Exporter.kt:216)               [main]           INFO  - writing to [34mC:\Users\nikky\.dj-session-export\VirtualDJ\2022\2022-07-27 20-04.csv[39m 
21:27:11.145 .(Exporter.kt:133)               [main]           INFO  - writing [92m2022-07-28[39m 
21:27:11.149 .(Exporter.kt:166)               [main]           INFO  - writing to [34mC:\Users\nikky\.dj-session-export\VirtualDJ\2022\2022-07-28.txt[39m 
21:27:11.152 .(Exporter.kt:216)               [main]           INFO  - writing to [34mC:\Users\nikky\.dj-session-export\VirtualDJ\2022\2022-07-28.csv[39m 
21:27:11.155 .(Exporter.kt:133)               [main]           INFO  - writing [92m2022-07-28 18-53[39m 
21:27:11.158 .(Exporter.kt:166)               [main]           INFO  - writing to [34mC:\Users\nikky\.dj-session-export\VirtualDJ\2022\2022-07-28 18-53.txt[39m 
21:27:11.161 .(Exporter.kt:216)               [main]           INFO  - writing to [34mC:\Users\nikky\.dj-session-export\VirtualDJ\2022\2022-07-28 18-53.csv[39m 
21:27:11.161 .(Exporter.kt:133)               [main]           INFO  - writing [92m2022-07-28 19-30[39m 
21:27:11.164 .(Exporter.kt:166)               [main]           INFO  - writing to [34mC:\Users\nikky\.dj-session-export\VirtualDJ\2022\2022-07-28 19-30.txt[39m 
21:27:11.172 .(Exporter.kt:216)               [main]           INFO  - writing to [34mC:\Users\nikky\.dj-session-export\VirtualDJ\2022\2022-07-28 19-30.csv[39m 
21:27:11.173 .(Exporter.kt:133)               [main]           INFO  - writing [92m2022-07-28 22-02[39m 
21:27:11.175 .(Exporter.kt:166)               [main]           INFO  - writing to [34mC:\Users\nikky\.dj-session-export\VirtualDJ\2022\2022-07-28 22-02.txt[39m 
21:27:11.176 .(Exporter.kt:216)               [main]           INFO  - writing to [34mC:\Users\nikky\.dj-session-export\VirtualDJ\2022\2022-07-28 22-02.csv[39m 
21:27:11.176 .(Exporter.kt:133)               [main]           INFO  - writing [92m2022-07-28 22-53[39m 
21:27:11.177 .(Exporter.kt:166)               [main]           INFO  - writing to [34mC:\Users\nikky\.dj-session-export\VirtualDJ\2022\2022-07-28 22-53.txt[39m 
21:27:11.178 .(Exporter.kt:216)               [main]           INFO  - writing to [34mC:\Users\nikky\.dj-session-export\VirtualDJ\2022\2022-07-28 22-53.csv[39m 
21:27:11.179 .(Exporter.kt:133)               [main]           INFO  - writing [92m2022-07-29 05-31[39m 
21:27:11.179 .(Exporter.kt:166)               [main]           INFO  - writing to [34mC:\Users\nikky\.dj-session-export\VirtualDJ\2022\2022-07-29 05-31.txt[39m 
21:27:11.181 .(Exporter.kt:216)               [main]           INFO  - writing to [34mC:\Users\nikky\.dj-session-export\VirtualDJ\2022\2022-07-29 05-31.csv[39m 
21:27:11.181 .(Exporter.kt:133)               [main]           INFO  - writing [92m2022-07-29 07-56[39m 
21:27:11.182 .(Exporter.kt:166)               [main]           INFO  - writing to [34mC:\Users\nikky\.dj-session-export\VirtualDJ\2022\2022-07-29 07-56.txt[39m 
21:27:11.184 .(Exporter.kt:216)               [main]           INFO  - writing to [34mC:\Users\nikky\.dj-session-export\VirtualDJ\2022\2022-07-29 07-56.csv[39m 
21:27:11.184 .(Exporter.kt:133)               [main]           INFO  - writing [92m2022-07-29[39m 
21:27:11.186 .(Exporter.kt:166)               [main]           INFO  - writing to [34mC:\Users\nikky\.dj-session-export\VirtualDJ\2022\2022-07-29.txt[39m 
21:27:11.188 .(Exporter.kt:216)               [main]           INFO  - writing to [34mC:\Users\nikky\.dj-session-export\VirtualDJ\2022\2022-07-29.csv[39m 
21:27:11.189 .(Exporter.kt:133)               [main]           INFO  - writing [92m2022-07-29 08-03[39m 
21:27:11.191 .(Exporter.kt:166)               [main]           INFO  - writing to [34mC:\Users\nikky\.dj-session-export\VirtualDJ\2022\2022-07-29 08-03.txt[39m 
21:27:11.193 .(Exporter.kt:216)               [main]           INFO  - writing to [34mC:\Users\nikky\.dj-session-export\VirtualDJ\2022\2022-07-29 08-03.csv[39m 
21:27:11.194 .(Exporter.kt:133)               [main]           INFO  - writing [92m2022-07-29 23-02[39m 
21:27:11.196 .(Exporter.kt:166)               [main]           INFO  - writing to [34mC:\Users\nikky\.dj-session-export\VirtualDJ\2022\2022-07-29 23-02.txt[39m 
21:27:11.199 .(Exporter.kt:216)               [main]           INFO  - writing to [34mC:\Users\nikky\.dj-session-export\VirtualDJ\2022\2022-07-29 23-02.csv[39m 
21:27:11.200 .(Exporter.kt:133)               [main]           INFO  - writing [92m2022-07-30 01-42[39m 
21:27:11.202 .(Exporter.kt:166)               [main]           INFO  - writing to [34mC:\Users\nikky\.dj-session-export\VirtualDJ\2022\2022-07-30 01-42.txt[39m 
21:27:11.206 .(Exporter.kt:216)               [main]           INFO  - writing to [34mC:\Users\nikky\.dj-session-export\VirtualDJ\2022\2022-07-30 01-42.csv[39m 
21:27:11.207 .(Exporter.kt:133)               [main]           INFO  - writing [92m2022-07-30 02-01[39m 
21:27:11.209 .(Exporter.kt:166)               [main]           INFO  - writing to [34mC:\Users\nikky\.dj-session-export\VirtualDJ\2022\2022-07-30 02-01.txt[39m 
21:27:11.210 .(Exporter.kt:216)               [main]           INFO  - writing to [34mC:\Users\nikky\.dj-session-export\VirtualDJ\2022\2022-07-30 02-01.csv[39m 
21:27:11.212 .(Exporter.kt:133)               [main]           INFO  - writing [92m2022-07-31[39m 
21:27:11.214 .(Exporter.kt:166)               [main]           INFO  - writing to [34mC:\Users\nikky\.dj-session-export\VirtualDJ\2022\2022-07-31.txt[39m 
21:27:11.215 .(Exporter.kt:216)               [main]           INFO  - writing to [34mC:\Users\nikky\.dj-session-export\VirtualDJ\2022\2022-07-31.csv[39m 
21:27:11.218 .(Exporter.kt:133)               [main]           INFO  - writing [92m2022-07-31 10-11[39m 
21:27:11.222 .(Exporter.kt:166)               [main]           INFO  - writing to [34mC:\Users\nikky\.dj-session-export\VirtualDJ\2022\2022-07-31 10-11.txt[39m 
21:27:11.222 .(Exporter.kt:216)               [main]           INFO  - writing to [34mC:\Users\nikky\.dj-session-export\VirtualDJ\2022\2022-07-31 10-11.csv[39m 
21:27:11.224 .(Exporter.kt:133)               [main]           INFO  - writing [92m2022-07-31 20-42[39m 
21:27:11.225 .(Exporter.kt:166)               [main]           INFO  - writing to [34mC:\Users\nikky\.dj-session-export\VirtualDJ\2022\2022-07-31 20-42.txt[39m 
21:27:11.227 .(Exporter.kt:216)               [main]           INFO  - writing to [34mC:\Users\nikky\.dj-session-export\VirtualDJ\2022\2022-07-31 20-42.csv[39m 
21:27:11.228 .(Exporter.kt:133)               [main]           INFO  - writing [92m2022-08-01 03-53[39m 
21:27:11.230 .(Exporter.kt:166)               [main]           INFO  - writing to [34mC:\Users\nikky\.dj-session-export\VirtualDJ\2022\2022-08-01 03-53.txt[39m 
21:27:11.233 .(Exporter.kt:216)               [main]           INFO  - writing to [34mC:\Users\nikky\.dj-session-export\VirtualDJ\2022\2022-08-01 03-53.csv[39m 
21:27:11.233 .(Exporter.kt:133)               [main]           INFO  - writing [92m2022-08-01 06-18[39m 
21:27:11.236 .(Exporter.kt:166)               [main]           INFO  - writing to [34mC:\Users\nikky\.dj-session-export\VirtualDJ\2022\2022-08-01 06-18.txt[39m 
21:27:11.242 .(Exporter.kt:216)               [main]           INFO  - writing to [34mC:\Users\nikky\.dj-session-export\VirtualDJ\2022\2022-08-01 06-18.csv[39m 
21:27:11.243 .(Exporter.kt:133)               [main]           INFO  - writing [92m2022-08-01 07-04[39m 
21:27:11.244 .(Exporter.kt:166)               [main]           INFO  - writing to [34mC:\Users\nikky\.dj-session-export\VirtualDJ\2022\2022-08-01 07-04.txt[39m 
21:27:11.246 .(Exporter.kt:216)               [main]           INFO  - writing to [34mC:\Users\nikky\.dj-session-export\VirtualDJ\2022\2022-08-01 07-04.csv[39m 
21:27:11.247 .(Exporter.kt:133)               [main]           INFO  - writing [92m2022-08-02[39m 
21:27:11.249 .(Exporter.kt:166)               [main]           INFO  - writing to [34mC:\Users\nikky\.dj-session-export\VirtualDJ\2022\2022-08-02.txt[39m 
21:27:11.251 .(Exporter.kt:216)               [main]           INFO  - writing to [34mC:\Users\nikky\.dj-session-export\VirtualDJ\2022\2022-08-02.csv[39m 
21:27:11.252 .(Exporter.kt:133)               [main]           INFO  - writing [92m2022-08-02 00-50[39m 
21:27:11.253 .(Exporter.kt:166)               [main]           INFO  - writing to [34mC:\Users\nikky\.dj-session-export\VirtualDJ\2022\2022-08-02 00-50.txt[39m 
21:27:11.255 .(Exporter.kt:216)               [main]           INFO  - writing to [34mC:\Users\nikky\.dj-session-export\VirtualDJ\2022\2022-08-02 00-50.csv[39m 
21:27:11.256 .(Exporter.kt:133)               [main]           INFO  - writing [92m2022-08-02 01-33[39m 
21:27:11.258 .(Exporter.kt:166)               [main]           INFO  - writing to [34mC:\Users\nikky\.dj-session-export\VirtualDJ\2022\2022-08-02 01-33.txt[39m 
21:27:11.259 .(Exporter.kt:216)               [main]           INFO  - writing to [34mC:\Users\nikky\.dj-session-export\VirtualDJ\2022\2022-08-02 01-33.csv[39m 
21:27:11.260 .(Exporter.kt:133)               [main]           INFO  - writing [92m2022-08-02 02-56[39m 
21:27:11.263 .(Exporter.kt:166)               [main]           INFO  - writing to [34mC:\Users\nikky\.dj-session-export\VirtualDJ\2022\2022-08-02 02-56.txt[39m 
21:27:11.263 .(Exporter.kt:216)               [main]           INFO  - writing to [34mC:\Users\nikky\.dj-session-export\VirtualDJ\2022\2022-08-02 02-56.csv[39m 
21:27:11.265 .(Exporter.kt:133)               [main]           INFO  - writing [92m2022-08-02 03-38[39m 
21:27:11.267 .(Exporter.kt:166)               [main]           INFO  - writing to [34mC:\Users\nikky\.dj-session-export\VirtualDJ\2022\2022-08-02 03-38.txt[39m 
21:27:11.268 .(Exporter.kt:216)               [main]           INFO  - writing to [34mC:\Users\nikky\.dj-session-export\VirtualDJ\2022\2022-08-02 03-38.csv[39m 
21:27:11.268 .(Exporter.kt:133)               [main]           INFO  - writing [92m2022-08-02 04-38[39m 
21:27:11.271 .(Exporter.kt:166)               [main]           INFO  - writing to [34mC:\Users\nikky\.dj-session-export\VirtualDJ\2022\2022-08-02 04-38.txt[39m 
21:27:11.272 .(Exporter.kt:216)               [main]           INFO  - writing to [34mC:\Users\nikky\.dj-session-export\VirtualDJ\2022\2022-08-02 04-38.csv[39m 
21:27:11.273 .(Exporter.kt:133)               [main]           INFO  - writing [92m2022-08-02 06-15[39m 
21:27:11.277 .(Exporter.kt:166)               [main]           INFO  - writing to [34mC:\Users\nikky\.dj-session-export\VirtualDJ\2022\2022-08-02 06-15.txt[39m 
21:27:11.278 .(Exporter.kt:216)               [main]           INFO  - writing to [34mC:\Users\nikky\.dj-session-export\VirtualDJ\2022\2022-08-02 06-15.csv[39m 
21:27:11.279 .(Exporter.kt:133)               [main]           INFO  - writing [92m2022-08-04[39m 
21:27:11.280 .(Exporter.kt:166)               [main]           INFO  - writing to [34mC:\Users\nikky\.dj-session-export\VirtualDJ\2022\2022-08-04.txt[39m 
21:27:11.282 .(Exporter.kt:216)               [main]           INFO  - writing to [34mC:\Users\nikky\.dj-session-export\VirtualDJ\2022\2022-08-04.csv[39m 
21:27:11.283 .(Exporter.kt:133)               [main]           INFO  - writing [92m2022-08-04 19-33[39m 
21:27:11.285 .(Exporter.kt:166)               [main]           INFO  - writing to [34mC:\Users\nikky\.dj-session-export\VirtualDJ\2022\2022-08-04 19-33.txt[39m 
21:27:11.286 .(Exporter.kt:216)               [main]           INFO  - writing to [34mC:\Users\nikky\.dj-session-export\VirtualDJ\2022\2022-08-04 19-33.csv[39m 
21:27:11.286 .(Exporter.kt:133)               [main]           INFO  - writing [92m2022-08-04 21-00[39m 
21:27:11.288 .(Exporter.kt:166)               [main]           INFO  - writing to [34mC:\Users\nikky\.dj-session-export\VirtualDJ\2022\2022-08-04 21-00.txt[39m 
21:27:11.289 .(Exporter.kt:216)               [main]           INFO  - writing to [34mC:\Users\nikky\.dj-session-export\VirtualDJ\2022\2022-08-04 21-00.csv[39m 
21:27:11.289 .(Exporter.kt:133)               [main]           INFO  - writing [92m2022-08-05[39m 
21:27:11.291 .(Exporter.kt:166)               [main]           INFO  - writing to [34mC:\Users\nikky\.dj-session-export\VirtualDJ\2022\2022-08-05.txt[39m 
21:27:11.292 .(Exporter.kt:216)               [main]           INFO  - writing to [34mC:\Users\nikky\.dj-session-export\VirtualDJ\2022\2022-08-05.csv[39m 
21:27:11.292 .(Exporter.kt:133)               [main]           INFO  - writing [92m2022-08-06[39m 
21:27:11.294 .(Exporter.kt:166)               [main]           INFO  - writing to [34mC:\Users\nikky\.dj-session-export\VirtualDJ\2022\2022-08-06.txt[39m 
21:27:11.296 .(Exporter.kt:216)               [main]           INFO  - writing to [34mC:\Users\nikky\.dj-session-export\VirtualDJ\2022\2022-08-06.csv[39m 
21:27:11.296 .(Exporter.kt:133)               [main]           INFO  - writing [92m2022-08-07[39m 
21:27:11.299 .(Exporter.kt:166)               [main]           INFO  - writing to [34mC:\Users\nikky\.dj-session-export\VirtualDJ\2022\2022-08-07.txt[39m 
21:27:11.300 .(Exporter.kt:216)               [main]           INFO  - writing to [34mC:\Users\nikky\.dj-session-export\VirtualDJ\2022\2022-08-07.csv[39m 
21:27:11.301 .(Exporter.kt:133)               [main]           INFO  - writing [92m2022-08-07 08-00[39m 
21:27:11.303 .(Exporter.kt:166)               [main]           INFO  - writing to [34mC:\Users\nikky\.dj-session-export\VirtualDJ\2022\2022-08-07 08-00.txt[39m 
21:27:11.304 .(Exporter.kt:216)               [main]           INFO  - writing to [34mC:\Users\nikky\.dj-session-export\VirtualDJ\2022\2022-08-07 08-00.csv[39m 
21:27:11.305 .(Exporter.kt:133)               [main]           INFO  - writing [92m2022-08-07 08-46[39m 
21:27:11.306 .(Exporter.kt:166)               [main]           INFO  - writing to [34mC:\Users\nikky\.dj-session-export\VirtualDJ\2022\2022-08-07 08-46.txt[39m 
21:27:11.307 .(Exporter.kt:216)               [main]           INFO  - writing to [34mC:\Users\nikky\.dj-session-export\VirtualDJ\2022\2022-08-07 08-46.csv[39m 
21:27:11.308 .(Exporter.kt:133)               [main]           INFO  - writing [92m2022-08-07 09-24[39m 
21:27:11.309 .(Exporter.kt:166)               [main]           INFO  - writing to [34mC:\Users\nikky\.dj-session-export\VirtualDJ\2022\2022-08-07 09-24.txt[39m 
21:27:11.309 .(Exporter.kt:216)               [main]           INFO  - writing to [34mC:\Users\nikky\.dj-session-export\VirtualDJ\2022\2022-08-07 09-24.csv[39m 
21:27:11.310 .(Exporter.kt:133)               [main]           INFO  - writing [92m2022-08-08[39m 
21:27:11.312 .(Exporter.kt:166)               [main]           INFO  - writing to [34mC:\Users\nikky\.dj-session-export\VirtualDJ\2022\2022-08-08.txt[39m 
21:27:11.313 .(Exporter.kt:216)               [main]           INFO  - writing to [34mC:\Users\nikky\.dj-session-export\VirtualDJ\2022\2022-08-08.csv[39m 
21:27:11.314 .(Exporter.kt:133)               [main]           INFO  - writing [92m2022-08-08 12-53[39m 
21:27:11.314 .(Exporter.kt:166)               [main]           INFO  - writing to [34mC:\Users\nikky\.dj-session-export\VirtualDJ\2022\2022-08-08 12-53.txt[39m 
21:27:11.315 .(Exporter.kt:216)               [main]           INFO  - writing to [34mC:\Users\nikky\.dj-session-export\VirtualDJ\2022\2022-08-08 12-53.csv[39m 
21:27:11.316 .(Exporter.kt:133)               [main]           INFO  - writing [92m2022-08-08 14-10[39m 
21:27:11.316 .(Exporter.kt:166)               [main]           INFO  - writing to [34mC:\Users\nikky\.dj-session-export\VirtualDJ\2022\2022-08-08 14-10.txt[39m 
21:27:11.316 .(Exporter.kt:216)               [main]           INFO  - writing to [34mC:\Users\nikky\.dj-session-export\VirtualDJ\2022\2022-08-08 14-10.csv[39m 
21:27:11.317 .(Exporter.kt:133)               [main]           INFO  - writing [92m2022-08-09 02-54[39m 
21:27:11.319 .(Exporter.kt:166)               [main]           INFO  - writing to [34mC:\Users\nikky\.dj-session-export\VirtualDJ\2022\2022-08-09 02-54.txt[39m 
21:27:11.320 .(Exporter.kt:216)               [main]           INFO  - writing to [34mC:\Users\nikky\.dj-session-export\VirtualDJ\2022\2022-08-09 02-54.csv[39m 
21:27:11.321 .(Exporter.kt:133)               [main]           INFO  - writing [92m2022-08-09 04-22[39m 
21:27:11.322 .(Exporter.kt:166)               [main]           INFO  - writing to [34mC:\Users\nikky\.dj-session-export\VirtualDJ\2022\2022-08-09 04-22.txt[39m 
21:27:11.323 .(Exporter.kt:216)               [main]           INFO  - writing to [34mC:\Users\nikky\.dj-session-export\VirtualDJ\2022\2022-08-09 04-22.csv[39m 
21:27:11.324 .(Exporter.kt:133)               [main]           INFO  - writing [92m2022-08-09 07-06[39m 
21:27:11.324 .(Exporter.kt:166)               [main]           INFO  - writing to [34mC:\Users\nikky\.dj-session-export\VirtualDJ\2022\2022-08-09 07-06.txt[39m 
21:27:11.325 .(Exporter.kt:216)               [main]           INFO  - writing to [34mC:\Users\nikky\.dj-session-export\VirtualDJ\2022\2022-08-09 07-06.csv[39m 
21:27:11.326 .(Exporter.kt:133)               [main]           INFO  - writing [92m2022-08-09[39m 
21:27:11.327 .(Exporter.kt:166)               [main]           INFO  - writing to [34mC:\Users\nikky\.dj-session-export\VirtualDJ\2022\2022-08-09.txt[39m 
21:27:11.328 .(Exporter.kt:216)               [main]           INFO  - writing to [34mC:\Users\nikky\.dj-session-export\VirtualDJ\2022\2022-08-09.csv[39m 
21:27:11.329 .(Exporter.kt:133)               [main]           INFO  - writing [92m2022-08-09 01-06[39m 
21:27:11.329 .(Exporter.kt:166)               [main]           INFO  - writing to [34mC:\Users\nikky\.dj-session-export\VirtualDJ\2022\2022-08-09 01-06.txt[39m 
21:27:11.331 .(Exporter.kt:216)               [main]           INFO  - writing to [34mC:\Users\nikky\.dj-session-export\VirtualDJ\2022\2022-08-09 01-06.csv[39m 
21:27:11.331 .(Exporter.kt:133)               [main]           INFO  - writing [92m2022-08-09 03-28[39m 
21:27:11.332 .(Exporter.kt:166)               [main]           INFO  - writing to [34mC:\Users\nikky\.dj-session-export\VirtualDJ\2022\2022-08-09 03-28.txt[39m 
21:27:11.333 .(Exporter.kt:216)               [main]           INFO  - writing to [34mC:\Users\nikky\.dj-session-export\VirtualDJ\2022\2022-08-09 03-28.csv[39m 
21:27:11.334 .(Exporter.kt:133)               [main]           INFO  - writing [92m2022-08-09 04-48[39m 
21:27:11.336 .(Exporter.kt:166)               [main]           INFO  - writing to [34mC:\Users\nikky\.dj-session-export\VirtualDJ\2022\2022-08-09 04-48.txt[39m 
21:27:11.337 .(Exporter.kt:216)               [main]           INFO  - writing to [34mC:\Users\nikky\.dj-session-export\VirtualDJ\2022\2022-08-09 04-48.csv[39m 
21:27:11.337 .(Exporter.kt:133)               [main]           INFO  - writing [92m2022-08-09 06-15[39m 
21:27:11.340 .(Exporter.kt:166)               [main]           INFO  - writing to [34mC:\Users\nikky\.dj-session-export\VirtualDJ\2022\2022-08-09 06-15.txt[39m 
21:27:11.340 .(Exporter.kt:216)               [main]           INFO  - writing to [34mC:\Users\nikky\.dj-session-export\VirtualDJ\2022\2022-08-09 06-15.csv[39m 
21:27:11.341 .(Exporter.kt:133)               [main]           INFO  - writing [92m2022-08-09 07-55[39m 
21:27:11.343 .(Exporter.kt:166)               [main]           INFO  - writing to [34mC:\Users\nikky\.dj-session-export\VirtualDJ\2022\2022-08-09 07-55.txt[39m 
21:27:11.343 .(Exporter.kt:216)               [main]           INFO  - writing to [34mC:\Users\nikky\.dj-session-export\VirtualDJ\2022\2022-08-09 07-55.csv[39m 
21:27:11.344 .(Exporter.kt:133)               [main]           INFO  - writing [92m2022-08-10[39m 
21:27:11.346 .(Exporter.kt:166)               [main]           INFO  - writing to [34mC:\Users\nikky\.dj-session-export\VirtualDJ\2022\2022-08-10.txt[39m 
21:27:11.347 .(Exporter.kt:216)               [main]           INFO  - writing to [34mC:\Users\nikky\.dj-session-export\VirtualDJ\2022\2022-08-10.csv[39m 
21:27:11.348 .(Exporter.kt:133)               [main]           INFO  - writing [92m2022-08-10 08-00[39m 
21:27:11.349 .(Exporter.kt:166)               [main]           INFO  - writing to [34mC:\Users\nikky\.dj-session-export\VirtualDJ\2022\2022-08-10 08-00.txt[39m 
21:27:11.350 .(Exporter.kt:216)               [main]           INFO  - writing to [34mC:\Users\nikky\.dj-session-export\VirtualDJ\2022\2022-08-10 08-00.csv[39m 
21:27:11.351 .(Exporter.kt:133)               [main]           INFO  - writing [92m2022-08-10 08-45[39m 
21:27:11.352 .(Exporter.kt:166)               [main]           INFO  - writing to [34mC:\Users\nikky\.dj-session-export\VirtualDJ\2022\2022-08-10 08-45.txt[39m 
21:27:11.352 .(Exporter.kt:216)               [main]           INFO  - writing to [34mC:\Users\nikky\.dj-session-export\VirtualDJ\2022\2022-08-10 08-45.csv[39m 
21:27:11.353 .(Exporter.kt:133)               [main]           INFO  - writing [92m2022-08-10 16-45[39m 
21:27:11.355 .(Exporter.kt:166)               [main]           INFO  - writing to [34mC:\Users\nikky\.dj-session-export\VirtualDJ\2022\2022-08-10 16-45.txt[39m 
21:27:11.356 .(Exporter.kt:216)               [main]           INFO  - writing to [34mC:\Users\nikky\.dj-session-export\VirtualDJ\2022\2022-08-10 16-45.csv[39m 
21:27:11.356 .(Exporter.kt:133)               [main]           INFO  - writing [92m2022-08-10 17-41[39m 
21:27:11.358 .(Exporter.kt:166)               [main]           INFO  - writing to [34mC:\Users\nikky\.dj-session-export\VirtualDJ\2022\2022-08-10 17-41.txt[39m 
21:27:11.359 .(Exporter.kt:216)               [main]           INFO  - writing to [34mC:\Users\nikky\.dj-session-export\VirtualDJ\2022\2022-08-10 17-41.csv[39m 
21:27:11.359 .(Exporter.kt:133)               [main]           INFO  - writing [92m2022-08-10 18-54[39m 
21:27:11.361 .(Exporter.kt:166)               [main]           INFO  - writing to [34mC:\Users\nikky\.dj-session-export\VirtualDJ\2022\2022-08-10 18-54.txt[39m 
21:27:11.362 .(Exporter.kt:216)               [main]           INFO  - writing to [34mC:\Users\nikky\.dj-session-export\VirtualDJ\2022\2022-08-10 18-54.csv[39m 
21:27:11.362 .(Exporter.kt:133)               [main]           INFO  - writing [92m2022-08-14[39m 
21:27:11.365 .(Exporter.kt:166)               [main]           INFO  - writing to [34mC:\Users\nikky\.dj-session-export\VirtualDJ\2022\2022-08-14.txt[39m 
21:27:11.366 .(Exporter.kt:216)               [main]           INFO  - writing to [34mC:\Users\nikky\.dj-session-export\VirtualDJ\2022\2022-08-14.csv[39m 
21:27:11.366 .(Exporter.kt:133)               [main]           INFO  - writing [92m2022-08-14 14-45[39m 
21:27:11.366 .(Exporter.kt:166)               [main]           INFO  - writing to [34mC:\Users\nikky\.dj-session-export\VirtualDJ\2022\2022-08-14 14-45.txt[39m 
21:27:11.368 .(Exporter.kt:216)               [main]           INFO  - writing to [34mC:\Users\nikky\.dj-session-export\VirtualDJ\2022\2022-08-14 14-45.csv[39m 
21:27:11.368 .(Exporter.kt:133)               [main]           INFO  - writing [92m2022-08-14 16-37[39m 
21:27:11.369 .(Exporter.kt:166)               [main]           INFO  - writing to [34mC:\Users\nikky\.dj-session-export\VirtualDJ\2022\2022-08-14 16-37.txt[39m 
21:27:11.370 .(Exporter.kt:216)               [main]           INFO  - writing to [34mC:\Users\nikky\.dj-session-export\VirtualDJ\2022\2022-08-14 16-37.csv[39m 
21:27:11.370 .(Exporter.kt:133)               [main]           INFO  - writing [92m2022-08-14 20-23[39m 
21:27:11.372 .(Exporter.kt:166)               [main]           INFO  - writing to [34mC:\Users\nikky\.dj-session-export\VirtualDJ\2022\2022-08-14 20-23.txt[39m 
21:27:11.373 .(Exporter.kt:216)               [main]           INFO  - writing to [34mC:\Users\nikky\.dj-session-export\VirtualDJ\2022\2022-08-14 20-23.csv[39m 
21:27:11.373 .(Exporter.kt:133)               [main]           INFO  - writing [92m2022-08-15[39m 
21:27:11.375 .(Exporter.kt:166)               [main]           INFO  - writing to [34mC:\Users\nikky\.dj-session-export\VirtualDJ\2022\2022-08-15.txt[39m 
21:27:11.376 .(Exporter.kt:216)               [main]           INFO  - writing to [34mC:\Users\nikky\.dj-session-export\VirtualDJ\2022\2022-08-15.csv[39m 
21:27:11.376 .(Exporter.kt:133)               [main]           INFO  - writing [92m2022-08-15 21-20[39m 
21:27:11.378 .(Exporter.kt:166)               [main]           INFO  - writing to [34mC:\Users\nikky\.dj-session-export\VirtualDJ\2022\2022-08-15 21-20.txt[39m 
21:27:11.378 .(Exporter.kt:216)               [main]           INFO  - writing to [34mC:\Users\nikky\.dj-session-export\VirtualDJ\2022\2022-08-15 21-20.csv[39m 
21:27:11.378 .(Exporter.kt:133)               [main]           INFO  - writing [92m2022-08-16 02-38[39m 
21:27:11.380 .(Exporter.kt:166)               [main]           INFO  - writing to [34mC:\Users\nikky\.dj-session-export\VirtualDJ\2022\2022-08-16 02-38.txt[39m 
21:27:11.381 .(Exporter.kt:216)               [main]           INFO  - writing to [34mC:\Users\nikky\.dj-session-export\VirtualDJ\2022\2022-08-16 02-38.csv[39m 
21:27:11.382 .(Exporter.kt:133)               [main]           INFO  - writing [92m2022-08-16[39m 
21:27:11.383 .(Exporter.kt:166)               [main]           INFO  - writing to [34mC:\Users\nikky\.dj-session-export\VirtualDJ\2022\2022-08-16.txt[39m 
21:27:11.388 .(Exporter.kt:216)               [main]           INFO  - writing to [34mC:\Users\nikky\.dj-session-export\VirtualDJ\2022\2022-08-16.csv[39m 
21:27:11.388 .(Exporter.kt:133)               [main]           INFO  - writing [92m2022-08-16 03-05[39m 
21:27:11.389 .(Exporter.kt:166)               [main]           INFO  - writing to [34mC:\Users\nikky\.dj-session-export\VirtualDJ\2022\2022-08-16 03-05.txt[39m 
21:27:11.390 .(Exporter.kt:216)               [main]           INFO  - writing to [34mC:\Users\nikky\.dj-session-export\VirtualDJ\2022\2022-08-16 03-05.csv[39m 
21:27:11.391 .(Exporter.kt:133)               [main]           INFO  - writing [92m2022-08-16 05-05[39m 
21:27:11.392 .(Exporter.kt:166)               [main]           INFO  - writing to [34mC:\Users\nikky\.dj-session-export\VirtualDJ\2022\2022-08-16 05-05.txt[39m 
21:27:11.392 .(Exporter.kt:216)               [main]           INFO  - writing to [34mC:\Users\nikky\.dj-session-export\VirtualDJ\2022\2022-08-16 05-05.csv[39m 
21:27:11.392 .(Exporter.kt:133)               [main]           INFO  - writing [92m2022-08-19[39m 
21:27:11.394 .(Exporter.kt:166)               [main]           INFO  - writing to [34mC:\Users\nikky\.dj-session-export\VirtualDJ\2022\2022-08-19.txt[39m 
21:27:11.394 .(Exporter.kt:216)               [main]           INFO  - writing to [34mC:\Users\nikky\.dj-session-export\VirtualDJ\2022\2022-08-19.csv[39m 
21:27:11.395 .(Exporter.kt:133)               [main]           INFO  - writing [92m2022-08-21[39m 
21:27:11.396 .(Exporter.kt:166)               [main]           INFO  - writing to [34mC:\Users\nikky\.dj-session-export\VirtualDJ\2022\2022-08-21.txt[39m 
21:27:11.397 .(Exporter.kt:216)               [main]           INFO  - writing to [34mC:\Users\nikky\.dj-session-export\VirtualDJ\2022\2022-08-21.csv[39m 
21:27:11.397 .(Exporter.kt:133)               [main]           INFO  - writing [92m2022-08-22[39m 
21:27:11.399 .(Exporter.kt:166)               [main]           INFO  - writing to [34mC:\Users\nikky\.dj-session-export\VirtualDJ\2022\2022-08-22.txt[39m 
21:27:11.399 .(Exporter.kt:216)               [main]           INFO  - writing to [34mC:\Users\nikky\.dj-session-export\VirtualDJ\2022\2022-08-22.csv[39m 
21:27:11.400 .(Exporter.kt:133)               [main]           INFO  - writing [92m2022-08-22 18-55[39m 
21:27:11.401 .(Exporter.kt:166)               [main]           INFO  - writing to [34mC:\Users\nikky\.dj-session-export\VirtualDJ\2022\2022-08-22 18-55.txt[39m 
21:27:11.402 .(Exporter.kt:216)               [main]           INFO  - writing to [34mC:\Users\nikky\.dj-session-export\VirtualDJ\2022\2022-08-22 18-55.csv[39m 
21:27:11.402 .(Exporter.kt:133)               [main]           INFO  - writing [92m2022-08-22 22-09[39m 
21:27:11.403 .(Exporter.kt:166)               [main]           INFO  - writing to [34mC:\Users\nikky\.dj-session-export\VirtualDJ\2022\2022-08-22 22-09.txt[39m 
21:27:11.404 .(Exporter.kt:216)               [main]           INFO  - writing to [34mC:\Users\nikky\.dj-session-export\VirtualDJ\2022\2022-08-22 22-09.csv[39m 
21:27:11.405 .(Exporter.kt:133)               [main]           INFO  - writing [92m2022-08-23 00-33[39m 
21:27:11.406 .(Exporter.kt:166)               [main]           INFO  - writing to [34mC:\Users\nikky\.dj-session-export\VirtualDJ\2022\2022-08-23 00-33.txt[39m 
21:27:11.406 .(Exporter.kt:216)               [main]           INFO  - writing to [34mC:\Users\nikky\.dj-session-export\VirtualDJ\2022\2022-08-23 00-33.csv[39m 
21:27:11.406 .(Exporter.kt:133)               [main]           INFO  - writing [92m2022-08-23[39m 
21:27:11.408 .(Exporter.kt:166)               [main]           INFO  - writing to [34mC:\Users\nikky\.dj-session-export\VirtualDJ\2022\2022-08-23.txt[39m 
21:27:11.409 .(Exporter.kt:216)               [main]           INFO  - writing to [34mC:\Users\nikky\.dj-session-export\VirtualDJ\2022\2022-08-23.csv[39m 
21:27:11.409 .(Exporter.kt:133)               [main]           INFO  - writing [92m2022-08-23 05-04[39m 
21:27:11.410 .(Exporter.kt:166)               [main]           INFO  - writing to [34mC:\Users\nikky\.dj-session-export\VirtualDJ\2022\2022-08-23 05-04.txt[39m 
21:27:11.410 .(Exporter.kt:216)               [main]           INFO  - writing to [34mC:\Users\nikky\.dj-session-export\VirtualDJ\2022\2022-08-23 05-04.csv[39m 
21:27:11.410 .(Exporter.kt:133)               [main]           INFO  - writing [92m2022-08-23 06-33[39m 
21:27:11.412 .(Exporter.kt:166)               [main]           INFO  - writing to [34mC:\Users\nikky\.dj-session-export\VirtualDJ\2022\2022-08-23 06-33.txt[39m 
21:27:11.412 .(Exporter.kt:216)               [main]           INFO  - writing to [34mC:\Users\nikky\.dj-session-export\VirtualDJ\2022\2022-08-23 06-33.csv[39m 
21:27:11.413 .(Exporter.kt:133)               [main]           INFO  - writing [92m2022-08-24[39m 
21:27:11.414 .(Exporter.kt:166)               [main]           INFO  - writing to [34mC:\Users\nikky\.dj-session-export\VirtualDJ\2022\2022-08-24.txt[39m 
21:27:11.415 .(Exporter.kt:216)               [main]           INFO  - writing to [34mC:\Users\nikky\.dj-session-export\VirtualDJ\2022\2022-08-24.csv[39m 
21:27:11.415 .(Exporter.kt:133)               [main]           INFO  - writing [92m2022-08-24 18-08[39m 
21:27:11.416 .(Exporter.kt:166)               [main]           INFO  - writing to [34mC:\Users\nikky\.dj-session-export\VirtualDJ\2022\2022-08-24 18-08.txt[39m 
21:27:11.416 .(Exporter.kt:216)               [main]           INFO  - writing to [34mC:\Users\nikky\.dj-session-export\VirtualDJ\2022\2022-08-24 18-08.csv[39m 
21:27:11.417 .(Exporter.kt:133)               [main]           INFO  - writing [92m2022-08-24 23-05[39m 
21:27:11.418 .(Exporter.kt:166)               [main]           INFO  - writing to [34mC:\Users\nikky\.dj-session-export\VirtualDJ\2022\2022-08-24 23-05.txt[39m 
21:27:11.418 .(Exporter.kt:216)               [main]           INFO  - writing to [34mC:\Users\nikky\.dj-session-export\VirtualDJ\2022\2022-08-24 23-05.csv[39m 
21:27:11.419 .(Exporter.kt:133)               [main]           INFO  - writing [92m2022-08-24 23-49[39m 
21:27:11.419 .(Exporter.kt:166)               [main]           INFO  - writing to [34mC:\Users\nikky\.dj-session-export\VirtualDJ\2022\2022-08-24 23-49.txt[39m 
21:27:11.421 .(Exporter.kt:216)               [main]           INFO  - writing to [34mC:\Users\nikky\.dj-session-export\VirtualDJ\2022\2022-08-24 23-49.csv[39m 
21:27:11.421 .(Exporter.kt:133)               [main]           INFO  - writing [92m2022-08-25[39m 
21:27:11.422 .(Exporter.kt:166)               [main]           INFO  - writing to [34mC:\Users\nikky\.dj-session-export\VirtualDJ\2022\2022-08-25.txt[39m 
21:27:11.422 .(Exporter.kt:216)               [main]           INFO  - writing to [34mC:\Users\nikky\.dj-session-export\VirtualDJ\2022\2022-08-25.csv[39m 
21:27:11.423 .(Exporter.kt:133)               [main]           INFO  - writing [92m2022-08-25 01-16[39m 
21:27:11.425 .(Exporter.kt:166)               [main]           INFO  - writing to [34mC:\Users\nikky\.dj-session-export\VirtualDJ\2022\2022-08-25 01-16.txt[39m 
21:27:11.425 .(Exporter.kt:216)               [main]           INFO  - writing to [34mC:\Users\nikky\.dj-session-export\VirtualDJ\2022\2022-08-25 01-16.csv[39m 
21:27:11.426 .(Exporter.kt:133)               [main]           INFO  - writing [92m2022-08-25 02-52[39m 
21:27:11.426 .(Exporter.kt:166)               [main]           INFO  - writing to [34mC:\Users\nikky\.dj-session-export\VirtualDJ\2022\2022-08-25 02-52.txt[39m 
21:27:11.426 .(Exporter.kt:216)               [main]           INFO  - writing to [34mC:\Users\nikky\.dj-session-export\VirtualDJ\2022\2022-08-25 02-52.csv[39m 
21:27:11.428 .(Exporter.kt:133)               [main]           INFO  - writing [92m2022-08-26[39m 
21:27:11.428 .(Exporter.kt:166)               [main]           INFO  - writing to [34mC:\Users\nikky\.dj-session-export\VirtualDJ\2022\2022-08-26.txt[39m 
21:27:11.429 .(Exporter.kt:216)               [main]           INFO  - writing to [34mC:\Users\nikky\.dj-session-export\VirtualDJ\2022\2022-08-26.csv[39m 
21:27:11.429 .(Exporter.kt:133)               [main]           INFO  - writing [92m2022-08-27[39m 
21:27:11.431 .(Exporter.kt:166)               [main]           INFO  - writing to [34mC:\Users\nikky\.dj-session-export\VirtualDJ\2022\2022-08-27.txt[39m 
21:27:11.432 .(Exporter.kt:216)               [main]           INFO  - writing to [34mC:\Users\nikky\.dj-session-export\VirtualDJ\2022\2022-08-27.csv[39m 
21:27:11.432 .(Exporter.kt:133)               [main]           INFO  - writing [92m2022-08-27 16-00[39m 
21:27:11.433 .(Exporter.kt:166)               [main]           INFO  - writing to [34mC:\Users\nikky\.dj-session-export\VirtualDJ\2022\2022-08-27 16-00.txt[39m 
21:27:11.434 .(Exporter.kt:216)               [main]           INFO  - writing to [34mC:\Users\nikky\.dj-session-export\VirtualDJ\2022\2022-08-27 16-00.csv[39m 
21:27:11.434 .(Exporter.kt:133)               [main]           INFO  - writing [92m2022-08-27 22-40[39m 
21:27:11.435 .(Exporter.kt:166)               [main]           INFO  - writing to [34mC:\Users\nikky\.dj-session-export\VirtualDJ\2022\2022-08-27 22-40.txt[39m 
21:27:11.436 .(Exporter.kt:216)               [main]           INFO  - writing to [34mC:\Users\nikky\.dj-session-export\VirtualDJ\2022\2022-08-27 22-40.csv[39m 
21:27:11.436 .(Exporter.kt:133)               [main]           INFO  - writing [92m2022-08-28 00-17[39m 
21:27:11.437 .(Exporter.kt:166)               [main]           INFO  - writing to [34mC:\Users\nikky\.dj-session-export\VirtualDJ\2022\2022-08-28 00-17.txt[39m 
21:27:11.439 .(Exporter.kt:216)               [main]           INFO  - writing to [34mC:\Users\nikky\.dj-session-export\VirtualDJ\2022\2022-08-28 00-17.csv[39m 
21:27:11.439 .(Exporter.kt:133)               [main]           INFO  - writing [92m2022-08-31[39m 
21:27:11.440 .(Exporter.kt:166)               [main]           INFO  - writing to [34mC:\Users\nikky\.dj-session-export\VirtualDJ\2022\2022-08-31.txt[39m 
21:27:11.440 .(Exporter.kt:216)               [main]           INFO  - writing to [34mC:\Users\nikky\.dj-session-export\VirtualDJ\2022\2022-08-31.csv[39m 
21:27:11.442 .(Exporter.kt:133)               [main]           INFO  - writing [92m2022-08-31 20-07[39m 
21:27:11.442 .(Exporter.kt:166)               [main]           INFO  - writing to [34mC:\Users\nikky\.dj-session-export\VirtualDJ\2022\2022-08-31 20-07.txt[39m 
21:27:11.443 .(Exporter.kt:216)               [main]           INFO  - writing to [34mC:\Users\nikky\.dj-session-export\VirtualDJ\2022\2022-08-31 20-07.csv[39m 
21:27:11.444 .(Exporter.kt:133)               [main]           INFO  - writing [92m2022-08-31 23-15[39m 
21:27:11.445 .(Exporter.kt:166)               [main]           INFO  - writing to [34mC:\Users\nikky\.dj-session-export\VirtualDJ\2022\2022-08-31 23-15.txt[39m 
21:27:11.446 .(Exporter.kt:216)               [main]           INFO  - writing to [34mC:\Users\nikky\.dj-session-export\VirtualDJ\2022\2022-08-31 23-15.csv[39m 
21:27:11.446 .(Exporter.kt:133)               [main]           INFO  - writing [92m2022-09-01[39m 
21:27:11.447 .(Exporter.kt:166)               [main]           INFO  - writing to [34mC:\Users\nikky\.dj-session-export\VirtualDJ\2022\2022-09-01.txt[39m 
21:27:11.448 .(Exporter.kt:216)               [main]           INFO  - writing to [34mC:\Users\nikky\.dj-session-export\VirtualDJ\2022\2022-09-01.csv[39m 
21:27:11.448 .(Exporter.kt:133)               [main]           INFO  - writing [92m2022-09-03[39m 
21:27:11.449 .(Exporter.kt:166)               [main]           INFO  - writing to [34mC:\Users\nikky\.dj-session-export\VirtualDJ\2022\2022-09-03.txt[39m 
21:27:11.450 .(Exporter.kt:216)               [main]           INFO  - writing to [34mC:\Users\nikky\.dj-session-export\VirtualDJ\2022\2022-09-03.csv[39m 
21:27:11.450 .(Exporter.kt:133)               [main]           INFO  - writing [92m2022-09-03 01-23[39m 
21:27:11.452 .(Exporter.kt:166)               [main]           INFO  - writing to [34mC:\Users\nikky\.dj-session-export\VirtualDJ\2022\2022-09-03 01-23.txt[39m 
21:27:11.452 .(Exporter.kt:216)               [main]           INFO  - writing to [34mC:\Users\nikky\.dj-session-export\VirtualDJ\2022\2022-09-03 01-23.csv[39m 
21:27:11.453 .(Exporter.kt:133)               [main]           INFO  - writing [92m2022-09-03 01-43[39m 
21:27:11.453 .(Exporter.kt:166)               [main]           INFO  - writing to [34mC:\Users\nikky\.dj-session-export\VirtualDJ\2022\2022-09-03 01-43.txt[39m 
21:27:11.455 .(Exporter.kt:216)               [main]           INFO  - writing to [34mC:\Users\nikky\.dj-session-export\VirtualDJ\2022\2022-09-03 01-43.csv[39m 
21:27:11.456 .(Exporter.kt:133)               [main]           INFO  - writing [92m2022-09-03 02-03[39m 
21:27:11.456 .(Exporter.kt:166)               [main]           INFO  - writing to [34mC:\Users\nikky\.dj-session-export\VirtualDJ\2022\2022-09-03 02-03.txt[39m 
21:27:11.458 .(Exporter.kt:216)               [main]           INFO  - writing to [34mC:\Users\nikky\.dj-session-export\VirtualDJ\2022\2022-09-03 02-03.csv[39m 
21:27:11.459 .(Exporter.kt:133)               [main]           INFO  - writing [92m2022-09-05[39m 
21:27:11.460 .(Exporter.kt:166)               [main]           INFO  - writing to [34mC:\Users\nikky\.dj-session-export\VirtualDJ\2022\2022-09-05.txt[39m 
21:27:11.461 .(Exporter.kt:216)               [main]           INFO  - writing to [34mC:\Users\nikky\.dj-session-export\VirtualDJ\2022\2022-09-05.csv[39m 
21:27:11.462 .(Exporter.kt:133)               [main]           INFO  - writing [92m2022-09-05 05-40[39m 
21:27:11.463 .(Exporter.kt:166)               [main]           INFO  - writing to [34mC:\Users\nikky\.dj-session-export\VirtualDJ\2022\2022-09-05 05-40.txt[39m 
21:27:11.464 .(Exporter.kt:216)               [main]           INFO  - writing to [34mC:\Users\nikky\.dj-session-export\VirtualDJ\2022\2022-09-05 05-40.csv[39m 
21:27:11.465 .(Exporter.kt:133)               [main]           INFO  - writing [92m2022-09-05 06-05[39m 
21:27:11.467 .(Exporter.kt:166)               [main]           INFO  - writing to [34mC:\Users\nikky\.dj-session-export\VirtualDJ\2022\2022-09-05 06-05.txt[39m 
21:27:11.468 .(Exporter.kt:216)               [main]           INFO  - writing to [34mC:\Users\nikky\.dj-session-export\VirtualDJ\2022\2022-09-05 06-05.csv[39m 
21:27:11.469 .(Exporter.kt:133)               [main]           INFO  - writing [92m2022-09-12[39m 
21:27:11.470 .(Exporter.kt:166)               [main]           INFO  - writing to [34mC:\Users\nikky\.dj-session-export\VirtualDJ\2022\2022-09-12.txt[39m 
21:27:11.472 .(Exporter.kt:216)               [main]           INFO  - writing to [34mC:\Users\nikky\.dj-session-export\VirtualDJ\2022\2022-09-12.csv[39m 
21:27:11.472 .(Exporter.kt:133)               [main]           INFO  - writing [92m2022-09-14[39m 
21:27:11.474 .(Exporter.kt:166)               [main]           INFO  - writing to [34mC:\Users\nikky\.dj-session-export\VirtualDJ\2022\2022-09-14.txt[39m 
21:27:11.474 .(Exporter.kt:216)               [main]           INFO  - writing to [34mC:\Users\nikky\.dj-session-export\VirtualDJ\2022\2022-09-14.csv[39m 
21:27:11.475 .(Exporter.kt:133)               [main]           INFO  - writing [92m2022-09-15[39m 
21:27:11.476 .(Exporter.kt:166)               [main]           INFO  - writing to [34mC:\Users\nikky\.dj-session-export\VirtualDJ\2022\2022-09-15.txt[39m 
21:27:11.476 .(Exporter.kt:216)               [main]           INFO  - writing to [34mC:\Users\nikky\.dj-session-export\VirtualDJ\2022\2022-09-15.csv[39m 
21:27:11.476 .(Exporter.kt:133)               [main]           INFO  - writing [92m2022-09-15[39m 
21:27:11.478 .(Exporter.kt:166)               [main]           INFO  - writing to [34mC:\Users\nikky\.dj-session-export\VirtualDJ\2022\2022-09-15.txt[39m 
21:27:11.478 .(Exporter.kt:216)               [main]           INFO  - writing to [34mC:\Users\nikky\.dj-session-export\VirtualDJ\2022\2022-09-15.csv[39m 
21:27:11.478 .(Exporter.kt:133)               [main]           INFO  - writing [92m2022-09-17[39m 
21:27:11.479 .(Exporter.kt:166)               [main]           INFO  - writing to [34mC:\Users\nikky\.dj-session-export\VirtualDJ\2022\2022-09-17.txt[39m 
21:27:11.480 .(Exporter.kt:216)               [main]           INFO  - writing to [34mC:\Users\nikky\.dj-session-export\VirtualDJ\2022\2022-09-17.csv[39m 
21:27:11.481 .(Exporter.kt:133)               [main]           INFO  - writing [92m2022-09-17 15-06[39m 
21:27:11.482 .(Exporter.kt:166)               [main]           INFO  - writing to [34mC:\Users\nikky\.dj-session-export\VirtualDJ\2022\2022-09-17 15-06.txt[39m 
21:27:11.482 .(Exporter.kt:216)               [main]           INFO  - writing to [34mC:\Users\nikky\.dj-session-export\VirtualDJ\2022\2022-09-17 15-06.csv[39m 
21:27:11.483 .(Exporter.kt:133)               [main]           INFO  - writing [92m2022-09-17 16-36[39m 
21:27:11.484 .(Exporter.kt:166)               [main]           INFO  - writing to [34mC:\Users\nikky\.dj-session-export\VirtualDJ\2022\2022-09-17 16-36.txt[39m 
21:27:11.485 .(Exporter.kt:216)               [main]           INFO  - writing to [34mC:\Users\nikky\.dj-session-export\VirtualDJ\2022\2022-09-17 16-36.csv[39m 
21:27:11.485 .(Exporter.kt:133)               [main]           INFO  - writing [92m2022-09-17 22-30[39m 
21:27:11.486 .(Exporter.kt:166)               [main]           INFO  - writing to [34mC:\Users\nikky\.dj-session-export\VirtualDJ\2022\2022-09-17 22-30.txt[39m 
21:27:11.486 .(Exporter.kt:216)               [main]           INFO  - writing to [34mC:\Users\nikky\.dj-session-export\VirtualDJ\2022\2022-09-17 22-30.csv[39m 
21:27:11.487 .(Exporter.kt:133)               [main]           INFO  - writing [92m2022-09-19[39m 
21:27:11.488 .(Exporter.kt:166)               [main]           INFO  - writing to [34mC:\Users\nikky\.dj-session-export\VirtualDJ\2022\2022-09-19.txt[39m 
21:27:11.488 .(Exporter.kt:216)               [main]           INFO  - writing to [34mC:\Users\nikky\.dj-session-export\VirtualDJ\2022\2022-09-19.csv[39m 
21:27:11.489 .(Exporter.kt:133)               [main]           INFO  - writing [92m2022-09-21[39m 
21:27:11.489 .(Exporter.kt:166)               [main]           INFO  - writing to [34mC:\Users\nikky\.dj-session-export\VirtualDJ\2022\2022-09-21.txt[39m 
21:27:11.490 .(Exporter.kt:216)               [main]           INFO  - writing to [34mC:\Users\nikky\.dj-session-export\VirtualDJ\2022\2022-09-21.csv[39m 
21:27:11.491 .(Exporter.kt:133)               [main]           INFO  - writing [92m2022-09-22[39m 
21:27:11.492 .(Exporter.kt:166)               [main]           INFO  - writing to [34mC:\Users\nikky\.dj-session-export\VirtualDJ\2022\2022-09-22.txt[39m 
21:27:11.493 .(Exporter.kt:216)               [main]           INFO  - writing to [34mC:\Users\nikky\.dj-session-export\VirtualDJ\2022\2022-09-22.csv[39m 
21:27:11.494 .(Exporter.kt:133)               [main]           INFO  - writing [92m2022-09-25[39m 
21:27:11.495 .(Exporter.kt:166)               [main]           INFO  - writing to [34mC:\Users\nikky\.dj-session-export\VirtualDJ\2022\2022-09-25.txt[39m 
21:27:11.496 .(Exporter.kt:216)               [main]           INFO  - writing to [34mC:\Users\nikky\.dj-session-export\VirtualDJ\2022\2022-09-25.csv[39m 
21:27:11.496 .(Exporter.kt:133)               [main]           INFO  - writing [92m2022-09-27[39m 
21:27:11.498 .(Exporter.kt:166)               [main]           INFO  - writing to [34mC:\Users\nikky\.dj-session-export\VirtualDJ\2022\2022-09-27.txt[39m 
21:27:11.499 .(Exporter.kt:216)               [main]           INFO  - writing to [34mC:\Users\nikky\.dj-session-export\VirtualDJ\2022\2022-09-27.csv[39m 
21:27:11.499 .(Exporter.kt:133)               [main]           INFO  - writing [92m2022-09-27 04-07[39m 
21:27:11.500 .(Exporter.kt:166)               [main]           INFO  - writing to [34mC:\Users\nikky\.dj-session-export\VirtualDJ\2022\2022-09-27 04-07.txt[39m 
21:27:11.502 .(Exporter.kt:216)               [main]           INFO  - writing to [34mC:\Users\nikky\.dj-session-export\VirtualDJ\2022\2022-09-27 04-07.csv[39m 
21:27:11.502 .(Exporter.kt:133)               [main]           INFO  - writing [92m2022-09-27 06-21[39m 
21:27:11.504 .(Exporter.kt:166)               [main]           INFO  - writing to [34mC:\Users\nikky\.dj-session-export\VirtualDJ\2022\2022-09-27 06-21.txt[39m 
21:27:11.505 .(Exporter.kt:216)               [main]           INFO  - writing to [34mC:\Users\nikky\.dj-session-export\VirtualDJ\2022\2022-09-27 06-21.csv[39m 
21:27:11.505 .(Exporter.kt:133)               [main]           INFO  - writing [92m2022-09-27 07-30[39m 
21:27:11.506 .(Exporter.kt:166)               [main]           INFO  - writing to [34mC:\Users\nikky\.dj-session-export\VirtualDJ\2022\2022-09-27 07-30.txt[39m 
21:27:11.507 .(Exporter.kt:216)               [main]           INFO  - writing to [34mC:\Users\nikky\.dj-session-export\VirtualDJ\2022\2022-09-27 07-30.csv[39m 
21:27:11.508 .(Exporter.kt:133)               [main]           INFO  - writing [92m2022-09-30[39m 
21:27:11.508 .(Exporter.kt:166)               [main]           INFO  - writing to [34mC:\Users\nikky\.dj-session-export\VirtualDJ\2022\2022-09-30.txt[39m 
21:27:11.509 .(Exporter.kt:216)               [main]           INFO  - writing to [34mC:\Users\nikky\.dj-session-export\VirtualDJ\2022\2022-09-30.csv[39m 
21:27:11.509 .(Exporter.kt:133)               [main]           INFO  - writing [92m2022-09-30 21-16[39m 
21:27:11.510 .(Exporter.kt:166)               [main]           INFO  - writing to [34mC:\Users\nikky\.dj-session-export\VirtualDJ\2022\2022-09-30 21-16.txt[39m 
21:27:11.511 .(Exporter.kt:216)               [main]           INFO  - writing to [34mC:\Users\nikky\.dj-session-export\VirtualDJ\2022\2022-09-30 21-16.csv[39m 
21:27:11.511 .(Exporter.kt:133)               [main]           INFO  - writing [92m2022-09-30 23-20[39m 
21:27:11.512 .(Exporter.kt:166)               [main]           INFO  - writing to [34mC:\Users\nikky\.dj-session-export\VirtualDJ\2022\2022-09-30 23-20.txt[39m 
21:27:11.512 .(Exporter.kt:216)               [main]           INFO  - writing to [34mC:\Users\nikky\.dj-session-export\VirtualDJ\2022\2022-09-30 23-20.csv[39m 
21:27:11.512 .(Exporter.kt:133)               [main]           INFO  - writing [92m2022-10-04[39m 
21:27:11.513 .(Exporter.kt:166)               [main]           INFO  - writing to [34mC:\Users\nikky\.dj-session-export\VirtualDJ\2022\2022-10-04.txt[39m 
21:27:11.514 .(Exporter.kt:216)               [main]           INFO  - writing to [34mC:\Users\nikky\.dj-session-export\VirtualDJ\2022\2022-10-04.csv[39m 
21:27:11.514 .(Exporter.kt:133)               [main]           INFO  - writing [92m2022-10-06[39m 
21:27:11.515 .(Exporter.kt:166)               [main]           INFO  - writing to [34mC:\Users\nikky\.dj-session-export\VirtualDJ\2022\2022-10-06.txt[39m 
21:27:11.515 .(Exporter.kt:216)               [main]           INFO  - writing to [34mC:\Users\nikky\.dj-session-export\VirtualDJ\2022\2022-10-06.csv[39m 
21:27:11.516 .(Exporter.kt:133)               [main]           INFO  - writing [92m2022-10-06 02-24[39m 
21:27:11.516 .(Exporter.kt:166)               [main]           INFO  - writing to [34mC:\Users\nikky\.dj-session-export\VirtualDJ\2022\2022-10-06 02-24.txt[39m 
21:27:11.516 .(Exporter.kt:216)               [main]           INFO  - writing to [34mC:\Users\nikky\.dj-session-export\VirtualDJ\2022\2022-10-06 02-24.csv[39m 
21:27:11.518 .(Exporter.kt:133)               [main]           INFO  - writing [92m2022-10-06 02-59[39m 
21:27:11.518 .(Exporter.kt:166)               [main]           INFO  - writing to [34mC:\Users\nikky\.dj-session-export\VirtualDJ\2022\2022-10-06 02-59.txt[39m 
21:27:11.519 .(Exporter.kt:216)               [main]           INFO  - writing to [34mC:\Users\nikky\.dj-session-export\VirtualDJ\2022\2022-10-06 02-59.csv[39m 
21:27:11.519 .(Exporter.kt:133)               [main]           INFO  - writing [92m2022-10-09[39m 
21:27:11.521 .(Exporter.kt:166)               [main]           INFO  - writing to [34mC:\Users\nikky\.dj-session-export\VirtualDJ\2022\2022-10-09.txt[39m 
21:27:11.522 .(Exporter.kt:216)               [main]           INFO  - writing to [34mC:\Users\nikky\.dj-session-export\VirtualDJ\2022\2022-10-09.csv[39m 
21:27:11.522 .(Exporter.kt:133)               [main]           INFO  - writing [92m2022-10-09 22-11[39m 
21:27:11.523 .(Exporter.kt:166)               [main]           INFO  - writing to [34mC:\Users\nikky\.dj-session-export\VirtualDJ\2022\2022-10-09 22-11.txt[39m 
21:27:11.524 .(Exporter.kt:216)               [main]           INFO  - writing to [34mC:\Users\nikky\.dj-session-export\VirtualDJ\2022\2022-10-09 22-11.csv[39m 
21:27:11.525 .(Exporter.kt:133)               [main]           INFO  - writing [92m2022-10-10 01-08[39m 
21:27:11.526 .(Exporter.kt:166)               [main]           INFO  - writing to [34mC:\Users\nikky\.dj-session-export\VirtualDJ\2022\2022-10-10 01-08.txt[39m 
21:27:11.526 .(Exporter.kt:216)               [main]           INFO  - writing to [34mC:\Users\nikky\.dj-session-export\VirtualDJ\2022\2022-10-10 01-08.csv[39m 
21:27:11.526 .(Exporter.kt:133)               [main]           INFO  - writing [92m2022-10-10 01-55[39m 
21:27:11.526 .(Exporter.kt:166)               [main]           INFO  - writing to [34mC:\Users\nikky\.dj-session-export\VirtualDJ\2022\2022-10-10 01-55.txt[39m 
21:27:11.528 .(Exporter.kt:216)               [main]           INFO  - writing to [34mC:\Users\nikky\.dj-session-export\VirtualDJ\2022\2022-10-10 01-55.csv[39m 
21:27:11.528 .(Exporter.kt:133)               [main]           INFO  - writing [92m2022-10-12[39m 
21:27:11.529 .(Exporter.kt:166)               [main]           INFO  - writing to [34mC:\Users\nikky\.dj-session-export\VirtualDJ\2022\2022-10-12.txt[39m 
21:27:11.530 .(Exporter.kt:216)               [main]           INFO  - writing to [34mC:\Users\nikky\.dj-session-export\VirtualDJ\2022\2022-10-12.csv[39m 
21:27:11.530 .(Exporter.kt:133)               [main]           INFO  - writing [92m2022-10-12 19-54[39m 
21:27:11.532 .(Exporter.kt:166)               [main]           INFO  - writing to [34mC:\Users\nikky\.dj-session-export\VirtualDJ\2022\2022-10-12 19-54.txt[39m 
21:27:11.532 .(Exporter.kt:216)               [main]           INFO  - writing to [34mC:\Users\nikky\.dj-session-export\VirtualDJ\2022\2022-10-12 19-54.csv[39m 
21:27:11.534 .(Exporter.kt:133)               [main]           INFO  - writing [92m2022-10-13 03-45[39m 
21:27:11.535 .(Exporter.kt:166)               [main]           INFO  - writing to [34mC:\Users\nikky\.dj-session-export\VirtualDJ\2022\2022-10-13 03-45.txt[39m 
21:27:11.536 .(Exporter.kt:216)               [main]           INFO  - writing to [34mC:\Users\nikky\.dj-session-export\VirtualDJ\2022\2022-10-13 03-45.csv[39m 
21:27:11.536 .(Exporter.kt:133)               [main]           INFO  - writing [92m2022-10-13 05-28[39m 
21:27:11.537 .(Exporter.kt:166)               [main]           INFO  - writing to [34mC:\Users\nikky\.dj-session-export\VirtualDJ\2022\2022-10-13 05-28.txt[39m 
21:27:11.539 .(Exporter.kt:216)               [main]           INFO  - writing to [34mC:\Users\nikky\.dj-session-export\VirtualDJ\2022\2022-10-13 05-28.csv[39m 
21:27:11.539 .(Exporter.kt:133)               [main]           INFO  - writing [92m2022-10-13 06-04[39m 
21:27:11.540 .(Exporter.kt:166)               [main]           INFO  - writing to [34mC:\Users\nikky\.dj-session-export\VirtualDJ\2022\2022-10-13 06-04.txt[39m 
21:27:11.541 .(Exporter.kt:216)               [main]           INFO  - writing to [34mC:\Users\nikky\.dj-session-export\VirtualDJ\2022\2022-10-13 06-04.csv[39m 
21:27:11.541 .(Exporter.kt:133)               [main]           INFO  - writing [92m2022-10-13[39m 
21:27:11.541 .(Exporter.kt:166)               [main]           INFO  - writing to [34mC:\Users\nikky\.dj-session-export\VirtualDJ\2022\2022-10-13.txt[39m 
21:27:11.543 .(Exporter.kt:216)               [main]           INFO  - writing to [34mC:\Users\nikky\.dj-session-export\VirtualDJ\2022\2022-10-13.csv[39m 
21:27:11.544 .(Exporter.kt:133)               [main]           INFO  - writing [92m2022-10-13 08-00[39m 
21:27:11.545 .(Exporter.kt:166)               [main]           INFO  - writing to [34mC:\Users\nikky\.dj-session-export\VirtualDJ\2022\2022-10-13 08-00.txt[39m 
21:27:11.545 .(Exporter.kt:216)               [main]           INFO  - writing to [34mC:\Users\nikky\.dj-session-export\VirtualDJ\2022\2022-10-13 08-00.csv[39m 
21:27:11.546 .(Exporter.kt:133)               [main]           INFO  - writing [92m2022-10-13 08-21[39m 
21:27:11.546 .(Exporter.kt:166)               [main]           INFO  - writing to [34mC:\Users\nikky\.dj-session-export\VirtualDJ\2022\2022-10-13 08-21.txt[39m 
21:27:11.547 .(Exporter.kt:216)               [main]           INFO  - writing to [34mC:\Users\nikky\.dj-session-export\VirtualDJ\2022\2022-10-13 08-21.csv[39m 
21:27:11.547 .(Exporter.kt:133)               [main]           INFO  - writing [92m2022-10-14[39m 
21:27:11.549 .(Exporter.kt:166)               [main]           INFO  - writing to [34mC:\Users\nikky\.dj-session-export\VirtualDJ\2022\2022-10-14.txt[39m 
21:27:11.550 .(Exporter.kt:216)               [main]           INFO  - writing to [34mC:\Users\nikky\.dj-session-export\VirtualDJ\2022\2022-10-14.csv[39m 
21:27:11.550 .(Exporter.kt:133)               [main]           INFO  - writing [92m2022-10-14 18-46[39m 
21:27:11.552 .(Exporter.kt:166)               [main]           INFO  - writing to [34mC:\Users\nikky\.dj-session-export\VirtualDJ\2022\2022-10-14 18-46.txt[39m 
21:27:11.552 .(Exporter.kt:216)               [main]           INFO  - writing to [34mC:\Users\nikky\.dj-session-export\VirtualDJ\2022\2022-10-14 18-46.csv[39m 
21:27:11.553 .(Exporter.kt:133)               [main]           INFO  - writing [92m2022-10-14 19-49[39m 
21:27:11.553 .(Exporter.kt:166)               [main]           INFO  - writing to [34mC:\Users\nikky\.dj-session-export\VirtualDJ\2022\2022-10-14 19-49.txt[39m 
21:27:11.555 .(Exporter.kt:216)               [main]           INFO  - writing to [34mC:\Users\nikky\.dj-session-export\VirtualDJ\2022\2022-10-14 19-49.csv[39m 
21:27:11.555 .(Exporter.kt:133)               [main]           INFO  - writing [92m2022-10-14 21-09[39m 
21:27:11.556 .(Exporter.kt:166)               [main]           INFO  - writing to [34mC:\Users\nikky\.dj-session-export\VirtualDJ\2022\2022-10-14 21-09.txt[39m 
21:27:11.556 .(Exporter.kt:216)               [main]           INFO  - writing to [34mC:\Users\nikky\.dj-session-export\VirtualDJ\2022\2022-10-14 21-09.csv[39m 
21:27:11.556 .(Exporter.kt:133)               [main]           INFO  - writing [92m2022-10-16[39m 
21:27:11.558 .(Exporter.kt:166)               [main]           INFO  - writing to [34mC:\Users\nikky\.dj-session-export\VirtualDJ\2022\2022-10-16.txt[39m 
21:27:11.559 .(Exporter.kt:216)               [main]           INFO  - writing to [34mC:\Users\nikky\.dj-session-export\VirtualDJ\2022\2022-10-16.csv[39m 
21:27:11.559 .(Exporter.kt:133)               [main]           INFO  - writing [92m2022-10-16 04-56[39m 
21:27:11.560 .(Exporter.kt:166)               [main]           INFO  - writing to [34mC:\Users\nikky\.dj-session-export\VirtualDJ\2022\2022-10-16 04-56.txt[39m 
21:27:11.561 .(Exporter.kt:216)               [main]           INFO  - writing to [34mC:\Users\nikky\.dj-session-export\VirtualDJ\2022\2022-10-16 04-56.csv[39m 
21:27:11.561 .(Exporter.kt:133)               [main]           INFO  - writing [92m2022-10-16 07-13[39m 
21:27:11.562 .(Exporter.kt:166)               [main]           INFO  - writing to [34mC:\Users\nikky\.dj-session-export\VirtualDJ\2022\2022-10-16 07-13.txt[39m 
21:27:11.562 .(Exporter.kt:216)               [main]           INFO  - writing to [34mC:\Users\nikky\.dj-session-export\VirtualDJ\2022\2022-10-16 07-13.csv[39m 
21:27:11.563 .(Exporter.kt:133)               [main]           INFO  - writing [92m2022-10-24[39m 
21:27:11.564 .(Exporter.kt:166)               [main]           INFO  - writing to [34mC:\Users\nikky\.dj-session-export\VirtualDJ\2022\2022-10-24.txt[39m 
21:27:11.566 .(Exporter.kt:216)               [main]           INFO  - writing to [34mC:\Users\nikky\.dj-session-export\VirtualDJ\2022\2022-10-24.csv[39m 
21:27:11.566 .(Exporter.kt:133)               [main]           INFO  - writing [92m2022-10-25[39m 
21:27:11.567 .(Exporter.kt:166)               [main]           INFO  - writing to [34mC:\Users\nikky\.dj-session-export\VirtualDJ\2022\2022-10-25.txt[39m 
21:27:11.567 .(Exporter.kt:216)               [main]           INFO  - writing to [34mC:\Users\nikky\.dj-session-export\VirtualDJ\2022\2022-10-25.csv[39m 
21:27:11.568 .(Exporter.kt:133)               [main]           INFO  - writing [92m2022-10-26[39m 
21:27:11.568 .(Exporter.kt:166)               [main]           INFO  - writing to [34mC:\Users\nikky\.dj-session-export\VirtualDJ\2022\2022-10-26.txt[39m 
21:27:11.569 .(Exporter.kt:216)               [main]           INFO  - writing to [34mC:\Users\nikky\.dj-session-export\VirtualDJ\2022\2022-10-26.csv[39m 
21:27:11.570 .(Exporter.kt:133)               [main]           INFO  - writing [92m2022-10-26 02-15[39m 
21:27:11.570 .(Exporter.kt:166)               [main]           INFO  - writing to [34mC:\Users\nikky\.dj-session-export\VirtualDJ\2022\2022-10-26 02-15.txt[39m 
21:27:11.572 .(Exporter.kt:216)               [main]           INFO  - writing to [34mC:\Users\nikky\.dj-session-export\VirtualDJ\2022\2022-10-26 02-15.csv[39m 
21:27:11.572 .(Exporter.kt:133)               [main]           INFO  - writing [92m2022-10-26 04-27[39m 
21:27:11.573 .(Exporter.kt:166)               [main]           INFO  - writing to [34mC:\Users\nikky\.dj-session-export\VirtualDJ\2022\2022-10-26 04-27.txt[39m 
21:27:11.573 .(Exporter.kt:216)               [main]           INFO  - writing to [34mC:\Users\nikky\.dj-session-export\VirtualDJ\2022\2022-10-26 04-27.csv[39m 
21:27:11.574 .(Exporter.kt:133)               [main]           INFO  - writing [92m2022-10-28[39m 
21:27:11.575 .(Exporter.kt:166)               [main]           INFO  - writing to [34mC:\Users\nikky\.dj-session-export\VirtualDJ\2022\2022-10-28.txt[39m 
21:27:11.576 .(Exporter.kt:216)               [main]           INFO  - writing to [34mC:\Users\nikky\.dj-session-export\VirtualDJ\2022\2022-10-28.csv[39m 
21:27:11.576 .(Exporter.kt:133)               [main]           INFO  - writing [92m2022-10-28 04-02[39m 
21:27:11.576 .(Exporter.kt:166)               [main]           INFO  - writing to [34mC:\Users\nikky\.dj-session-export\VirtualDJ\2022\2022-10-28 04-02.txt[39m 
21:27:11.578 .(Exporter.kt:216)               [main]           INFO  - writing to [34mC:\Users\nikky\.dj-session-export\VirtualDJ\2022\2022-10-28 04-02.csv[39m 
21:27:11.578 .(Exporter.kt:133)               [main]           INFO  - writing [92m2022-10-28 05-02[39m 
21:27:11.579 .(Exporter.kt:166)               [main]           INFO  - writing to [34mC:\Users\nikky\.dj-session-export\VirtualDJ\2022\2022-10-28 05-02.txt[39m 
21:27:11.580 .(Exporter.kt:216)               [main]           INFO  - writing to [34mC:\Users\nikky\.dj-session-export\VirtualDJ\2022\2022-10-28 05-02.csv[39m 
21:27:11.581 .(Exporter.kt:133)               [main]           INFO  - writing [92m2022-10-28 06-29[39m 
21:27:11.581 .(Exporter.kt:166)               [main]           INFO  - writing to [34mC:\Users\nikky\.dj-session-export\VirtualDJ\2022\2022-10-28 06-29.txt[39m 
21:27:11.582 .(Exporter.kt:216)               [main]           INFO  - writing to [34mC:\Users\nikky\.dj-session-export\VirtualDJ\2022\2022-10-28 06-29.csv[39m 
21:27:11.582 .(Exporter.kt:133)               [main]           INFO  - writing [92m2022-10-28 07-38[39m 
21:27:11.583 .(Exporter.kt:166)               [main]           INFO  - writing to [34mC:\Users\nikky\.dj-session-export\VirtualDJ\2022\2022-10-28 07-38.txt[39m 
21:27:11.584 .(Exporter.kt:216)               [main]           INFO  - writing to [34mC:\Users\nikky\.dj-session-export\VirtualDJ\2022\2022-10-28 07-38.csv[39m 
21:27:11.584 .(Exporter.kt:133)               [main]           INFO  - writing [92m2022-10-29[39m 
21:27:11.586 .(Exporter.kt:166)               [main]           INFO  - writing to [34mC:\Users\nikky\.dj-session-export\VirtualDJ\2022\2022-10-29.txt[39m 
21:27:11.587 .(Exporter.kt:216)               [main]           INFO  - writing to [34mC:\Users\nikky\.dj-session-export\VirtualDJ\2022\2022-10-29.csv[39m 
21:27:11.587 .(Exporter.kt:133)               [main]           INFO  - writing [92m2022-10-29 08-00[39m 
21:27:11.589 .(Exporter.kt:166)               [main]           INFO  - writing to [34mC:\Users\nikky\.dj-session-export\VirtualDJ\2022\2022-10-29 08-00.txt[39m 
21:27:11.589 .(Exporter.kt:216)               [main]           INFO  - writing to [34mC:\Users\nikky\.dj-session-export\VirtualDJ\2022\2022-10-29 08-00.csv[39m 
21:27:11.590 .(Exporter.kt:133)               [main]           INFO  - writing [92m2022-10-29 08-38[39m 
21:27:11.591 .(Exporter.kt:166)               [main]           INFO  - writing to [34mC:\Users\nikky\.dj-session-export\VirtualDJ\2022\2022-10-29 08-38.txt[39m 
21:27:11.592 .(Exporter.kt:216)               [main]           INFO  - writing to [34mC:\Users\nikky\.dj-session-export\VirtualDJ\2022\2022-10-29 08-38.csv[39m 
21:27:11.592 .(Exporter.kt:133)               [main]           INFO  - writing [92m2022-10-29 09-06[39m 
21:27:11.594 .(Exporter.kt:166)               [main]           INFO  - writing to [34mC:\Users\nikky\.dj-session-export\VirtualDJ\2022\2022-10-29 09-06.txt[39m 
21:27:11.595 .(Exporter.kt:216)               [main]           INFO  - writing to [34mC:\Users\nikky\.dj-session-export\VirtualDJ\2022\2022-10-29 09-06.csv[39m 
21:27:11.596 .(Exporter.kt:133)               [main]           INFO  - writing [92m2022-10-29 18-20[39m 
21:27:11.596 .(Exporter.kt:166)               [main]           INFO  - writing to [34mC:\Users\nikky\.dj-session-export\VirtualDJ\2022\2022-10-29 18-20.txt[39m 
21:27:11.597 .(Exporter.kt:216)               [main]           INFO  - writing to [34mC:\Users\nikky\.dj-session-export\VirtualDJ\2022\2022-10-29 18-20.csv[39m 
21:27:11.598 .(Exporter.kt:133)               [main]           INFO  - writing [92m2022-10-29 19-34[39m 
21:27:11.599 .(Exporter.kt:166)               [main]           INFO  - writing to [34mC:\Users\nikky\.dj-session-export\VirtualDJ\2022\2022-10-29 19-34.txt[39m 
21:27:11.600 .(Exporter.kt:216)               [main]           INFO  - writing to [34mC:\Users\nikky\.dj-session-export\VirtualDJ\2022\2022-10-29 19-34.csv[39m 
21:27:11.601 .(Exporter.kt:133)               [main]           INFO  - writing [92m2022-10-29 20-14[39m 
21:27:11.603 .(Exporter.kt:166)               [main]           INFO  - writing to [34mC:\Users\nikky\.dj-session-export\VirtualDJ\2022\2022-10-29 20-14.txt[39m 
21:27:11.603 .(Exporter.kt:216)               [main]           INFO  - writing to [34mC:\Users\nikky\.dj-session-export\VirtualDJ\2022\2022-10-29 20-14.csv[39m 
21:27:11.605 .(Exporter.kt:133)               [main]           INFO  - writing [92m2022-10-30 01-13[39m 
21:27:11.606 .(Exporter.kt:166)               [main]           INFO  - writing to [34mC:\Users\nikky\.dj-session-export\VirtualDJ\2022\2022-10-30 01-13.txt[39m 
21:27:11.606 .(Exporter.kt:216)               [main]           INFO  - writing to [34mC:\Users\nikky\.dj-session-export\VirtualDJ\2022\2022-10-30 01-13.csv[39m 
21:27:11.608 .(Exporter.kt:133)               [main]           INFO  - writing [92m2022-10-30[39m 
21:27:11.609 .(Exporter.kt:166)               [main]           INFO  - writing to [34mC:\Users\nikky\.dj-session-export\VirtualDJ\2022\2022-10-30.txt[39m 
21:27:11.610 .(Exporter.kt:216)               [main]           INFO  - writing to [34mC:\Users\nikky\.dj-session-export\VirtualDJ\2022\2022-10-30.csv[39m 
21:27:11.611 .(Exporter.kt:133)               [main]           INFO  - writing [92m2022-11-05[39m 
21:27:11.612 .(Exporter.kt:166)               [main]           INFO  - writing to [34mC:\Users\nikky\.dj-session-export\VirtualDJ\2022\2022-11-05.txt[39m 
21:27:11.613 .(Exporter.kt:216)               [main]           INFO  - writing to [34mC:\Users\nikky\.dj-session-export\VirtualDJ\2022\2022-11-05.csv[39m 
21:27:11.614 .(Exporter.kt:133)               [main]           INFO  - writing [92m2022-11-05 08-17[39m 
21:27:11.615 .(Exporter.kt:166)               [main]           INFO  - writing to [34mC:\Users\nikky\.dj-session-export\VirtualDJ\2022\2022-11-05 08-17.txt[39m 
21:27:11.616 .(Exporter.kt:216)               [main]           INFO  - writing to [34mC:\Users\nikky\.dj-session-export\VirtualDJ\2022\2022-11-05 08-17.csv[39m 
21:27:11.616 .(Exporter.kt:133)               [main]           INFO  - writing [92m2022-11-06 04-58[39m 
21:27:11.618 .(Exporter.kt:166)               [main]           INFO  - writing to [34mC:\Users\nikky\.dj-session-export\VirtualDJ\2022\2022-11-06 04-58.txt[39m 
21:27:11.620 .(Exporter.kt:216)               [main]           INFO  - writing to [34mC:\Users\nikky\.dj-session-export\VirtualDJ\2022\2022-11-06 04-58.csv[39m 
21:27:11.620 .(Exporter.kt:133)               [main]           INFO  - writing [92m2022-11-07[39m 
21:27:11.622 .(Exporter.kt:166)               [main]           INFO  - writing to [34mC:\Users\nikky\.dj-session-export\VirtualDJ\2022\2022-11-07.txt[39m 
21:27:11.623 .(Exporter.kt:216)               [main]           INFO  - writing to [34mC:\Users\nikky\.dj-session-export\VirtualDJ\2022\2022-11-07.csv[39m 
21:27:11.624 .(Exporter.kt:133)               [main]           INFO  - writing [92m2022-11-08[39m 
21:27:11.626 .(Exporter.kt:166)               [main]           INFO  - writing to [34mC:\Users\nikky\.dj-session-export\VirtualDJ\2022\2022-11-08.txt[39m 
21:27:11.626 .(Exporter.kt:216)               [main]           INFO  - writing to [34mC:\Users\nikky\.dj-session-export\VirtualDJ\2022\2022-11-08.csv[39m 
21:27:11.628 .(Exporter.kt:133)               [main]           INFO  - writing [92m2022-11-08 04-10[39m 
21:27:11.629 .(Exporter.kt:166)               [main]           INFO  - writing to [34mC:\Users\nikky\.dj-session-export\VirtualDJ\2022\2022-11-08 04-10.txt[39m 
21:27:11.630 .(Exporter.kt:216)               [main]           INFO  - writing to [34mC:\Users\nikky\.dj-session-export\VirtualDJ\2022\2022-11-08 04-10.csv[39m 
21:27:11.631 .(Exporter.kt:133)               [main]           INFO  - writing [92m2022-11-08 04-29[39m 
21:27:11.632 .(Exporter.kt:166)               [main]           INFO  - writing to [34mC:\Users\nikky\.dj-session-export\VirtualDJ\2022\2022-11-08 04-29.txt[39m 
21:27:11.634 .(Exporter.kt:216)               [main]           INFO  - writing to [34mC:\Users\nikky\.dj-session-export\VirtualDJ\2022\2022-11-08 04-29.csv[39m 
21:27:11.634 .(Exporter.kt:133)               [main]           INFO  - writing [92m2022-11-09[39m 
21:27:11.636 .(Exporter.kt:166)               [main]           INFO  - writing to [34mC:\Users\nikky\.dj-session-export\VirtualDJ\2022\2022-11-09.txt[39m 
21:27:11.636 .(Exporter.kt:216)               [main]           INFO  - writing to [34mC:\Users\nikky\.dj-session-export\VirtualDJ\2022\2022-11-09.csv[39m 
21:27:11.637 .(Exporter.kt:133)               [main]           INFO  - writing [92m2022-11-09 19-56[39m 
21:27:11.639 .(Exporter.kt:166)               [main]           INFO  - writing to [34mC:\Users\nikky\.dj-session-export\VirtualDJ\2022\2022-11-09 19-56.txt[39m 
21:27:11.641 .(Exporter.kt:216)               [main]           INFO  - writing to [34mC:\Users\nikky\.dj-session-export\VirtualDJ\2022\2022-11-09 19-56.csv[39m 
21:27:11.641 .(Exporter.kt:133)               [main]           INFO  - writing [92m2022-11-09 21-59[39m 
21:27:11.642 .(Exporter.kt:166)               [main]           INFO  - writing to [34mC:\Users\nikky\.dj-session-export\VirtualDJ\2022\2022-11-09 21-59.txt[39m 
21:27:11.644 .(Exporter.kt:216)               [main]           INFO  - writing to [34mC:\Users\nikky\.dj-session-export\VirtualDJ\2022\2022-11-09 21-59.csv[39m 
21:27:11.644 .(Exporter.kt:133)               [main]           INFO  - writing [92m2022-11-09 23-20[39m 
21:27:11.646 .(Exporter.kt:166)               [main]           INFO  - writing to [34mC:\Users\nikky\.dj-session-export\VirtualDJ\2022\2022-11-09 23-20.txt[39m 
21:27:11.646 .(Exporter.kt:216)               [main]           INFO  - writing to [34mC:\Users\nikky\.dj-session-export\VirtualDJ\2022\2022-11-09 23-20.csv[39m 
21:27:11.647 .(Exporter.kt:133)               [main]           INFO  - writing [92m2022-11-10 00-49[39m 
21:27:11.648 .(Exporter.kt:166)               [main]           INFO  - writing to [34mC:\Users\nikky\.dj-session-export\VirtualDJ\2022\2022-11-10 00-49.txt[39m 
21:27:11.649 .(Exporter.kt:216)               [main]           INFO  - writing to [34mC:\Users\nikky\.dj-session-export\VirtualDJ\2022\2022-11-10 00-49.csv[39m 
21:27:11.649 .(Exporter.kt:133)               [main]           INFO  - writing [92m2022-11-10 03-10[39m 
21:27:11.651 .(Exporter.kt:166)               [main]           INFO  - writing to [34mC:\Users\nikky\.dj-session-export\VirtualDJ\2022\2022-11-10 03-10.txt[39m 
21:27:11.652 .(Exporter.kt:216)               [main]           INFO  - writing to [34mC:\Users\nikky\.dj-session-export\VirtualDJ\2022\2022-11-10 03-10.csv[39m 
21:27:11.653 .(Exporter.kt:133)               [main]           INFO  - writing [92m2022-11-10[39m 
21:27:11.653 .(Exporter.kt:166)               [main]           INFO  - writing to [34mC:\Users\nikky\.dj-session-export\VirtualDJ\2022\2022-11-10.txt[39m 
21:27:11.655 .(Exporter.kt:216)               [main]           INFO  - writing to [34mC:\Users\nikky\.dj-session-export\VirtualDJ\2022\2022-11-10.csv[39m 
21:27:11.655 .(Exporter.kt:133)               [main]           INFO  - writing [92m2022-11-12[39m 
21:27:11.656 .(Exporter.kt:166)               [main]           INFO  - writing to [34mC:\Users\nikky\.dj-session-export\VirtualDJ\2022\2022-11-12.txt[39m 
21:27:11.658 .(Exporter.kt:216)               [main]           INFO  - writing to [34mC:\Users\nikky\.dj-session-export\VirtualDJ\2022\2022-11-12.csv[39m 
21:27:11.658 .(Exporter.kt:133)               [main]           INFO  - writing [92m2022-11-13[39m 
21:27:11.659 .(Exporter.kt:166)               [main]           INFO  - writing to [34mC:\Users\nikky\.dj-session-export\VirtualDJ\2022\2022-11-13.txt[39m 
21:27:11.661 .(Exporter.kt:216)               [main]           INFO  - writing to [34mC:\Users\nikky\.dj-session-export\VirtualDJ\2022\2022-11-13.csv[39m 
21:27:11.662 .(Exporter.kt:133)               [main]           INFO  - writing [92m2022-11-13 19-58[39m 
21:27:11.662 .(Exporter.kt:166)               [main]           INFO  - writing to [34mC:\Users\nikky\.dj-session-export\VirtualDJ\2022\2022-11-13 19-58.txt[39m 
21:27:11.663 .(Exporter.kt:216)               [main]           INFO  - writing to [34mC:\Users\nikky\.dj-session-export\VirtualDJ\2022\2022-11-13 19-58.csv[39m 
21:27:11.664 .(Exporter.kt:133)               [main]           INFO  - writing [92m2022-11-14 05-12[39m 
21:27:11.665 .(Exporter.kt:166)               [main]           INFO  - writing to [34mC:\Users\nikky\.dj-session-export\VirtualDJ\2022\2022-11-14 05-12.txt[39m 
21:27:11.666 .(Exporter.kt:216)               [main]           INFO  - writing to [34mC:\Users\nikky\.dj-session-export\VirtualDJ\2022\2022-11-14 05-12.csv[39m 
21:27:11.666 .(Exporter.kt:133)               [main]           INFO  - writing [92m2022-11-15[39m 
21:27:11.668 .(Exporter.kt:166)               [main]           INFO  - writing to [34mC:\Users\nikky\.dj-session-export\VirtualDJ\2022\2022-11-15.txt[39m 
21:27:11.669 .(Exporter.kt:216)               [main]           INFO  - writing to [34mC:\Users\nikky\.dj-session-export\VirtualDJ\2022\2022-11-15.csv[39m 
21:27:11.669 .(Exporter.kt:133)               [main]           INFO  - writing [92m2022-11-15 01-26[39m 
21:27:11.671 .(Exporter.kt:166)               [main]           INFO  - writing to [34mC:\Users\nikky\.dj-session-export\VirtualDJ\2022\2022-11-15 01-26.txt[39m 
21:27:11.672 .(Exporter.kt:216)               [main]           INFO  - writing to [34mC:\Users\nikky\.dj-session-export\VirtualDJ\2022\2022-11-15 01-26.csv[39m 
21:27:11.673 .(Exporter.kt:133)               [main]           INFO  - writing [92m2022-11-15 06-44[39m 
21:27:11.674 .(Exporter.kt:166)               [main]           INFO  - writing to [34mC:\Users\nikky\.dj-session-export\VirtualDJ\2022\2022-11-15 06-44.txt[39m 
21:27:11.675 .(Exporter.kt:216)               [main]           INFO  - writing to [34mC:\Users\nikky\.dj-session-export\VirtualDJ\2022\2022-11-15 06-44.csv[39m 
21:27:11.676 .(Exporter.kt:133)               [main]           INFO  - writing [92m2022-11-17[39m 
21:27:11.677 .(Exporter.kt:166)               [main]           INFO  - writing to [34mC:\Users\nikky\.dj-session-export\VirtualDJ\2022\2022-11-17.txt[39m 
21:27:11.678 .(Exporter.kt:216)               [main]           INFO  - writing to [34mC:\Users\nikky\.dj-session-export\VirtualDJ\2022\2022-11-17.csv[39m 
21:27:11.679 .(Exporter.kt:133)               [main]           INFO  - writing [92m2022-11-17 00-27[39m 
21:27:11.680 .(Exporter.kt:166)               [main]           INFO  - writing to [34mC:\Users\nikky\.dj-session-export\VirtualDJ\2022\2022-11-17 00-27.txt[39m 
21:27:11.681 .(Exporter.kt:216)               [main]           INFO  - writing to [34mC:\Users\nikky\.dj-session-export\VirtualDJ\2022\2022-11-17 00-27.csv[39m 
21:27:11.682 .(Exporter.kt:133)               [main]           INFO  - writing [92m2022-11-17 01-58[39m 
21:27:11.683 .(Exporter.kt:166)               [main]           INFO  - writing to [34mC:\Users\nikky\.dj-session-export\VirtualDJ\2022\2022-11-17 01-58.txt[39m 
21:27:11.684 .(Exporter.kt:216)               [main]           INFO  - writing to [34mC:\Users\nikky\.dj-session-export\VirtualDJ\2022\2022-11-17 01-58.csv[39m 
21:27:11.684 .(Exporter.kt:133)               [main]           INFO  - writing [92m2022-11-17 06-02[39m 
21:27:11.685 .(Exporter.kt:166)               [main]           INFO  - writing to [34mC:\Users\nikky\.dj-session-export\VirtualDJ\2022\2022-11-17 06-02.txt[39m 
21:27:11.686 .(Exporter.kt:216)               [main]           INFO  - writing to [34mC:\Users\nikky\.dj-session-export\VirtualDJ\2022\2022-11-17 06-02.csv[39m 
21:27:11.687 .(Exporter.kt:133)               [main]           INFO  - writing [92m2022-11-17 06-22[39m 
21:27:11.689 .(Exporter.kt:166)               [main]           INFO  - writing to [34mC:\Users\nikky\.dj-session-export\VirtualDJ\2022\2022-11-17 06-22.txt[39m 
21:27:11.689 .(Exporter.kt:216)               [main]           INFO  - writing to [34mC:\Users\nikky\.dj-session-export\VirtualDJ\2022\2022-11-17 06-22.csv[39m 
21:27:11.690 .(Exporter.kt:133)               [main]           INFO  - writing [92m2022-11-18[39m 
21:27:11.692 .(Exporter.kt:166)               [main]           INFO  - writing to [34mC:\Users\nikky\.dj-session-export\VirtualDJ\2022\2022-11-18.txt[39m 
21:27:11.692 .(Exporter.kt:216)               [main]           INFO  - writing to [34mC:\Users\nikky\.dj-session-export\VirtualDJ\2022\2022-11-18.csv[39m 
21:27:11.694 .(Exporter.kt:133)               [main]           INFO  - writing [92m2022-11-18 08-02[39m 
21:27:11.694 .(Exporter.kt:166)               [main]           INFO  - writing to [34mC:\Users\nikky\.dj-session-export\VirtualDJ\2022\2022-11-18 08-02.txt[39m 
21:27:11.696 .(Exporter.kt:216)               [main]           INFO  - writing to [34mC:\Users\nikky\.dj-session-export\VirtualDJ\2022\2022-11-18 08-02.csv[39m 
21:27:11.696 .(Exporter.kt:133)               [main]           INFO  - writing [92m2022-11-18 08-51[39m 
21:27:11.697 .(Exporter.kt:166)               [main]           INFO  - writing to [34mC:\Users\nikky\.dj-session-export\VirtualDJ\2022\2022-11-18 08-51.txt[39m 
21:27:11.698 .(Exporter.kt:216)               [main]           INFO  - writing to [34mC:\Users\nikky\.dj-session-export\VirtualDJ\2022\2022-11-18 08-51.csv[39m 
21:27:11.699 .(Exporter.kt:133)               [main]           INFO  - writing [92m2022-11-18 09-10[39m 
21:27:11.699 .(Exporter.kt:166)               [main]           INFO  - writing to [34mC:\Users\nikky\.dj-session-export\VirtualDJ\2022\2022-11-18 09-10.txt[39m 
21:27:11.700 .(Exporter.kt:216)               [main]           INFO  - writing to [34mC:\Users\nikky\.dj-session-export\VirtualDJ\2022\2022-11-18 09-10.csv[39m 
21:27:11.702 .(Exporter.kt:133)               [main]           INFO  - writing [92m2022-11-18 23-43[39m 
21:27:11.703 .(Exporter.kt:166)               [main]           INFO  - writing to [34mC:\Users\nikky\.dj-session-export\VirtualDJ\2022\2022-11-18 23-43.txt[39m 
21:27:11.703 .(Exporter.kt:216)               [main]           INFO  - writing to [34mC:\Users\nikky\.dj-session-export\VirtualDJ\2022\2022-11-18 23-43.csv[39m 
21:27:11.704 .(Exporter.kt:133)               [main]           INFO  - writing [92m2022-11-19 01-25[39m 
21:27:11.705 .(Exporter.kt:166)               [main]           INFO  - writing to [34mC:\Users\nikky\.dj-session-export\VirtualDJ\2022\2022-11-19 01-25.txt[39m 
21:27:11.705 .(Exporter.kt:216)               [main]           INFO  - writing to [34mC:\Users\nikky\.dj-session-export\VirtualDJ\2022\2022-11-19 01-25.csv[39m 
21:27:11.707 .(Exporter.kt:133)               [main]           INFO  - writing [92m2022-11-19 01-55[39m 
21:27:11.708 .(Exporter.kt:166)               [main]           INFO  - writing to [34mC:\Users\nikky\.dj-session-export\VirtualDJ\2022\2022-11-19 01-55.txt[39m 
21:27:11.709 .(Exporter.kt:216)               [main]           INFO  - writing to [34mC:\Users\nikky\.dj-session-export\VirtualDJ\2022\2022-11-19 01-55.csv[39m 
21:27:11.710 .(Exporter.kt:133)               [main]           INFO  - writing [92m2022-11-19[39m 
21:27:11.710 .(Exporter.kt:166)               [main]           INFO  - writing to [34mC:\Users\nikky\.dj-session-export\VirtualDJ\2022\2022-11-19.txt[39m 
21:27:11.712 .(Exporter.kt:216)               [main]           INFO  - writing to [34mC:\Users\nikky\.dj-session-export\VirtualDJ\2022\2022-11-19.csv[39m 
21:27:11.712 .(Exporter.kt:133)               [main]           INFO  - writing [92m2022-11-20[39m 
21:27:11.713 .(Exporter.kt:166)               [main]           INFO  - writing to [34mC:\Users\nikky\.dj-session-export\VirtualDJ\2022\2022-11-20.txt[39m 
21:27:11.715 .(Exporter.kt:216)               [main]           INFO  - writing to [34mC:\Users\nikky\.dj-session-export\VirtualDJ\2022\2022-11-20.csv[39m 
21:27:11.715 .(Exporter.kt:133)               [main]           INFO  - writing [92m2022-11-20 10-36[39m 
21:27:11.716 .(Exporter.kt:166)               [main]           INFO  - writing to [34mC:\Users\nikky\.dj-session-export\VirtualDJ\2022\2022-11-20 10-36.txt[39m 
21:27:11.718 .(Exporter.kt:216)               [main]           INFO  - writing to [34mC:\Users\nikky\.dj-session-export\VirtualDJ\2022\2022-11-20 10-36.csv[39m 
21:27:11.718 .(Exporter.kt:133)               [main]           INFO  - writing [92m2022-11-21 02-13[39m 
21:27:11.719 .(Exporter.kt:166)               [main]           INFO  - writing to [34mC:\Users\nikky\.dj-session-export\VirtualDJ\2022\2022-11-21 02-13.txt[39m 
21:27:11.719 .(Exporter.kt:216)               [main]           INFO  - writing to [34mC:\Users\nikky\.dj-session-export\VirtualDJ\2022\2022-11-21 02-13.csv[39m 
21:27:11.721 .(Exporter.kt:133)               [main]           INFO  - writing [92m2022-11-22[39m 
21:27:11.722 .(Exporter.kt:166)               [main]           INFO  - writing to [34mC:\Users\nikky\.dj-session-export\VirtualDJ\2022\2022-11-22.txt[39m 
21:27:11.722 .(Exporter.kt:216)               [main]           INFO  - writing to [34mC:\Users\nikky\.dj-session-export\VirtualDJ\2022\2022-11-22.csv[39m 
21:27:11.724 .(Exporter.kt:133)               [main]           INFO  - writing [92m2022-11-25[39m 
21:27:11.725 .(Exporter.kt:166)               [main]           INFO  - writing to [34mC:\Users\nikky\.dj-session-export\VirtualDJ\2022\2022-11-25.txt[39m 
21:27:11.726 .(Exporter.kt:216)               [main]           INFO  - writing to [34mC:\Users\nikky\.dj-session-export\VirtualDJ\2022\2022-11-25.csv[39m 
21:27:11.726 .(Exporter.kt:133)               [main]           INFO  - writing [92m2022-11-30[39m 
21:27:11.727 .(Exporter.kt:166)               [main]           INFO  - writing to [34mC:\Users\nikky\.dj-session-export\VirtualDJ\2022\2022-11-30.txt[39m 
21:27:11.728 .(Exporter.kt:216)               [main]           INFO  - writing to [34mC:\Users\nikky\.dj-session-export\VirtualDJ\2022\2022-11-30.csv[39m 
21:27:11.729 .(Exporter.kt:133)               [main]           INFO  - writing [92m2022-12-02[39m 
21:27:11.729 .(Exporter.kt:166)               [main]           INFO  - writing to [34mC:\Users\nikky\.dj-session-export\VirtualDJ\2022\2022-12-02.txt[39m 
21:27:11.731 .(Exporter.kt:216)               [main]           INFO  - writing to [34mC:\Users\nikky\.dj-session-export\VirtualDJ\2022\2022-12-02.csv[39m 
21:27:11.731 .(Exporter.kt:133)               [main]           INFO  - writing [92m2022-12-03[39m 
21:27:11.732 .(Exporter.kt:166)               [main]           INFO  - writing to [34mC:\Users\nikky\.dj-session-export\VirtualDJ\2022\2022-12-03.txt[39m 
21:27:11.733 .(Exporter.kt:216)               [main]           INFO  - writing to [34mC:\Users\nikky\.dj-session-export\VirtualDJ\2022\2022-12-03.csv[39m 
21:27:11.734 .(Exporter.kt:133)               [main]           INFO  - writing [92m2022-12-03 09-00[39m 
21:27:11.736 .(Exporter.kt:166)               [main]           INFO  - writing to [34mC:\Users\nikky\.dj-session-export\VirtualDJ\2022\2022-12-03 09-00.txt[39m 
21:27:11.736 .(Exporter.kt:216)               [main]           INFO  - writing to [34mC:\Users\nikky\.dj-session-export\VirtualDJ\2022\2022-12-03 09-00.csv[39m 
21:27:11.737 .(Exporter.kt:133)               [main]           INFO  - writing [92m2022-12-03 10-20[39m 
21:27:11.739 .(Exporter.kt:166)               [main]           INFO  - writing to [34mC:\Users\nikky\.dj-session-export\VirtualDJ\2022\2022-12-03 10-20.txt[39m 
21:27:11.740 .(Exporter.kt:216)               [main]           INFO  - writing to [34mC:\Users\nikky\.dj-session-export\VirtualDJ\2022\2022-12-03 10-20.csv[39m 
21:27:11.740 .(Exporter.kt:133)               [main]           INFO  - writing [92m2022-12-04 02-17[39m 
21:27:11.742 .(Exporter.kt:166)               [main]           INFO  - writing to [34mC:\Users\nikky\.dj-session-export\VirtualDJ\2022\2022-12-04 02-17.txt[39m 
21:27:11.743 .(Exporter.kt:216)               [main]           INFO  - writing to [34mC:\Users\nikky\.dj-session-export\VirtualDJ\2022\2022-12-04 02-17.csv[39m 
21:27:11.745 .(Exporter.kt:133)               [main]           INFO  - writing [92m2022-12-04 02-38[39m 
21:27:11.746 .(Exporter.kt:166)               [main]           INFO  - writing to [34mC:\Users\nikky\.dj-session-export\VirtualDJ\2022\2022-12-04 02-38.txt[39m 
21:27:11.746 .(Exporter.kt:216)               [main]           INFO  - writing to [34mC:\Users\nikky\.dj-session-export\VirtualDJ\2022\2022-12-04 02-38.csv[39m 
21:27:11.747 .(Exporter.kt:133)               [main]           INFO  - writing [92m2022-12-04[39m 
21:27:11.749 .(Exporter.kt:166)               [main]           INFO  - writing to [34mC:\Users\nikky\.dj-session-export\VirtualDJ\2022\2022-12-04.txt[39m 
21:27:11.750 .(Exporter.kt:216)               [main]           INFO  - writing to [34mC:\Users\nikky\.dj-session-export\VirtualDJ\2022\2022-12-04.csv[39m 
21:27:11.751 .(Exporter.kt:133)               [main]           INFO  - writing [92m2022-12-04 12-09[39m 
21:27:11.752 .(Exporter.kt:166)               [main]           INFO  - writing to [34mC:\Users\nikky\.dj-session-export\VirtualDJ\2022\2022-12-04 12-09.txt[39m 
21:27:11.753 .(Exporter.kt:216)               [main]           INFO  - writing to [34mC:\Users\nikky\.dj-session-export\VirtualDJ\2022\2022-12-04 12-09.csv[39m 
21:27:11.754 .(Exporter.kt:133)               [main]           INFO  - writing [92m2022-12-04 13-11[39m 
21:27:11.755 .(Exporter.kt:166)               [main]           INFO  - writing to [34mC:\Users\nikky\.dj-session-export\VirtualDJ\2022\2022-12-04 13-11.txt[39m 
21:27:11.756 .(Exporter.kt:216)               [main]           INFO  - writing to [34mC:\Users\nikky\.dj-session-export\VirtualDJ\2022\2022-12-04 13-11.csv[39m 
21:27:11.756 .(Exporter.kt:133)               [main]           INFO  - writing [92m2022-12-04 13-56[39m 
21:27:11.757 .(Exporter.kt:166)               [main]           INFO  - writing to [34mC:\Users\nikky\.dj-session-export\VirtualDJ\2022\2022-12-04 13-56.txt[39m 
21:27:11.759 .(Exporter.kt:216)               [main]           INFO  - writing to [34mC:\Users\nikky\.dj-session-export\VirtualDJ\2022\2022-12-04 13-56.csv[39m 
21:27:11.759 .(Exporter.kt:133)               [main]           INFO  - writing [92m2022-12-05[39m 
21:27:11.760 .(Exporter.kt:166)               [main]           INFO  - writing to [34mC:\Users\nikky\.dj-session-export\VirtualDJ\2022\2022-12-05.txt[39m 
21:27:11.762 .(Exporter.kt:216)               [main]           INFO  - writing to [34mC:\Users\nikky\.dj-session-export\VirtualDJ\2022\2022-12-05.csv[39m 
21:27:11.763 .(Exporter.kt:133)               [main]           INFO  - writing [92m2022-12-05 03-38[39m 
21:27:11.763 .(Exporter.kt:166)               [main]           INFO  - writing to [34mC:\Users\nikky\.dj-session-export\VirtualDJ\2022\2022-12-05 03-38.txt[39m 
21:27:11.765 .(Exporter.kt:216)               [main]           INFO  - writing to [34mC:\Users\nikky\.dj-session-export\VirtualDJ\2022\2022-12-05 03-38.csv[39m 
21:27:11.766 .(Exporter.kt:133)               [main]           INFO  - writing [92m2022-12-05 04-05[39m 
21:27:11.768 .(Exporter.kt:166)               [main]           INFO  - writing to [34mC:\Users\nikky\.dj-session-export\VirtualDJ\2022\2022-12-05 04-05.txt[39m 
21:27:11.769 .(Exporter.kt:216)               [main]           INFO  - writing to [34mC:\Users\nikky\.dj-session-export\VirtualDJ\2022\2022-12-05 04-05.csv[39m 
21:27:11.770 .(Exporter.kt:133)               [main]           INFO  - writing [92m2022-12-07[39m 
21:27:11.772 .(Exporter.kt:166)               [main]           INFO  - writing to [34mC:\Users\nikky\.dj-session-export\VirtualDJ\2022\2022-12-07.txt[39m 
21:27:11.772 .(Exporter.kt:216)               [main]           INFO  - writing to [34mC:\Users\nikky\.dj-session-export\VirtualDJ\2022\2022-12-07.csv[39m 
21:27:11.774 .(Exporter.kt:133)               [main]           INFO  - writing [92m2022-12-08[39m 
21:27:11.775 .(Exporter.kt:166)               [main]           INFO  - writing to [34mC:\Users\nikky\.dj-session-export\VirtualDJ\2022\2022-12-08.txt[39m 
21:27:11.776 .(Exporter.kt:216)               [main]           INFO  - writing to [34mC:\Users\nikky\.dj-session-export\VirtualDJ\2022\2022-12-08.csv[39m 
21:27:11.776 .(Exporter.kt:133)               [main]           INFO  - writing [92m2022-12-19[39m 
21:27:11.778 .(Exporter.kt:166)               [main]           INFO  - writing to [34mC:\Users\nikky\.dj-session-export\VirtualDJ\2022\2022-12-19.txt[39m 
21:27:11.778 .(Exporter.kt:216)               [main]           INFO  - writing to [34mC:\Users\nikky\.dj-session-export\VirtualDJ\2022\2022-12-19.csv[39m 
21:27:11.779 .(Exporter.kt:133)               [main]           INFO  - writing [92m2022-12-22[39m 
21:27:11.781 .(Exporter.kt:166)               [main]           INFO  - writing to [34mC:\Users\nikky\.dj-session-export\VirtualDJ\2022\2022-12-22.txt[39m 
21:27:11.782 .(Exporter.kt:216)               [main]           INFO  - writing to [34mC:\Users\nikky\.dj-session-export\VirtualDJ\2022\2022-12-22.csv[39m 
21:27:11.782 .(Exporter.kt:133)               [main]           INFO  - writing [92m2022-12-27[39m 
21:27:11.784 .(Exporter.kt:166)               [main]           INFO  - writing to [34mC:\Users\nikky\.dj-session-export\VirtualDJ\2022\2022-12-27.txt[39m 
21:27:11.785 .(Exporter.kt:216)               [main]           INFO  - writing to [34mC:\Users\nikky\.dj-session-export\VirtualDJ\2022\2022-12-27.csv[39m 
21:27:11.786 .(Exporter.kt:133)               [main]           INFO  - writing [92m2022-12-28[39m 
21:27:11.787 .(Exporter.kt:166)               [main]           INFO  - writing to [34mC:\Users\nikky\.dj-session-export\VirtualDJ\2022\2022-12-28.txt[39m 
21:27:11.788 .(Exporter.kt:216)               [main]           INFO  - writing to [34mC:\Users\nikky\.dj-session-export\VirtualDJ\2022\2022-12-28.csv[39m 
21:27:11.789 .(Exporter.kt:133)               [main]           INFO  - writing [92m2022-12-28 03-03[39m 
21:27:11.790 .(Exporter.kt:166)               [main]           INFO  - writing to [34mC:\Users\nikky\.dj-session-export\VirtualDJ\2022\2022-12-28 03-03.txt[39m 
21:27:11.791 .(Exporter.kt:216)               [main]           INFO  - writing to [34mC:\Users\nikky\.dj-session-export\VirtualDJ\2022\2022-12-28 03-03.csv[39m 
21:27:11.792 .(Exporter.kt:133)               [main]           INFO  - writing [92m2022-12-28 04-32[39m 
21:27:11.793 .(Exporter.kt:166)               [main]           INFO  - writing to [34mC:\Users\nikky\.dj-session-export\VirtualDJ\2022\2022-12-28 04-32.txt[39m 
21:27:11.794 .(Exporter.kt:216)               [main]           INFO  - writing to [34mC:\Users\nikky\.dj-session-export\VirtualDJ\2022\2022-12-28 04-32.csv[39m 
21:27:11.794 .(Exporter.kt:133)               [main]           INFO  - writing [92m2022-12-29[39m 
21:27:11.796 .(Exporter.kt:166)               [main]           INFO  - writing to [34mC:\Users\nikky\.dj-session-export\VirtualDJ\2022\2022-12-29.txt[39m 
21:27:11.797 .(Exporter.kt:216)               [main]           INFO  - writing to [34mC:\Users\nikky\.dj-session-export\VirtualDJ\2022\2022-12-29.csv[39m 
21:27:11.798 .(Exporter.kt:133)               [main]           INFO  - writing [92m2023-01-01[39m 
21:27:11.799 .(Exporter.kt:166)               [main]           INFO  - writing to [34mC:\Users\nikky\.dj-session-export\VirtualDJ\2023\2023-01-01.txt[39m 
21:27:11.800 .(Exporter.kt:216)               [main]           INFO  - writing to [34mC:\Users\nikky\.dj-session-export\VirtualDJ\2023\2023-01-01.csv[39m 
21:27:11.800 .(Exporter.kt:133)               [main]           INFO  - writing [92m2023-01-02[39m 
21:27:11.802 .(Exporter.kt:166)               [main]           INFO  - writing to [34mC:\Users\nikky\.dj-session-export\VirtualDJ\2023\2023-01-02.txt[39m 
21:27:11.803 .(Exporter.kt:216)               [main]           INFO  - writing to [34mC:\Users\nikky\.dj-session-export\VirtualDJ\2023\2023-01-02.csv[39m 
21:27:11.804 .(Exporter.kt:133)               [main]           INFO  - writing [92m2023-01-03[39m 
21:27:11.806 .(Exporter.kt:166)               [main]           INFO  - writing to [34mC:\Users\nikky\.dj-session-export\VirtualDJ\2023\2023-01-03.txt[39m 
21:27:11.807 .(Exporter.kt:216)               [main]           INFO  - writing to [34mC:\Users\nikky\.dj-session-export\VirtualDJ\2023\2023-01-03.csv[39m 
21:27:11.808 .(Exporter.kt:133)               [main]           INFO  - writing [92m2023-01-03 08-00[39m 
21:27:11.809 .(Exporter.kt:166)               [main]           INFO  - writing to [34mC:\Users\nikky\.dj-session-export\VirtualDJ\2023\2023-01-03 08-00.txt[39m 
21:27:11.811 .(Exporter.kt:216)               [main]           INFO  - writing to [34mC:\Users\nikky\.dj-session-export\VirtualDJ\2023\2023-01-03 08-00.csv[39m 
21:27:11.812 .(Exporter.kt:133)               [main]           INFO  - writing [92m2023-01-03 23-46[39m 
21:27:11.812 .(Exporter.kt:166)               [main]           INFO  - writing to [34mC:\Users\nikky\.dj-session-export\VirtualDJ\2023\2023-01-03 23-46.txt[39m 
21:27:11.813 .(Exporter.kt:216)               [main]           INFO  - writing to [34mC:\Users\nikky\.dj-session-export\VirtualDJ\2023\2023-01-03 23-46.csv[39m 
21:27:11.815 .(Exporter.kt:133)               [main]           INFO  - writing [92m2023-01-04 03-36[39m 
21:27:11.816 .(Exporter.kt:166)               [main]           INFO  - writing to [34mC:\Users\nikky\.dj-session-export\VirtualDJ\2023\2023-01-04 03-36.txt[39m 
21:27:11.817 .(Exporter.kt:216)               [main]           INFO  - writing to [34mC:\Users\nikky\.dj-session-export\VirtualDJ\2023\2023-01-04 03-36.csv[39m 
21:27:11.818 .(Exporter.kt:133)               [main]           INFO  - writing [92m2023-01-10[39m 
21:27:11.819 .(Exporter.kt:166)               [main]           INFO  - writing to [34mC:\Users\nikky\.dj-session-export\VirtualDJ\2023\2023-01-10.txt[39m 
21:27:11.821 .(Exporter.kt:216)               [main]           INFO  - writing to [34mC:\Users\nikky\.dj-session-export\VirtualDJ\2023\2023-01-10.csv[39m 
21:27:11.822 .(Exporter.kt:133)               [main]           INFO  - writing [92m2023-01-10 20-46[39m 
21:27:11.823 .(Exporter.kt:166)               [main]           INFO  - writing to [34mC:\Users\nikky\.dj-session-export\VirtualDJ\2023\2023-01-10 20-46.txt[39m 
21:27:11.824 .(Exporter.kt:216)               [main]           INFO  - writing to [34mC:\Users\nikky\.dj-session-export\VirtualDJ\2023\2023-01-10 20-46.csv[39m 
21:27:11.825 .(Exporter.kt:133)               [main]           INFO  - writing [92m2023-01-10 21-09[39m 
21:27:11.826 .(Exporter.kt:166)               [main]           INFO  - writing to [34mC:\Users\nikky\.dj-session-export\VirtualDJ\2023\2023-01-10 21-09.txt[39m 
21:27:11.828 .(Exporter.kt:216)               [main]           INFO  - writing to [34mC:\Users\nikky\.dj-session-export\VirtualDJ\2023\2023-01-10 21-09.csv[39m 
21:27:11.828 .(Exporter.kt:133)               [main]           INFO  - writing [92m2023-01-11 00-03[39m 
21:27:11.830 .(Exporter.kt:166)               [main]           INFO  - writing to [34mC:\Users\nikky\.dj-session-export\VirtualDJ\2023\2023-01-11 00-03.txt[39m 
21:27:11.830 .(Exporter.kt:216)               [main]           INFO  - writing to [34mC:\Users\nikky\.dj-session-export\VirtualDJ\2023\2023-01-11 00-03.csv[39m 
21:27:11.832 .(Exporter.kt:133)               [main]           INFO  - writing [92m2023-01-16[39m 
21:27:11.833 .(Exporter.kt:166)               [main]           INFO  - writing to [34mC:\Users\nikky\.dj-session-export\VirtualDJ\2023\2023-01-16.txt[39m 
21:27:11.834 .(Exporter.kt:216)               [main]           INFO  - writing to [34mC:\Users\nikky\.dj-session-export\VirtualDJ\2023\2023-01-16.csv[39m 
21:27:11.835 .(Exporter.kt:133)               [main]           INFO  - writing [92m2023-01-18[39m 
21:27:11.836 .(Exporter.kt:166)               [main]           INFO  - writing to [34mC:\Users\nikky\.dj-session-export\VirtualDJ\2023\2023-01-18.txt[39m 
21:27:11.838 .(Exporter.kt:216)               [main]           INFO  - writing to [34mC:\Users\nikky\.dj-session-export\VirtualDJ\2023\2023-01-18.csv[39m 
21:27:11.839 .(Exporter.kt:133)               [main]           INFO  - writing [92m2023-01-18 21-30[39m 
21:27:11.841 .(Exporter.kt:166)               [main]           INFO  - writing to [34mC:\Users\nikky\.dj-session-export\VirtualDJ\2023\2023-01-18 21-30.txt[39m 
21:27:11.842 .(Exporter.kt:216)               [main]           INFO  - writing to [34mC:\Users\nikky\.dj-session-export\VirtualDJ\2023\2023-01-18 21-30.csv[39m 
21:27:11.842 .(Exporter.kt:133)               [main]           INFO  - writing [92m2023-01-18 22-00[39m 
21:27:11.844 .(Exporter.kt:166)               [main]           INFO  - writing to [34mC:\Users\nikky\.dj-session-export\VirtualDJ\2023\2023-01-18 22-00.txt[39m 
21:27:11.845 .(Exporter.kt:216)               [main]           INFO  - writing to [34mC:\Users\nikky\.dj-session-export\VirtualDJ\2023\2023-01-18 22-00.csv[39m 
21:27:11.846 .(Exporter.kt:133)               [main]           INFO  - writing [92m2023-01-18 23-46[39m 
21:27:11.846 .(Exporter.kt:166)               [main]           INFO  - writing to [34mC:\Users\nikky\.dj-session-export\VirtualDJ\2023\2023-01-18 23-46.txt[39m 
21:27:11.848 .(Exporter.kt:216)               [main]           INFO  - writing to [34mC:\Users\nikky\.dj-session-export\VirtualDJ\2023\2023-01-18 23-46.csv[39m 
21:27:11.848 .(Exporter.kt:133)               [main]           INFO  - writing [92m2023-01-19 00-45[39m 
21:27:11.849 .(Exporter.kt:166)               [main]           INFO  - writing to [34mC:\Users\nikky\.dj-session-export\VirtualDJ\2023\2023-01-19 00-45.txt[39m 
21:27:11.850 .(Exporter.kt:216)               [main]           INFO  - writing to [34mC:\Users\nikky\.dj-session-export\VirtualDJ\2023\2023-01-19 00-45.csv[39m 
21:27:11.852 .(Exporter.kt:133)               [main]           INFO  - writing [92m2023-01-19[39m 
21:27:11.852 .(Exporter.kt:166)               [main]           INFO  - writing to [34mC:\Users\nikky\.dj-session-export\VirtualDJ\2023\2023-01-19.txt[39m 
21:27:11.854 .(Exporter.kt:216)               [main]           INFO  - writing to [34mC:\Users\nikky\.dj-session-export\VirtualDJ\2023\2023-01-19.csv[39m 
21:27:11.855 .(Exporter.kt:133)               [main]           INFO  - writing [92m2023-01-21[39m 
21:27:11.856 .(Exporter.kt:166)               [main]           INFO  - writing to [34mC:\Users\nikky\.dj-session-export\VirtualDJ\2023\2023-01-21.txt[39m 
21:27:11.857 .(Exporter.kt:216)               [main]           INFO  - writing to [34mC:\Users\nikky\.dj-session-export\VirtualDJ\2023\2023-01-21.csv[39m 
21:27:11.858 .(Exporter.kt:133)               [main]           INFO  - writing [92m2023-01-21 20-30[39m 
21:27:11.858 .(Exporter.kt:166)               [main]           INFO  - writing to [34mC:\Users\nikky\.dj-session-export\VirtualDJ\2023\2023-01-21 20-30.txt[39m 
21:27:11.859 .(Exporter.kt:216)               [main]           INFO  - writing to [34mC:\Users\nikky\.dj-session-export\VirtualDJ\2023\2023-01-21 20-30.csv[39m 
21:27:11.860 .(Exporter.kt:133)               [main]           INFO  - writing [92m2023-01-21 20-54[39m 
21:27:11.860 .(Exporter.kt:166)               [main]           INFO  - writing to [34mC:\Users\nikky\.dj-session-export\VirtualDJ\2023\2023-01-21 20-54.txt[39m 
21:27:11.862 .(Exporter.kt:216)               [main]           INFO  - writing to [34mC:\Users\nikky\.dj-session-export\VirtualDJ\2023\2023-01-21 20-54.csv[39m 
21:27:11.862 .(Exporter.kt:133)               [main]           INFO  - writing [92m2023-01-25[39m 
21:27:11.863 .(Exporter.kt:166)               [main]           INFO  - writing to [34mC:\Users\nikky\.dj-session-export\VirtualDJ\2023\2023-01-25.txt[39m 
21:27:11.865 .(Exporter.kt:216)               [main]           INFO  - writing to [34mC:\Users\nikky\.dj-session-export\VirtualDJ\2023\2023-01-25.csv[39m 
21:27:11.865 .(Exporter.kt:133)               [main]           INFO  - writing [92m2023-01-25 17-23[39m 
21:27:11.866 .(Exporter.kt:166)               [main]           INFO  - writing to [34mC:\Users\nikky\.dj-session-export\VirtualDJ\2023\2023-01-25 17-23.txt[39m 
21:27:11.867 .(Exporter.kt:216)               [main]           INFO  - writing to [34mC:\Users\nikky\.dj-session-export\VirtualDJ\2023\2023-01-25 17-23.csv[39m 
21:27:11.868 .(Exporter.kt:133)               [main]           INFO  - writing [92m2023-01-25 17-43[39m 
21:27:11.869 .(Exporter.kt:166)               [main]           INFO  - writing to [34mC:\Users\nikky\.dj-session-export\VirtualDJ\2023\2023-01-25 17-43.txt[39m 
21:27:11.870 .(Exporter.kt:216)               [main]           INFO  - writing to [34mC:\Users\nikky\.dj-session-export\VirtualDJ\2023\2023-01-25 17-43.csv[39m 
21:27:11.871 .(Exporter.kt:133)               [main]           INFO  - writing [92m2023-01-25 18-42[39m 
21:27:11.872 .(Exporter.kt:166)               [main]           INFO  - writing to [34mC:\Users\nikky\.dj-session-export\VirtualDJ\2023\2023-01-25 18-42.txt[39m 
21:27:11.873 .(Exporter.kt:216)               [main]           INFO  - writing to [34mC:\Users\nikky\.dj-session-export\VirtualDJ\2023\2023-01-25 18-42.csv[39m 
21:27:11.874 .(Exporter.kt:133)               [main]           INFO  - writing [92m2023-01-25 20-02[39m 
21:27:11.875 .(Exporter.kt:166)               [main]           INFO  - writing to [34mC:\Users\nikky\.dj-session-export\VirtualDJ\2023\2023-01-25 20-02.txt[39m 
21:27:11.876 .(Exporter.kt:216)               [main]           INFO  - writing to [34mC:\Users\nikky\.dj-session-export\VirtualDJ\2023\2023-01-25 20-02.csv[39m 
21:27:11.876 .(Exporter.kt:133)               [main]           INFO  - writing [92m2023-01-26[39m 
21:27:11.878 .(Exporter.kt:166)               [main]           INFO  - writing to [34mC:\Users\nikky\.dj-session-export\VirtualDJ\2023\2023-01-26.txt[39m 
21:27:11.878 .(Exporter.kt:216)               [main]           INFO  - writing to [34mC:\Users\nikky\.dj-session-export\VirtualDJ\2023\2023-01-26.csv[39m 
21:27:11.879 .(Exporter.kt:133)               [main]           INFO  - writing [92m2023-01-27[39m 
21:27:11.880 .(Exporter.kt:166)               [main]           INFO  - writing to [34mC:\Users\nikky\.dj-session-export\VirtualDJ\2023\2023-01-27.txt[39m 
21:27:11.881 .(Exporter.kt:216)               [main]           INFO  - writing to [34mC:\Users\nikky\.dj-session-export\VirtualDJ\2023\2023-01-27.csv[39m 
21:27:11.882 .(Exporter.kt:133)               [main]           INFO  - writing [92m2023-01-29[39m 
21:27:11.882 .(Exporter.kt:166)               [main]           INFO  - writing to [34mC:\Users\nikky\.dj-session-export\VirtualDJ\2023\2023-01-29.txt[39m 
21:27:11.884 .(Exporter.kt:216)               [main]           INFO  - writing to [34mC:\Users\nikky\.dj-session-export\VirtualDJ\2023\2023-01-29.csv[39m 
21:27:11.884 .(Exporter.kt:133)               [main]           INFO  - writing [92m2023-01-29[39m 
21:27:11.885 .(Exporter.kt:166)               [main]           INFO  - writing to [34mC:\Users\nikky\.dj-session-export\VirtualDJ\2023\2023-01-29.txt[39m 
21:27:11.886 .(Exporter.kt:216)               [main]           INFO  - writing to [34mC:\Users\nikky\.dj-session-export\VirtualDJ\2023\2023-01-29.csv[39m 
21:27:11.886 .(Exporter.kt:133)               [main]           INFO  - writing [92m2023-01-29 19-06[39m 
21:27:11.888 .(Exporter.kt:166)               [main]           INFO  - writing to [34mC:\Users\nikky\.dj-session-export\VirtualDJ\2023\2023-01-29 19-06.txt[39m 
21:27:11.888 .(Exporter.kt:216)               [main]           INFO  - writing to [34mC:\Users\nikky\.dj-session-export\VirtualDJ\2023\2023-01-29 19-06.csv[39m 
21:27:11.889 .(Exporter.kt:133)               [main]           INFO  - writing [92m2023-01-29 19-46[39m 
21:27:11.889 .(Exporter.kt:166)               [main]           INFO  - writing to [34mC:\Users\nikky\.dj-session-export\VirtualDJ\2023\2023-01-29 19-46.txt[39m 
21:27:11.891 .(Exporter.kt:216)               [main]           INFO  - writing to [34mC:\Users\nikky\.dj-session-export\VirtualDJ\2023\2023-01-29 19-46.csv[39m 
21:27:11.891 .(Exporter.kt:133)               [main]           INFO  - writing [92m2023-01-29 20-45[39m 
21:27:11.892 .(Exporter.kt:166)               [main]           INFO  - writing to [34mC:\Users\nikky\.dj-session-export\VirtualDJ\2023\2023-01-29 20-45.txt[39m 
21:27:11.893 .(Exporter.kt:216)               [main]           INFO  - writing to [34mC:\Users\nikky\.dj-session-export\VirtualDJ\2023\2023-01-29 20-45.csv[39m 
21:27:11.894 .(Exporter.kt:133)               [main]           INFO  - writing [92m2023-01-29 22-17[39m 
21:27:11.895 .(Exporter.kt:166)               [main]           INFO  - writing to [34mC:\Users\nikky\.dj-session-export\VirtualDJ\2023\2023-01-29 22-17.txt[39m 
21:27:11.896 .(Exporter.kt:216)               [main]           INFO  - writing to [34mC:\Users\nikky\.dj-session-export\VirtualDJ\2023\2023-01-29 22-17.csv[39m 
21:27:11.896 .(Exporter.kt:133)               [main]           INFO  - writing [92m2023-01-29 23-17[39m 
21:27:11.898 .(Exporter.kt:166)               [main]           INFO  - writing to [34mC:\Users\nikky\.dj-session-export\VirtualDJ\2023\2023-01-29 23-17.txt[39m 
21:27:11.899 .(Exporter.kt:216)               [main]           INFO  - writing to [34mC:\Users\nikky\.dj-session-export\VirtualDJ\2023\2023-01-29 23-17.csv[39m 
21:27:11.899 .(Exporter.kt:133)               [main]           INFO  - writing [92m2023-01-29 23-35[39m 
21:27:11.900 .(Exporter.kt:166)               [main]           INFO  - writing to [34mC:\Users\nikky\.dj-session-export\VirtualDJ\2023\2023-01-29 23-35.txt[39m 
21:27:11.901 .(Exporter.kt:216)               [main]           INFO  - writing to [34mC:\Users\nikky\.dj-session-export\VirtualDJ\2023\2023-01-29 23-35.csv[39m 
21:27:11.901 .(Exporter.kt:133)               [main]           INFO  - writing [92m2023-01-31[39m 
21:27:11.903 .(Exporter.kt:166)               [main]           INFO  - writing to [34mC:\Users\nikky\.dj-session-export\VirtualDJ\2023\2023-01-31.txt[39m 
21:27:11.904 .(Exporter.kt:216)               [main]           INFO  - writing to [34mC:\Users\nikky\.dj-session-export\VirtualDJ\2023\2023-01-31.csv[39m 
21:27:11.905 .(Exporter.kt:133)               [main]           INFO  - writing [92m2023-02-01[39m 
21:27:11.906 .(Exporter.kt:166)               [main]           INFO  - writing to [34mC:\Users\nikky\.dj-session-export\VirtualDJ\2023\2023-02-01.txt[39m 
21:27:11.906 .(Exporter.kt:216)               [main]           INFO  - writing to [34mC:\Users\nikky\.dj-session-export\VirtualDJ\2023\2023-02-01.csv[39m 
21:27:11.908 .(Exporter.kt:133)               [main]           INFO  - writing [92m2023-02-02[39m 
21:27:11.908 .(Exporter.kt:166)               [main]           INFO  - writing to [34mC:\Users\nikky\.dj-session-export\VirtualDJ\2023\2023-02-02.txt[39m 
21:27:11.909 .(Exporter.kt:216)               [main]           INFO  - writing to [34mC:\Users\nikky\.dj-session-export\VirtualDJ\2023\2023-02-02.csv[39m 
21:27:11.910 .(Exporter.kt:133)               [main]           INFO  - writing [92m2023-02-02 00-42[39m 
21:27:11.911 .(Exporter.kt:166)               [main]           INFO  - writing to [34mC:\Users\nikky\.dj-session-export\VirtualDJ\2023\2023-02-02 00-42.txt[39m 
21:27:11.912 .(Exporter.kt:216)               [main]           INFO  - writing to [34mC:\Users\nikky\.dj-session-export\VirtualDJ\2023\2023-02-02 00-42.csv[39m 
21:27:11.912 .(Exporter.kt:133)               [main]           INFO  - writing [92m2023-02-02 00-58[39m 
21:27:11.913 .(Exporter.kt:166)               [main]           INFO  - writing to [34mC:\Users\nikky\.dj-session-export\VirtualDJ\2023\2023-02-02 00-58.txt[39m 
21:27:11.914 .(Exporter.kt:216)               [main]           INFO  - writing to [34mC:\Users\nikky\.dj-session-export\VirtualDJ\2023\2023-02-02 00-58.csv[39m 
21:27:11.915 .(Exporter.kt:133)               [main]           INFO  - writing [92m2023-02-05[39m 
21:27:11.916 .(Exporter.kt:166)               [main]           INFO  - writing to [34mC:\Users\nikky\.dj-session-export\VirtualDJ\2023\2023-02-05.txt[39m 
21:27:11.916 .(Exporter.kt:216)               [main]           INFO  - writing to [34mC:\Users\nikky\.dj-session-export\VirtualDJ\2023\2023-02-05.csv[39m 
21:27:11.918 .(Exporter.kt:133)               [main]           INFO  - writing [92m2023-02-05 21-14[39m 
21:27:11.918 .(Exporter.kt:166)               [main]           INFO  - writing to [34mC:\Users\nikky\.dj-session-export\VirtualDJ\2023\2023-02-05 21-14.txt[39m 
21:27:11.919 .(Exporter.kt:216)               [main]           INFO  - writing to [34mC:\Users\nikky\.dj-session-export\VirtualDJ\2023\2023-02-05 21-14.csv[39m 
21:27:11.920 .(Exporter.kt:133)               [main]           INFO  - writing [92m2023-02-06 06-03[39m 
21:27:11.921 .(Exporter.kt:166)               [main]           INFO  - writing to [34mC:\Users\nikky\.dj-session-export\VirtualDJ\2023\2023-02-06 06-03.txt[39m 
21:27:11.922 .(Exporter.kt:216)               [main]           INFO  - writing to [34mC:\Users\nikky\.dj-session-export\VirtualDJ\2023\2023-02-06 06-03.csv[39m 
21:27:11.923 .(Exporter.kt:133)               [main]           INFO  - writing [92m2023-02-06 06-57[39m 
21:27:11.923 .(Exporter.kt:166)               [main]           INFO  - writing to [34mC:\Users\nikky\.dj-session-export\VirtualDJ\2023\2023-02-06 06-57.txt[39m 
21:27:11.924 .(Exporter.kt:216)               [main]           INFO  - writing to [34mC:\Users\nikky\.dj-session-export\VirtualDJ\2023\2023-02-06 06-57.csv[39m 
21:27:11.925 .(Exporter.kt:133)               [main]           INFO  - writing [92m2023-02-07[39m 
21:27:11.926 .(Exporter.kt:166)               [main]           INFO  - writing to [34mC:\Users\nikky\.dj-session-export\VirtualDJ\2023\2023-02-07.txt[39m 
21:27:11.927 .(Exporter.kt:216)               [main]           INFO  - writing to [34mC:\Users\nikky\.dj-session-export\VirtualDJ\2023\2023-02-07.csv[39m 
21:27:11.928 .(Exporter.kt:133)               [main]           INFO  - writing [92m2023-02-11[39m 
21:27:11.929 .(Exporter.kt:166)               [main]           INFO  - writing to [34mC:\Users\nikky\.dj-session-export\VirtualDJ\2023\2023-02-11.txt[39m 
21:27:11.930 .(Exporter.kt:216)               [main]           INFO  - writing to [34mC:\Users\nikky\.dj-session-export\VirtualDJ\2023\2023-02-11.csv[39m 
21:27:11.931 .(Exporter.kt:133)               [main]           INFO  - writing [92m2023-02-12[39m 
21:27:11.932 .(Exporter.kt:166)               [main]           INFO  - writing to [34mC:\Users\nikky\.dj-session-export\VirtualDJ\2023\2023-02-12.txt[39m 
21:27:11.933 .(Exporter.kt:216)               [main]           INFO  - writing to [34mC:\Users\nikky\.dj-session-export\VirtualDJ\2023\2023-02-12.csv[39m 
21:27:11.933 .(Exporter.kt:133)               [main]           INFO  - writing [92m2023-02-14[39m 
21:27:11.935 .(Exporter.kt:166)               [main]           INFO  - writing to [34mC:\Users\nikky\.dj-session-export\VirtualDJ\2023\2023-02-14.txt[39m 
21:27:11.936 .(Exporter.kt:216)               [main]           INFO  - writing to [34mC:\Users\nikky\.dj-session-export\VirtualDJ\2023\2023-02-14.csv[39m 
21:27:11.936 .(Exporter.kt:133)               [main]           INFO  - writing [92m2023-02-15[39m 
21:27:11.938 .(Exporter.kt:166)               [main]           INFO  - writing to [34mC:\Users\nikky\.dj-session-export\VirtualDJ\2023\2023-02-15.txt[39m 
21:27:11.939 .(Exporter.kt:216)               [main]           INFO  - writing to [34mC:\Users\nikky\.dj-session-export\VirtualDJ\2023\2023-02-15.csv[39m 
21:27:11.939 .(Exporter.kt:133)               [main]           INFO  - writing [92m2023-02-16[39m 
21:27:11.946 .(Exporter.kt:166)               [main]           INFO  - writing to [34mC:\Users\nikky\.dj-session-export\VirtualDJ\2023\2023-02-16.txt[39m 
21:27:11.947 .(Exporter.kt:216)               [main]           INFO  - writing to [34mC:\Users\nikky\.dj-session-export\VirtualDJ\2023\2023-02-16.csv[39m 
21:27:11.948 .(Exporter.kt:133)               [main]           INFO  - writing [92m2023-02-16 23-25[39m 
21:27:11.949 .(Exporter.kt:166)               [main]           INFO  - writing to [34mC:\Users\nikky\.dj-session-export\VirtualDJ\2023\2023-02-16 23-25.txt[39m 
21:27:11.950 .(Exporter.kt:216)               [main]           INFO  - writing to [34mC:\Users\nikky\.dj-session-export\VirtualDJ\2023\2023-02-16 23-25.csv[39m 
21:27:11.951 .(Exporter.kt:133)               [main]           INFO  - writing [92m2023-02-17 00-57[39m 
21:27:11.952 .(Exporter.kt:166)               [main]           INFO  - writing to [34mC:\Users\nikky\.dj-session-export\VirtualDJ\2023\2023-02-17 00-57.txt[39m 
21:27:11.952 .(Exporter.kt:216)               [main]           INFO  - writing to [34mC:\Users\nikky\.dj-session-export\VirtualDJ\2023\2023-02-17 00-57.csv[39m 
21:27:11.954 .(Exporter.kt:133)               [main]           INFO  - writing [92m2023-02-17 02-00[39m 
21:27:11.955 .(Exporter.kt:166)               [main]           INFO  - writing to [34mC:\Users\nikky\.dj-session-export\VirtualDJ\2023\2023-02-17 02-00.txt[39m 
21:27:11.955 .(Exporter.kt:216)               [main]           INFO  - writing to [34mC:\Users\nikky\.dj-session-export\VirtualDJ\2023\2023-02-17 02-00.csv[39m 
21:27:11.956 .(Exporter.kt:133)               [main]           INFO  - writing [92m2023-02-18[39m 
21:27:11.957 .(Exporter.kt:166)               [main]           INFO  - writing to [34mC:\Users\nikky\.dj-session-export\VirtualDJ\2023\2023-02-18.txt[39m 
21:27:11.959 .(Exporter.kt:216)               [main]           INFO  - writing to [34mC:\Users\nikky\.dj-session-export\VirtualDJ\2023\2023-02-18.csv[39m 
21:27:11.959 .(Exporter.kt:133)               [main]           INFO  - writing [92m2023-02-21[39m 
21:27:11.960 .(Exporter.kt:166)               [main]           INFO  - writing to [34mC:\Users\nikky\.dj-session-export\VirtualDJ\2023\2023-02-21.txt[39m 
21:27:11.961 .(Exporter.kt:216)               [main]           INFO  - writing to [34mC:\Users\nikky\.dj-session-export\VirtualDJ\2023\2023-02-21.csv[39m 
21:27:11.962 .(Exporter.kt:133)               [main]           INFO  - writing [92m2023-02-21 05-41[39m 
21:27:11.962 .(Exporter.kt:166)               [main]           INFO  - writing to [34mC:\Users\nikky\.dj-session-export\VirtualDJ\2023\2023-02-21 05-41.txt[39m 
21:27:11.964 .(Exporter.kt:216)               [main]           INFO  - writing to [34mC:\Users\nikky\.dj-session-export\VirtualDJ\2023\2023-02-21 05-41.csv[39m 
21:27:11.964 .(Exporter.kt:133)               [main]           INFO  - writing [92m2023-02-21 06-04[39m 
21:27:11.966 .(Exporter.kt:166)               [main]           INFO  - writing to [34mC:\Users\nikky\.dj-session-export\VirtualDJ\2023\2023-02-21 06-04.txt[39m 
21:27:11.966 .(Exporter.kt:216)               [main]           INFO  - writing to [34mC:\Users\nikky\.dj-session-export\VirtualDJ\2023\2023-02-21 06-04.csv[39m 
21:27:11.967 .(Exporter.kt:133)               [main]           INFO  - writing [92m2023-02-22[39m 
21:27:11.969 .(Exporter.kt:166)               [main]           INFO  - writing to [34mC:\Users\nikky\.dj-session-export\VirtualDJ\2023\2023-02-22.txt[39m 
21:27:11.970 .(Exporter.kt:216)               [main]           INFO  - writing to [34mC:\Users\nikky\.dj-session-export\VirtualDJ\2023\2023-02-22.csv[39m 
21:27:11.971 .(Exporter.kt:133)               [main]           INFO  - writing [92m2023-02-23[39m 
21:27:11.972 .(Exporter.kt:166)               [main]           INFO  - writing to [34mC:\Users\nikky\.dj-session-export\VirtualDJ\2023\2023-02-23.txt[39m 
21:27:11.973 .(Exporter.kt:216)               [main]           INFO  - writing to [34mC:\Users\nikky\.dj-session-export\VirtualDJ\2023\2023-02-23.csv[39m 
21:27:11.974 .(Exporter.kt:133)               [main]           INFO  - writing [92m2023-02-24[39m 
21:27:11.975 .(Exporter.kt:166)               [main]           INFO  - writing to [34mC:\Users\nikky\.dj-session-export\VirtualDJ\2023\2023-02-24.txt[39m 
21:27:11.976 .(Exporter.kt:216)               [main]           INFO  - writing to [34mC:\Users\nikky\.dj-session-export\VirtualDJ\2023\2023-02-24.csv[39m 
21:27:11.976 .(Exporter.kt:133)               [main]           INFO  - writing [92m2023-02-24 22-19[39m 
21:27:11.978 .(Exporter.kt:166)               [main]           INFO  - writing to [34mC:\Users\nikky\.dj-session-export\VirtualDJ\2023\2023-02-24 22-19.txt[39m 
21:27:11.979 .(Exporter.kt:216)               [main]           INFO  - writing to [34mC:\Users\nikky\.dj-session-export\VirtualDJ\2023\2023-02-24 22-19.csv[39m 
21:27:11.979 .(Exporter.kt:133)               [main]           INFO  - writing [92m2023-02-25 04-23[39m 
21:27:11.980 .(Exporter.kt:166)               [main]           INFO  - writing to [34mC:\Users\nikky\.dj-session-export\VirtualDJ\2023\2023-02-25 04-23.txt[39m 
21:27:11.981 .(Exporter.kt:216)               [main]           INFO  - writing to [34mC:\Users\nikky\.dj-session-export\VirtualDJ\2023\2023-02-25 04-23.csv[39m 
21:27:11.981 .(Exporter.kt:133)               [main]           INFO  - writing [92m2023-02-25[39m 
21:27:11.982 .(Exporter.kt:166)               [main]           INFO  - writing to [34mC:\Users\nikky\.dj-session-export\VirtualDJ\2023\2023-02-25.txt[39m 
21:27:11.982 .(Exporter.kt:216)               [main]           INFO  - writing to [34mC:\Users\nikky\.dj-session-export\VirtualDJ\2023\2023-02-25.csv[39m 
21:27:11.983 .(Exporter.kt:133)               [main]           INFO  - writing [92m2023-02-27[39m 
21:27:11.984 .(Exporter.kt:166)               [main]           INFO  - writing to [34mC:\Users\nikky\.dj-session-export\VirtualDJ\2023\2023-02-27.txt[39m 
21:27:11.985 .(Exporter.kt:216)               [main]           INFO  - writing to [34mC:\Users\nikky\.dj-session-export\VirtualDJ\2023\2023-02-27.csv[39m 
21:27:11.985 .(Exporter.kt:133)               [main]           INFO  - writing [92m2023-02-28[39m 
21:27:11.986 .(Exporter.kt:166)               [main]           INFO  - writing to [34mC:\Users\nikky\.dj-session-export\VirtualDJ\2023\2023-02-28.txt[39m 
21:27:11.986 .(Exporter.kt:216)               [main]           INFO  - writing to [34mC:\Users\nikky\.dj-session-export\VirtualDJ\2023\2023-02-28.csv[39m 
21:27:11.987 .(Exporter.kt:133)               [main]           INFO  - writing [92m2023-02-28 21-21[39m 
21:27:11.988 .(Exporter.kt:166)               [main]           INFO  - writing to [34mC:\Users\nikky\.dj-session-export\VirtualDJ\2023\2023-02-28 21-21.txt[39m 
21:27:11.989 .(Exporter.kt:216)               [main]           INFO  - writing to [34mC:\Users\nikky\.dj-session-export\VirtualDJ\2023\2023-02-28 21-21.csv[39m 
21:27:11.989 .(Exporter.kt:133)               [main]           INFO  - writing [92m2023-03-01 02-08[39m 
21:27:11.990 .(Exporter.kt:166)               [main]           INFO  - writing to [34mC:\Users\nikky\.dj-session-export\VirtualDJ\2023\2023-03-01 02-08.txt[39m 
21:27:11.991 .(Exporter.kt:216)               [main]           INFO  - writing to [34mC:\Users\nikky\.dj-session-export\VirtualDJ\2023\2023-03-01 02-08.csv[39m 
21:27:11.992 .(Exporter.kt:133)               [main]           INFO  - writing [92m2023-03-02[39m 
21:27:11.993 .(Exporter.kt:166)               [main]           INFO  - writing to [34mC:\Users\nikky\.dj-session-export\VirtualDJ\2023\2023-03-02.txt[39m 
21:27:11.993 .(Exporter.kt:216)               [main]           INFO  - writing to [34mC:\Users\nikky\.dj-session-export\VirtualDJ\2023\2023-03-02.csv[39m 
21:27:11.994 .(Exporter.kt:133)               [main]           INFO  - writing [92m2023-03-02 21-44[39m 
21:27:11.995 .(Exporter.kt:166)               [main]           INFO  - writing to [34mC:\Users\nikky\.dj-session-export\VirtualDJ\2023\2023-03-02 21-44.txt[39m 
21:27:11.995 .(Exporter.kt:216)               [main]           INFO  - writing to [34mC:\Users\nikky\.dj-session-export\VirtualDJ\2023\2023-03-02 21-44.csv[39m 
21:27:11.996 .(Exporter.kt:133)               [main]           INFO  - writing [92m2023-03-02 23-54[39m 
21:27:11.996 .(Exporter.kt:166)               [main]           INFO  - writing to [34mC:\Users\nikky\.dj-session-export\VirtualDJ\2023\2023-03-02 23-54.txt[39m 
21:27:11.997 .(Exporter.kt:216)               [main]           INFO  - writing to [34mC:\Users\nikky\.dj-session-export\VirtualDJ\2023\2023-03-02 23-54.csv[39m 
21:27:11.997 .(Exporter.kt:133)               [main]           INFO  - writing [92m2023-03-03 00-21[39m 
21:27:11.999 .(Exporter.kt:166)               [main]           INFO  - writing to [34mC:\Users\nikky\.dj-session-export\VirtualDJ\2023\2023-03-03 00-21.txt[39m 
21:27:11.999 .(Exporter.kt:216)               [main]           INFO  - writing to [34mC:\Users\nikky\.dj-session-export\VirtualDJ\2023\2023-03-03 00-21.csv[39m 
21:27:12.000 .(Exporter.kt:133)               [main]           INFO  - writing [92m2023-03-03 04-00[39m 
21:27:12.000 .(Exporter.kt:166)               [main]           INFO  - writing to [34mC:\Users\nikky\.dj-session-export\VirtualDJ\2023\2023-03-03 04-00.txt[39m 
21:27:12.002 .(Exporter.kt:216)               [main]           INFO  - writing to [34mC:\Users\nikky\.dj-session-export\VirtualDJ\2023\2023-03-03 04-00.csv[39m 
21:27:12.002 .(Exporter.kt:133)               [main]           INFO  - writing [92m2023-03-03 06-38[39m 
21:27:12.003 .(Exporter.kt:166)               [main]           INFO  - writing to [34mC:\Users\nikky\.dj-session-export\VirtualDJ\2023\2023-03-03 06-38.txt[39m 
21:27:12.003 .(Exporter.kt:216)               [main]           INFO  - writing to [34mC:\Users\nikky\.dj-session-export\VirtualDJ\2023\2023-03-03 06-38.csv[39m 
21:27:12.003 .(Exporter.kt:133)               [main]           INFO  - writing [92m2023-03-03 07-06[39m 
21:27:12.004 .(Exporter.kt:166)               [main]           INFO  - writing to [34mC:\Users\nikky\.dj-session-export\VirtualDJ\2023\2023-03-03 07-06.txt[39m 
21:27:12.005 .(Exporter.kt:216)               [main]           INFO  - writing to [34mC:\Users\nikky\.dj-session-export\VirtualDJ\2023\2023-03-03 07-06.csv[39m 
21:27:12.005 .(Exporter.kt:133)               [main]           INFO  - writing [92m2023-03-03[39m 
21:27:12.006 .(Exporter.kt:166)               [main]           INFO  - writing to [34mC:\Users\nikky\.dj-session-export\VirtualDJ\2023\2023-03-03.txt[39m 
21:27:12.006 .(Exporter.kt:216)               [main]           INFO  - writing to [34mC:\Users\nikky\.dj-session-export\VirtualDJ\2023\2023-03-03.csv[39m 
21:27:12.006 .(Exporter.kt:133)               [main]           INFO  - writing [92m2023-03-03 08-01[39m 
21:27:12.007 .(Exporter.kt:166)               [main]           INFO  - writing to [34mC:\Users\nikky\.dj-session-export\VirtualDJ\2023\2023-03-03 08-01.txt[39m 
21:27:12.008 .(Exporter.kt:216)               [main]           INFO  - writing to [34mC:\Users\nikky\.dj-session-export\VirtualDJ\2023\2023-03-03 08-01.csv[39m 
21:27:12.008 .(Exporter.kt:133)               [main]           INFO  - writing [92m2023-03-04 02-37[39m 
21:27:12.008 .(Exporter.kt:166)               [main]           INFO  - writing to [34mC:\Users\nikky\.dj-session-export\VirtualDJ\2023\2023-03-04 02-37.txt[39m 
21:27:12.009 .(Exporter.kt:216)               [main]           INFO  - writing to [34mC:\Users\nikky\.dj-session-export\VirtualDJ\2023\2023-03-04 02-37.csv[39m 
21:27:12.009 .(Exporter.kt:133)               [main]           INFO  - writing [92m2023-03-04[39m 
21:27:12.010 .(Exporter.kt:166)               [main]           INFO  - writing to [34mC:\Users\nikky\.dj-session-export\VirtualDJ\2023\2023-03-04.txt[39m 
21:27:12.010 .(Exporter.kt:216)               [main]           INFO  - writing to [34mC:\Users\nikky\.dj-session-export\VirtualDJ\2023\2023-03-04.csv[39m 
21:27:12.011 .(Exporter.kt:133)               [main]           INFO  - writing [92m2023-03-04 22-04[39m 
21:27:12.012 .(Exporter.kt:166)               [main]           INFO  - writing to [34mC:\Users\nikky\.dj-session-export\VirtualDJ\2023\2023-03-04 22-04.txt[39m 
21:27:12.013 .(Exporter.kt:216)               [main]           INFO  - writing to [34mC:\Users\nikky\.dj-session-export\VirtualDJ\2023\2023-03-04 22-04.csv[39m 
21:27:12.013 .(Exporter.kt:133)               [main]           INFO  - writing [92m2023-03-05 03-24[39m 
21:27:12.013 .(Exporter.kt:166)               [main]           INFO  - writing to [34mC:\Users\nikky\.dj-session-export\VirtualDJ\2023\2023-03-05 03-24.txt[39m 
21:27:12.015 .(Exporter.kt:216)               [main]           INFO  - writing to [34mC:\Users\nikky\.dj-session-export\VirtualDJ\2023\2023-03-05 03-24.csv[39m 
21:27:12.015 .(Exporter.kt:133)               [main]           INFO  - writing [92m2023-03-06[39m 
21:27:12.016 .(Exporter.kt:166)               [main]           INFO  - writing to [34mC:\Users\nikky\.dj-session-export\VirtualDJ\2023\2023-03-06.txt[39m 
21:27:12.016 .(Exporter.kt:216)               [main]           INFO  - writing to [34mC:\Users\nikky\.dj-session-export\VirtualDJ\2023\2023-03-06.csv[39m 
21:27:12.016 .(Exporter.kt:133)               [main]           INFO  - writing [92m2023-03-09[39m 
21:27:12.017 .(Exporter.kt:166)               [main]           INFO  - writing to [34mC:\Users\nikky\.dj-session-export\VirtualDJ\2023\2023-03-09.txt[39m 
21:27:12.018 .(Exporter.kt:216)               [main]           INFO  - writing to [34mC:\Users\nikky\.dj-session-export\VirtualDJ\2023\2023-03-09.csv[39m 
21:27:12.018 .(Exporter.kt:133)               [main]           INFO  - writing [92m2023-03-09 23-04[39m 
21:27:12.019 .(Exporter.kt:166)               [main]           INFO  - writing to [34mC:\Users\nikky\.dj-session-export\VirtualDJ\2023\2023-03-09 23-04.txt[39m 
21:27:12.020 .(Exporter.kt:216)               [main]           INFO  - writing to [34mC:\Users\nikky\.dj-session-export\VirtualDJ\2023\2023-03-09 23-04.csv[39m 
21:27:12.020 .(Exporter.kt:133)               [main]           INFO  - writing [92m2023-03-10 06-02[39m 
21:27:12.021 .(Exporter.kt:166)               [main]           INFO  - writing to [34mC:\Users\nikky\.dj-session-export\VirtualDJ\2023\2023-03-10 06-02.txt[39m 
21:27:12.022 .(Exporter.kt:216)               [main]           INFO  - writing to [34mC:\Users\nikky\.dj-session-export\VirtualDJ\2023\2023-03-10 06-02.csv[39m 
21:27:12.022 .(Exporter.kt:133)               [main]           INFO  - writing [92m2023-03-10 06-42[39m 
21:27:12.023 .(Exporter.kt:166)               [main]           INFO  - writing to [34mC:\Users\nikky\.dj-session-export\VirtualDJ\2023\2023-03-10 06-42.txt[39m 
21:27:12.023 .(Exporter.kt:216)               [main]           INFO  - writing to [34mC:\Users\nikky\.dj-session-export\VirtualDJ\2023\2023-03-10 06-42.csv[39m 
21:27:12.023 .(Exporter.kt:133)               [main]           INFO  - writing [92m2023-03-10 07-10[39m 
21:27:12.024 .(Exporter.kt:166)               [main]           INFO  - writing to [34mC:\Users\nikky\.dj-session-export\VirtualDJ\2023\2023-03-10 07-10.txt[39m 
21:27:12.025 .(Exporter.kt:216)               [main]           INFO  - writing to [34mC:\Users\nikky\.dj-session-export\VirtualDJ\2023\2023-03-10 07-10.csv[39m 
21:27:12.025 .(Exporter.kt:133)               [main]           INFO  - writing [92m2023-03-10 07-37[39m 
21:27:12.026 .(Exporter.kt:166)               [main]           INFO  - writing to [34mC:\Users\nikky\.dj-session-export\VirtualDJ\2023\2023-03-10 07-37.txt[39m 
21:27:12.026 .(Exporter.kt:216)               [main]           INFO  - writing to [34mC:\Users\nikky\.dj-session-export\VirtualDJ\2023\2023-03-10 07-37.csv[39m 
21:27:12.026 .(Exporter.kt:133)               [main]           INFO  - writing [92m2023-03-14[39m 
21:27:12.028 .(Exporter.kt:166)               [main]           INFO  - writing to [34mC:\Users\nikky\.dj-session-export\VirtualDJ\2023\2023-03-14.txt[39m 
21:27:12.028 .(Exporter.kt:216)               [main]           INFO  - writing to [34mC:\Users\nikky\.dj-session-export\VirtualDJ\2023\2023-03-14.csv[39m 
21:27:12.029 .(Exporter.kt:133)               [main]           INFO  - writing [92m2023-03-14 23-45[39m 
21:27:12.029 .(Exporter.kt:166)               [main]           INFO  - writing to [34mC:\Users\nikky\.dj-session-export\VirtualDJ\2023\2023-03-14 23-45.txt[39m 
21:27:12.030 .(Exporter.kt:216)               [main]           INFO  - writing to [34mC:\Users\nikky\.dj-session-export\VirtualDJ\2023\2023-03-14 23-45.csv[39m 
21:27:12.030 .(Exporter.kt:133)               [main]           INFO  - writing [92m2023-03-15 02-21[39m 
21:27:12.031 .(Exporter.kt:166)               [main]           INFO  - writing to [34mC:\Users\nikky\.dj-session-export\VirtualDJ\2023\2023-03-15 02-21.txt[39m 
21:27:12.032 .(Exporter.kt:216)               [main]           INFO  - writing to [34mC:\Users\nikky\.dj-session-export\VirtualDJ\2023\2023-03-15 02-21.csv[39m 
21:27:12.032 .(Exporter.kt:133)               [main]           INFO  - writing [92m2023-03-21[39m 
21:27:12.033 .(Exporter.kt:166)               [main]           INFO  - writing to [34mC:\Users\nikky\.dj-session-export\VirtualDJ\2023\2023-03-21.txt[39m 
21:27:12.034 .(Exporter.kt:216)               [main]           INFO  - writing to [34mC:\Users\nikky\.dj-session-export\VirtualDJ\2023\2023-03-21.csv[39m 
21:27:12.034 .(Exporter.kt:133)               [main]           INFO  - writing [92m2023-03-21[39m 
21:27:12.035 .(Exporter.kt:166)               [main]           INFO  - writing to [34mC:\Users\nikky\.dj-session-export\VirtualDJ\2023\2023-03-21.txt[39m 
21:27:12.035 .(Exporter.kt:216)               [main]           INFO  - writing to [34mC:\Users\nikky\.dj-session-export\VirtualDJ\2023\2023-03-21.csv[39m 
21:27:12.035 .(Exporter.kt:133)               [main]           INFO  - writing [92m2023-03-21 03-36[39m 
21:27:12.036 .(Exporter.kt:166)               [main]           INFO  - writing to [34mC:\Users\nikky\.dj-session-export\VirtualDJ\2023\2023-03-21 03-36.txt[39m 
21:27:12.037 .(Exporter.kt:216)               [main]           INFO  - writing to [34mC:\Users\nikky\.dj-session-export\VirtualDJ\2023\2023-03-21 03-36.csv[39m 
21:27:12.038 .(Exporter.kt:133)               [main]           INFO  - writing [92m2023-03-21 05-22[39m 
21:27:12.039 .(Exporter.kt:166)               [main]           INFO  - writing to [34mC:\Users\nikky\.dj-session-export\VirtualDJ\2023\2023-03-21 05-22.txt[39m 
21:27:12.039 .(Exporter.kt:216)               [main]           INFO  - writing to [34mC:\Users\nikky\.dj-session-export\VirtualDJ\2023\2023-03-21 05-22.csv[39m 
21:27:12.040 .(Exporter.kt:133)               [main]           INFO  - writing [92m2023-03-21 05-47[39m 
21:27:12.041 .(Exporter.kt:166)               [main]           INFO  - writing to [34mC:\Users\nikky\.dj-session-export\VirtualDJ\2023\2023-03-21 05-47.txt[39m 
21:27:12.042 .(Exporter.kt:216)               [main]           INFO  - writing to [34mC:\Users\nikky\.dj-session-export\VirtualDJ\2023\2023-03-21 05-47.csv[39m 
21:27:12.042 .(Exporter.kt:133)               [main]           INFO  - writing [92m2023-03-21 06-04[39m 
21:27:12.042 .(Exporter.kt:166)               [main]           INFO  - writing to [34mC:\Users\nikky\.dj-session-export\VirtualDJ\2023\2023-03-21 06-04.txt[39m 
21:27:12.043 .(Exporter.kt:216)               [main]           INFO  - writing to [34mC:\Users\nikky\.dj-session-export\VirtualDJ\2023\2023-03-21 06-04.csv[39m 
21:27:12.043 .(Exporter.kt:133)               [main]           INFO  - writing [92m2023-03-22[39m 
21:27:12.043 .(Exporter.kt:166)               [main]           INFO  - writing to [34mC:\Users\nikky\.dj-session-export\VirtualDJ\2023\2023-03-22.txt[39m 
21:27:12.044 .(Exporter.kt:216)               [main]           INFO  - writing to [34mC:\Users\nikky\.dj-session-export\VirtualDJ\2023\2023-03-22.csv[39m 
21:27:12.045 .(Exporter.kt:133)               [main]           INFO  - writing [92m2023-03-22 10-21[39m 
21:27:12.045 .(Exporter.kt:166)               [main]           INFO  - writing to [34mC:\Users\nikky\.dj-session-export\VirtualDJ\2023\2023-03-22 10-21.txt[39m 
21:27:12.046 .(Exporter.kt:216)               [main]           INFO  - writing to [34mC:\Users\nikky\.dj-session-export\VirtualDJ\2023\2023-03-22 10-21.csv[39m 
21:27:12.046 .(Exporter.kt:133)               [main]           INFO  - writing [92m2023-03-23 04-02[39m 
21:27:12.046 .(Exporter.kt:166)               [main]           INFO  - writing to [34mC:\Users\nikky\.dj-session-export\VirtualDJ\2023\2023-03-23 04-02.txt[39m 
21:27:12.046 .(Exporter.kt:216)               [main]           INFO  - writing to [34mC:\Users\nikky\.dj-session-export\VirtualDJ\2023\2023-03-23 04-02.csv[39m 
21:27:12.048 .(Exporter.kt:133)               [main]           INFO  - writing [92m2023-03-23 05-46[39m 
21:27:12.048 .(Exporter.kt:166)               [main]           INFO  - writing to [34mC:\Users\nikky\.dj-session-export\VirtualDJ\2023\2023-03-23 05-46.txt[39m 
21:27:12.048 .(Exporter.kt:216)               [main]           INFO  - writing to [34mC:\Users\nikky\.dj-session-export\VirtualDJ\2023\2023-03-23 05-46.csv[39m 
21:27:12.049 .(Exporter.kt:133)               [main]           INFO  - writing [92m2023-03-23 07-18[39m 
21:27:12.049 .(Exporter.kt:166)               [main]           INFO  - writing to [34mC:\Users\nikky\.dj-session-export\VirtualDJ\2023\2023-03-23 07-18.txt[39m 
21:27:12.050 .(Exporter.kt:216)               [main]           INFO  - writing to [34mC:\Users\nikky\.dj-session-export\VirtualDJ\2023\2023-03-23 07-18.csv[39m 
21:27:12.051 .(Exporter.kt:133)               [main]           INFO  - writing [92m2023-03-23[39m 
21:27:12.051 .(Exporter.kt:166)               [main]           INFO  - writing to [34mC:\Users\nikky\.dj-session-export\VirtualDJ\2023\2023-03-23.txt[39m 
21:27:12.052 .(Exporter.kt:216)               [main]           INFO  - writing to [34mC:\Users\nikky\.dj-session-export\VirtualDJ\2023\2023-03-23.csv[39m 
21:27:12.052 .(Exporter.kt:133)               [main]           INFO  - writing [92m2023-03-24[39m 
21:27:12.052 .(Exporter.kt:166)               [main]           INFO  - writing to [34mC:\Users\nikky\.dj-session-export\VirtualDJ\2023\2023-03-24.txt[39m 
21:27:12.053 .(Exporter.kt:216)               [main]           INFO  - writing to [34mC:\Users\nikky\.dj-session-export\VirtualDJ\2023\2023-03-24.csv[39m 
21:27:12.054 .(Exporter.kt:133)               [main]           INFO  - writing [92m2023-03-25[39m 
21:27:12.055 .(Exporter.kt:166)               [main]           INFO  - writing to [34mC:\Users\nikky\.dj-session-export\VirtualDJ\2023\2023-03-25.txt[39m 
21:27:12.055 .(Exporter.kt:216)               [main]           INFO  - writing to [34mC:\Users\nikky\.dj-session-export\VirtualDJ\2023\2023-03-25.csv[39m 
21:27:12.056 .(Exporter.kt:133)               [main]           INFO  - writing [92m2023-03-25 08-00[39m 
21:27:12.056 .(Exporter.kt:166)               [main]           INFO  - writing to [34mC:\Users\nikky\.dj-session-export\VirtualDJ\2023\2023-03-25 08-00.txt[39m 
21:27:12.057 .(Exporter.kt:216)               [main]           INFO  - writing to [34mC:\Users\nikky\.dj-session-export\VirtualDJ\2023\2023-03-25 08-00.csv[39m 
21:27:12.057 .(Exporter.kt:133)               [main]           INFO  - writing [92m2023-03-25 22-00[39m 
21:27:12.058 .(Exporter.kt:166)               [main]           INFO  - writing to [34mC:\Users\nikky\.dj-session-export\VirtualDJ\2023\2023-03-25 22-00.txt[39m 
21:27:12.059 .(Exporter.kt:216)               [main]           INFO  - writing to [34mC:\Users\nikky\.dj-session-export\VirtualDJ\2023\2023-03-25 22-00.csv[39m 
21:27:12.059 .(Exporter.kt:133)               [main]           INFO  - writing [92m2023-03-25 22-35[39m 
21:27:12.059 .(Exporter.kt:166)               [main]           INFO  - writing to [34mC:\Users\nikky\.dj-session-export\VirtualDJ\2023\2023-03-25 22-35.txt[39m 
21:27:12.060 .(Exporter.kt:216)               [main]           INFO  - writing to [34mC:\Users\nikky\.dj-session-export\VirtualDJ\2023\2023-03-25 22-35.csv[39m 
21:27:12.061 .(Exporter.kt:133)               [main]           INFO  - writing [92m2023-03-25 23-02[39m 
21:27:12.062 .(Exporter.kt:166)               [main]           INFO  - writing to [34mC:\Users\nikky\.dj-session-export\VirtualDJ\2023\2023-03-25 23-02.txt[39m 
21:27:12.062 .(Exporter.kt:216)               [main]           INFO  - writing to [34mC:\Users\nikky\.dj-session-export\VirtualDJ\2023\2023-03-25 23-02.csv[39m 
21:27:12.062 .(Exporter.kt:133)               [main]           INFO  - writing [92m2023-03-26 00-55[39m 
21:27:12.063 .(Exporter.kt:166)               [main]           INFO  - writing to [34mC:\Users\nikky\.dj-session-export\VirtualDJ\2023\2023-03-26 00-55.txt[39m 
21:27:12.064 .(Exporter.kt:216)               [main]           INFO  - writing to [34mC:\Users\nikky\.dj-session-export\VirtualDJ\2023\2023-03-26 00-55.csv[39m 
21:27:12.065 .(Exporter.kt:133)               [main]           INFO  - writing [92m2023-03-26 05-05[39m 
21:27:12.065 .(Exporter.kt:166)               [main]           INFO  - writing to [34mC:\Users\nikky\.dj-session-export\VirtualDJ\2023\2023-03-26 05-05.txt[39m 
21:27:12.066 .(Exporter.kt:216)               [main]           INFO  - writing to [34mC:\Users\nikky\.dj-session-export\VirtualDJ\2023\2023-03-26 05-05.csv[39m 
21:27:12.067 .(Exporter.kt:133)               [main]           INFO  - writing [92m2023-04-06[39m 
21:27:12.067 .(Exporter.kt:166)               [main]           INFO  - writing to [34mC:\Users\nikky\.dj-session-export\VirtualDJ\2023\2023-04-06.txt[39m 
21:27:12.068 .(Exporter.kt:216)               [main]           INFO  - writing to [34mC:\Users\nikky\.dj-session-export\VirtualDJ\2023\2023-04-06.csv[39m 
21:27:12.069 .(Exporter.kt:133)               [main]           INFO  - writing [92m2023-04-10[39m 
21:27:12.070 .(Exporter.kt:166)               [main]           INFO  - writing to [34mC:\Users\nikky\.dj-session-export\VirtualDJ\2023\2023-04-10.txt[39m 
21:27:12.070 .(Exporter.kt:216)               [main]           INFO  - writing to [34mC:\Users\nikky\.dj-session-export\VirtualDJ\2023\2023-04-10.csv[39m 
21:27:12.071 .(Exporter.kt:133)               [main]           INFO  - writing [92m2023-04-12[39m 
21:27:12.072 .(Exporter.kt:166)               [main]           INFO  - writing to [34mC:\Users\nikky\.dj-session-export\VirtualDJ\2023\2023-04-12.txt[39m 
21:27:12.073 .(Exporter.kt:216)               [main]           INFO  - writing to [34mC:\Users\nikky\.dj-session-export\VirtualDJ\2023\2023-04-12.csv[39m 
21:27:12.073 .(Exporter.kt:133)               [main]           INFO  - writing [92m2023-04-13[39m 
21:27:12.073 .(Exporter.kt:166)               [main]           INFO  - writing to [34mC:\Users\nikky\.dj-session-export\VirtualDJ\2023\2023-04-13.txt[39m 
21:27:12.074 .(Exporter.kt:216)               [main]           INFO  - writing to [34mC:\Users\nikky\.dj-session-export\VirtualDJ\2023\2023-04-13.csv[39m 
21:27:12.074 .(Exporter.kt:133)               [main]           INFO  - writing [92m2023-04-14[39m 
21:27:12.075 .(Exporter.kt:166)               [main]           INFO  - writing to [34mC:\Users\nikky\.dj-session-export\VirtualDJ\2023\2023-04-14.txt[39m 
21:27:12.077 .(Exporter.kt:216)               [main]           INFO  - writing to [34mC:\Users\nikky\.dj-session-export\VirtualDJ\2023\2023-04-14.csv[39m 
21:27:12.077 .(Exporter.kt:133)               [main]           INFO  - writing [92m2023-04-14 21-16[39m 
21:27:12.079 .(Exporter.kt:166)               [main]           INFO  - writing to [34mC:\Users\nikky\.dj-session-export\VirtualDJ\2023\2023-04-14 21-16.txt[39m 
21:27:12.079 .(Exporter.kt:216)               [main]           INFO  - writing to [34mC:\Users\nikky\.dj-session-export\VirtualDJ\2023\2023-04-14 21-16.csv[39m 
21:27:12.080 .(Exporter.kt:133)               [main]           INFO  - writing [92m2023-04-14 22-04[39m 
21:27:12.081 .(Exporter.kt:166)               [main]           INFO  - writing to [34mC:\Users\nikky\.dj-session-export\VirtualDJ\2023\2023-04-14 22-04.txt[39m 
21:27:12.081 .(Exporter.kt:216)               [main]           INFO  - writing to [34mC:\Users\nikky\.dj-session-export\VirtualDJ\2023\2023-04-14 22-04.csv[39m 
21:27:12.082 .(Exporter.kt:133)               [main]           INFO  - writing [92m2023-04-14 22-32[39m 
21:27:12.083 .(Exporter.kt:166)               [main]           INFO  - writing to [34mC:\Users\nikky\.dj-session-export\VirtualDJ\2023\2023-04-14 22-32.txt[39m 
21:27:12.083 .(Exporter.kt:216)               [main]           INFO  - writing to [34mC:\Users\nikky\.dj-session-export\VirtualDJ\2023\2023-04-14 22-32.csv[39m 
21:27:12.083 .(Exporter.kt:133)               [main]           INFO  - writing [92m2023-04-15 03-47[39m 
21:27:12.085 .(Exporter.kt:166)               [main]           INFO  - writing to [34mC:\Users\nikky\.dj-session-export\VirtualDJ\2023\2023-04-15 03-47.txt[39m 
21:27:12.085 .(Exporter.kt:216)               [main]           INFO  - writing to [34mC:\Users\nikky\.dj-session-export\VirtualDJ\2023\2023-04-15 03-47.csv[39m 
21:27:12.086 .(Exporter.kt:133)               [main]           INFO  - writing [92m2023-04-19[39m 
21:27:12.086 .(Exporter.kt:166)               [main]           INFO  - writing to [34mC:\Users\nikky\.dj-session-export\VirtualDJ\2023\2023-04-19.txt[39m 
21:27:12.087 .(Exporter.kt:216)               [main]           INFO  - writing to [34mC:\Users\nikky\.dj-session-export\VirtualDJ\2023\2023-04-19.csv[39m 
21:27:12.087 .(Exporter.kt:133)               [main]           INFO  - writing [92m2023-04-25[39m 
21:27:12.088 .(Exporter.kt:166)               [main]           INFO  - writing to [34mC:\Users\nikky\.dj-session-export\VirtualDJ\2023\2023-04-25.txt[39m 
21:27:12.089 .(Exporter.kt:216)               [main]           INFO  - writing to [34mC:\Users\nikky\.dj-session-export\VirtualDJ\2023\2023-04-25.csv[39m 
21:27:12.090 .(Exporter.kt:133)               [main]           INFO  - writing [92m2023-04-26[39m 
21:27:12.090 .(Exporter.kt:166)               [main]           INFO  - writing to [34mC:\Users\nikky\.dj-session-export\VirtualDJ\2023\2023-04-26.txt[39m 
21:27:12.091 .(Exporter.kt:216)               [main]           INFO  - writing to [34mC:\Users\nikky\.dj-session-export\VirtualDJ\2023\2023-04-26.csv[39m 
21:27:12.091 .(Exporter.kt:133)               [main]           INFO  - writing [92m2023-04-27[39m 
21:27:12.092 .(Exporter.kt:166)               [main]           INFO  - writing to [34mC:\Users\nikky\.dj-session-export\VirtualDJ\2023\2023-04-27.txt[39m 
21:27:12.093 .(Exporter.kt:216)               [main]           INFO  - writing to [34mC:\Users\nikky\.dj-session-export\VirtualDJ\2023\2023-04-27.csv[39m 
21:27:12.093 .(Exporter.kt:133)               [main]           INFO  - writing [92m2023-04-30[39m 
21:27:12.094 .(Exporter.kt:166)               [main]           INFO  - writing to [34mC:\Users\nikky\.dj-session-export\VirtualDJ\2023\2023-04-30.txt[39m 
21:27:12.095 .(Exporter.kt:216)               [main]           INFO  - writing to [34mC:\Users\nikky\.dj-session-export\VirtualDJ\2023\2023-04-30.csv[39m 
21:27:12.095 .(Exporter.kt:133)               [main]           INFO  - writing [92m2023-05-08[39m 
21:27:12.096 .(Exporter.kt:166)               [main]           INFO  - writing to [34mC:\Users\nikky\.dj-session-export\VirtualDJ\2023\2023-05-08.txt[39m 
21:27:12.096 .(Exporter.kt:216)               [main]           INFO  - writing to [34mC:\Users\nikky\.dj-session-export\VirtualDJ\2023\2023-05-08.csv[39m 
21:27:12.096 .(Exporter.kt:133)               [main]           INFO  - writing [92m2023-05-08 22-10[39m 
21:27:12.098 .(Exporter.kt:166)               [main]           INFO  - writing to [34mC:\Users\nikky\.dj-session-export\VirtualDJ\2023\2023-05-08 22-10.txt[39m 
21:27:12.098 .(Exporter.kt:216)               [main]           INFO  - writing to [34mC:\Users\nikky\.dj-session-export\VirtualDJ\2023\2023-05-08 22-10.csv[39m 
21:27:12.099 .(Exporter.kt:133)               [main]           INFO  - writing [92m2023-05-08 23-50[39m 
21:27:12.099 .(Exporter.kt:166)               [main]           INFO  - writing to [34mC:\Users\nikky\.dj-session-export\VirtualDJ\2023\2023-05-08 23-50.txt[39m 
21:27:12.100 .(Exporter.kt:216)               [main]           INFO  - writing to [34mC:\Users\nikky\.dj-session-export\VirtualDJ\2023\2023-05-08 23-50.csv[39m 
21:27:12.101 .(Exporter.kt:133)               [main]           INFO  - writing [92m2023-05-09[39m 
21:27:12.102 .(Exporter.kt:166)               [main]           INFO  - writing to [34mC:\Users\nikky\.dj-session-export\VirtualDJ\2023\2023-05-09.txt[39m 
21:27:12.103 .(Exporter.kt:216)               [main]           INFO  - writing to [34mC:\Users\nikky\.dj-session-export\VirtualDJ\2023\2023-05-09.csv[39m 
21:27:12.103 .(Exporter.kt:133)               [main]           INFO  - writing [92m2023-05-09 20-45[39m 
21:27:12.104 .(Exporter.kt:166)               [main]           INFO  - writing to [34mC:\Users\nikky\.dj-session-export\VirtualDJ\2023\2023-05-09 20-45.txt[39m 
21:27:12.105 .(Exporter.kt:216)               [main]           INFO  - writing to [34mC:\Users\nikky\.dj-session-export\VirtualDJ\2023\2023-05-09 20-45.csv[39m 
21:27:12.106 .(Exporter.kt:133)               [main]           INFO  - writing [92m2023-05-09 22-46[39m 
21:27:12.106 .(Exporter.kt:166)               [main]           INFO  - writing to [34mC:\Users\nikky\.dj-session-export\VirtualDJ\2023\2023-05-09 22-46.txt[39m 
21:27:12.107 .(Exporter.kt:216)               [main]           INFO  - writing to [34mC:\Users\nikky\.dj-session-export\VirtualDJ\2023\2023-05-09 22-46.csv[39m 
21:27:12.107 .(Exporter.kt:133)               [main]           INFO  - writing [92m2023-05-14[39m 
21:27:12.108 .(Exporter.kt:166)               [main]           INFO  - writing to [34mC:\Users\nikky\.dj-session-export\VirtualDJ\2023\2023-05-14.txt[39m 
21:27:12.109 .(Exporter.kt:216)               [main]           INFO  - writing to [34mC:\Users\nikky\.dj-session-export\VirtualDJ\2023\2023-05-14.csv[39m 
21:27:12.109 .(Exporter.kt:133)               [main]           INFO  - writing [92m2023-05-14 20-35[39m 
21:27:12.109 .(Exporter.kt:166)               [main]           INFO  - writing to [34mC:\Users\nikky\.dj-session-export\VirtualDJ\2023\2023-05-14 20-35.txt[39m 
21:27:12.111 .(Exporter.kt:216)               [main]           INFO  - writing to [34mC:\Users\nikky\.dj-session-export\VirtualDJ\2023\2023-05-14 20-35.csv[39m 
21:27:12.111 .(Exporter.kt:133)               [main]           INFO  - writing [92m2023-05-15 06-48[39m 
21:27:12.112 .(Exporter.kt:166)               [main]           INFO  - writing to [34mC:\Users\nikky\.dj-session-export\VirtualDJ\2023\2023-05-15 06-48.txt[39m 
21:27:12.113 .(Exporter.kt:216)               [main]           INFO  - writing to [34mC:\Users\nikky\.dj-session-export\VirtualDJ\2023\2023-05-15 06-48.csv[39m 
21:27:12.114 .(Exporter.kt:133)               [main]           INFO  - writing [92m2023-05-15[39m 
21:27:12.115 .(Exporter.kt:166)               [main]           INFO  - writing to [34mC:\Users\nikky\.dj-session-export\VirtualDJ\2023\2023-05-15.txt[39m 
21:27:12.116 .(Exporter.kt:216)               [main]           INFO  - writing to [34mC:\Users\nikky\.dj-session-export\VirtualDJ\2023\2023-05-15.csv[39m 
21:27:12.117 .(Exporter.kt:133)               [main]           INFO  - writing [92m2023-05-15 08-02[39m 
21:27:12.118 .(Exporter.kt:166)               [main]           INFO  - writing to [34mC:\Users\nikky\.dj-session-export\VirtualDJ\2023\2023-05-15 08-02.txt[39m 
21:27:12.118 .(Exporter.kt:216)               [main]           INFO  - writing to [34mC:\Users\nikky\.dj-session-export\VirtualDJ\2023\2023-05-15 08-02.csv[39m 
21:27:12.119 .(Exporter.kt:133)               [main]           INFO  - writing [92m2023-05-15 16-58[39m 
21:27:12.119 .(Exporter.kt:166)               [main]           INFO  - writing to [34mC:\Users\nikky\.dj-session-export\VirtualDJ\2023\2023-05-15 16-58.txt[39m 
21:27:12.120 .(Exporter.kt:216)               [main]           INFO  - writing to [34mC:\Users\nikky\.dj-session-export\VirtualDJ\2023\2023-05-15 16-58.csv[39m 
21:27:12.121 .(Exporter.kt:133)               [main]           INFO  - writing [92m2023-05-16 06-04[39m 
21:27:12.121 .(Exporter.kt:166)               [main]           INFO  - writing to [34mC:\Users\nikky\.dj-session-export\VirtualDJ\2023\2023-05-16 06-04.txt[39m 
21:27:12.122 .(Exporter.kt:216)               [main]           INFO  - writing to [34mC:\Users\nikky\.dj-session-export\VirtualDJ\2023\2023-05-16 06-04.csv[39m 
21:27:12.122 .(Exporter.kt:133)               [main]           INFO  - writing [92m2023-05-18[39m 
21:27:12.123 .(Exporter.kt:166)               [main]           INFO  - writing to [34mC:\Users\nikky\.dj-session-export\VirtualDJ\2023\2023-05-18.txt[39m 
21:27:12.124 .(Exporter.kt:216)               [main]           INFO  - writing to [34mC:\Users\nikky\.dj-session-export\VirtualDJ\2023\2023-05-18.csv[39m 
21:27:12.124 .(Exporter.kt:133)               [main]           INFO  - writing [92m2023-05-24[39m 
21:27:12.125 .(Exporter.kt:166)               [main]           INFO  - writing to [34mC:\Users\nikky\.dj-session-export\VirtualDJ\2023\2023-05-24.txt[39m 
21:27:12.126 .(Exporter.kt:216)               [main]           INFO  - writing to [34mC:\Users\nikky\.dj-session-export\VirtualDJ\2023\2023-05-24.csv[39m 
21:27:12.127 .(Exporter.kt:133)               [main]           INFO  - writing [92m2023-05-26[39m 
21:27:12.128 .(Exporter.kt:166)               [main]           INFO  - writing to [34mC:\Users\nikky\.dj-session-export\VirtualDJ\2023\2023-05-26.txt[39m 
21:27:12.128 .(Exporter.kt:216)               [main]           INFO  - writing to [34mC:\Users\nikky\.dj-session-export\VirtualDJ\2023\2023-05-26.csv[39m 
21:27:12.129 .(Exporter.kt:133)               [main]           INFO  - writing [92m2023-05-30[39m 
21:27:12.130 .(Exporter.kt:166)               [main]           INFO  - writing to [34mC:\Users\nikky\.dj-session-export\VirtualDJ\2023\2023-05-30.txt[39m 
21:27:12.130 .(Exporter.kt:216)               [main]           INFO  - writing to [34mC:\Users\nikky\.dj-session-export\VirtualDJ\2023\2023-05-30.csv[39m 
21:27:12.130 .(Exporter.kt:133)               [main]           INFO  - writing [92m2023-06-05[39m 
21:27:12.132 .(Exporter.kt:166)               [main]           INFO  - writing to [34mC:\Users\nikky\.dj-session-export\VirtualDJ\2023\2023-06-05.txt[39m 
21:27:12.133 .(Exporter.kt:216)               [main]           INFO  - writing to [34mC:\Users\nikky\.dj-session-export\VirtualDJ\2023\2023-06-05.csv[39m 
21:27:12.133 .(Exporter.kt:133)               [main]           INFO  - writing [92m2023-06-06[39m 
21:27:12.134 .(Exporter.kt:166)               [main]           INFO  - writing to [34mC:\Users\nikky\.dj-session-export\VirtualDJ\2023\2023-06-06.txt[39m 
21:27:12.134 .(Exporter.kt:216)               [main]           INFO  - writing to [34mC:\Users\nikky\.dj-session-export\VirtualDJ\2023\2023-06-06.csv[39m 
21:27:12.135 .(Exporter.kt:133)               [main]           INFO  - writing [92m2023-06-08[39m 
21:27:12.137 .(Exporter.kt:166)               [main]           INFO  - writing to [34mC:\Users\nikky\.dj-session-export\VirtualDJ\2023\2023-06-08.txt[39m 
21:27:12.137 .(Exporter.kt:216)               [main]           INFO  - writing to [34mC:\Users\nikky\.dj-session-export\VirtualDJ\2023\2023-06-08.csv[39m 
21:27:12.137 .(Exporter.kt:133)               [main]           INFO  - writing [92m2023-06-09[39m 
21:27:12.139 .(Exporter.kt:166)               [main]           INFO  - writing to [34mC:\Users\nikky\.dj-session-export\VirtualDJ\2023\2023-06-09.txt[39m 
21:27:12.139 .(Exporter.kt:216)               [main]           INFO  - writing to [34mC:\Users\nikky\.dj-session-export\VirtualDJ\2023\2023-06-09.csv[39m 
21:27:12.140 .(Exporter.kt:133)               [main]           INFO  - writing [92m2023-06-28[39m 
21:27:12.141 .(Exporter.kt:166)               [main]           INFO  - writing to [34mC:\Users\nikky\.dj-session-export\VirtualDJ\2023\2023-06-28.txt[39m 
21:27:12.142 .(Exporter.kt:216)               [main]           INFO  - writing to [34mC:\Users\nikky\.dj-session-export\VirtualDJ\2023\2023-06-28.csv[39m 
21:27:12.142 .(Exporter.kt:133)               [main]           INFO  - writing [92m2023-06-29[39m 
21:27:12.143 .(Exporter.kt:166)               [main]           INFO  - writing to [34mC:\Users\nikky\.dj-session-export\VirtualDJ\2023\2023-06-29.txt[39m 
21:27:12.144 .(Exporter.kt:216)               [main]           INFO  - writing to [34mC:\Users\nikky\.dj-session-export\VirtualDJ\2023\2023-06-29.csv[39m 
21:27:12.144 .(Exporter.kt:133)               [main]           INFO  - writing [92m2023-06-29 22-35[39m 
21:27:12.145 .(Exporter.kt:166)               [main]           INFO  - writing to [34mC:\Users\nikky\.dj-session-export\VirtualDJ\2023\2023-06-29 22-35.txt[39m 
21:27:12.146 .(Exporter.kt:216)               [main]           INFO  - writing to [34mC:\Users\nikky\.dj-session-export\VirtualDJ\2023\2023-06-29 22-35.csv[39m 
21:27:12.147 .(Exporter.kt:133)               [main]           INFO  - writing [92m2023-06-30 02-56[39m 
21:27:12.147 .(Exporter.kt:166)               [main]           INFO  - writing to [34mC:\Users\nikky\.dj-session-export\VirtualDJ\2023\2023-06-30 02-56.txt[39m 
21:27:12.148 .(Exporter.kt:216)               [main]           INFO  - writing to [34mC:\Users\nikky\.dj-session-export\VirtualDJ\2023\2023-06-30 02-56.csv[39m 
21:27:12.149 .(Exporter.kt:133)               [main]           INFO  - writing [92m2023-06-30 04-34[39m 
21:27:12.150 .(Exporter.kt:166)               [main]           INFO  - writing to [34mC:\Users\nikky\.dj-session-export\VirtualDJ\2023\2023-06-30 04-34.txt[39m 
21:27:12.151 .(Exporter.kt:216)               [main]           INFO  - writing to [34mC:\Users\nikky\.dj-session-export\VirtualDJ\2023\2023-06-30 04-34.csv[39m 
21:27:12.151 .(Exporter.kt:133)               [main]           INFO  - writing [92m2023-06-30[39m 
21:27:12.152 .(Exporter.kt:166)               [main]           INFO  - writing to [34mC:\Users\nikky\.dj-session-export\VirtualDJ\2023\2023-06-30.txt[39m 
21:27:12.153 .(Exporter.kt:216)               [main]           INFO  - writing to [34mC:\Users\nikky\.dj-session-export\VirtualDJ\2023\2023-06-30.csv[39m 
21:27:12.153 .(Exporter.kt:133)               [main]           INFO  - writing [92m2023-06-30 23-45[39m 
21:27:12.154 .(Exporter.kt:166)               [main]           INFO  - writing to [34mC:\Users\nikky\.dj-session-export\VirtualDJ\2023\2023-06-30 23-45.txt[39m 
21:27:12.154 .(Exporter.kt:216)               [main]           INFO  - writing to [34mC:\Users\nikky\.dj-session-export\VirtualDJ\2023\2023-06-30 23-45.csv[39m 
21:27:12.154 .(Exporter.kt:133)               [main]           INFO  - writing [92m2023-07-01 00-05[39m 
21:27:12.156 .(Exporter.kt:166)               [main]           INFO  - writing to [34mC:\Users\nikky\.dj-session-export\VirtualDJ\2023\2023-07-01 00-05.txt[39m 
21:27:12.156 .(Exporter.kt:216)               [main]           INFO  - writing to [34mC:\Users\nikky\.dj-session-export\VirtualDJ\2023\2023-07-01 00-05.csv[39m 
21:27:12.157 .(Exporter.kt:133)               [main]           INFO  - writing [92m2023-07-03[39m 
21:27:12.157 .(Exporter.kt:166)               [main]           INFO  - writing to [34mC:\Users\nikky\.dj-session-export\VirtualDJ\2023\2023-07-03.txt[39m 
21:27:12.158 .(Exporter.kt:216)               [main]           INFO  - writing to [34mC:\Users\nikky\.dj-session-export\VirtualDJ\2023\2023-07-03.csv[39m 
21:27:12.159 .(Exporter.kt:133)               [main]           INFO  - writing [92m2023-07-04[39m 
21:27:12.160 .(Exporter.kt:166)               [main]           INFO  - writing to [34mC:\Users\nikky\.dj-session-export\VirtualDJ\2023\2023-07-04.txt[39m 
21:27:12.160 .(Exporter.kt:216)               [main]           INFO  - writing to [34mC:\Users\nikky\.dj-session-export\VirtualDJ\2023\2023-07-04.csv[39m 
21:27:12.160 .(Exporter.kt:133)               [main]           INFO  - writing [92m2023-07-05[39m 
21:27:12.162 .(Exporter.kt:166)               [main]           INFO  - writing to [34mC:\Users\nikky\.dj-session-export\VirtualDJ\2023\2023-07-05.txt[39m 
21:27:12.162 .(Exporter.kt:216)               [main]           INFO  - writing to [34mC:\Users\nikky\.dj-session-export\VirtualDJ\2023\2023-07-05.csv[39m 
21:27:12.163 .(Exporter.kt:133)               [main]           INFO  - writing [92m2023-07-06[39m 
21:27:12.163 .(Exporter.kt:166)               [main]           INFO  - writing to [34mC:\Users\nikky\.dj-session-export\VirtualDJ\2023\2023-07-06.txt[39m 
21:27:12.164 .(Exporter.kt:216)               [main]           INFO  - writing to [34mC:\Users\nikky\.dj-session-export\VirtualDJ\2023\2023-07-06.csv[39m 
21:27:12.165 .(Exporter.kt:133)               [main]           INFO  - writing [92m2023-07-06 03-16[39m 
21:27:12.167 .(Exporter.kt:166)               [main]           INFO  - writing to [34mC:\Users\nikky\.dj-session-export\VirtualDJ\2023\2023-07-06 03-16.txt[39m 
21:27:12.168 .(Exporter.kt:216)               [main]           INFO  - writing to [34mC:\Users\nikky\.dj-session-export\VirtualDJ\2023\2023-07-06 03-16.csv[39m 
21:27:12.168 .(Exporter.kt:133)               [main]           INFO  - writing [92m2023-07-06 03-32[39m 
21:27:12.169 .(Exporter.kt:166)               [main]           INFO  - writing to [34mC:\Users\nikky\.dj-session-export\VirtualDJ\2023\2023-07-06 03-32.txt[39m 
21:27:12.169 .(Exporter.kt:216)               [main]           INFO  - writing to [34mC:\Users\nikky\.dj-session-export\VirtualDJ\2023\2023-07-06 03-32.csv[39m 
21:27:12.169 .(Exporter.kt:133)               [main]           INFO  - writing [92m2023-07-06 04-18[39m 
21:27:12.170 .(Exporter.kt:166)               [main]           INFO  - writing to [34mC:\Users\nikky\.dj-session-export\VirtualDJ\2023\2023-07-06 04-18.txt[39m 
21:27:12.170 .(Exporter.kt:216)               [main]           INFO  - writing to [34mC:\Users\nikky\.dj-session-export\VirtualDJ\2023\2023-07-06 04-18.csv[39m 
21:27:12.170 .(Exporter.kt:133)               [main]           INFO  - writing [92m2023-07-06 04-43[39m 
21:27:12.172 .(Exporter.kt:166)               [main]           INFO  - writing to [34mC:\Users\nikky\.dj-session-export\VirtualDJ\2023\2023-07-06 04-43.txt[39m 
21:27:12.172 .(Exporter.kt:216)               [main]           INFO  - writing to [34mC:\Users\nikky\.dj-session-export\VirtualDJ\2023\2023-07-06 04-43.csv[39m 
21:27:12.173 .(Exporter.kt:133)               [main]           INFO  - writing [92m2023-07-08[39m 
21:27:12.174 .(Exporter.kt:166)               [main]           INFO  - writing to [34mC:\Users\nikky\.dj-session-export\VirtualDJ\2023\2023-07-08.txt[39m 
21:27:12.174 .(Exporter.kt:216)               [main]           INFO  - writing to [34mC:\Users\nikky\.dj-session-export\VirtualDJ\2023\2023-07-08.csv[39m 
21:27:12.175 .(Exporter.kt:133)               [main]           INFO  - writing [92m2023-07-10[39m 
21:27:12.176 .(Exporter.kt:166)               [main]           INFO  - writing to [34mC:\Users\nikky\.dj-session-export\VirtualDJ\2023\2023-07-10.txt[39m 
21:27:12.176 .(Exporter.kt:216)               [main]           INFO  - writing to [34mC:\Users\nikky\.dj-session-export\VirtualDJ\2023\2023-07-10.csv[39m 
21:27:12.176 .(Exporter.kt:133)               [main]           INFO  - writing [92m2023-07-10[39m 
21:27:12.177 .(Exporter.kt:166)               [main]           INFO  - writing to [34mC:\Users\nikky\.dj-session-export\VirtualDJ\2023\2023-07-10.txt[39m 
21:27:12.178 .(Exporter.kt:216)               [main]           INFO  - writing to [34mC:\Users\nikky\.dj-session-export\VirtualDJ\2023\2023-07-10.csv[39m 
21:27:12.178 .(Exporter.kt:133)               [main]           INFO  - writing [92m2023-07-10 02-48[39m 
21:27:12.179 .(Exporter.kt:166)               [main]           INFO  - writing to [34mC:\Users\nikky\.dj-session-export\VirtualDJ\2023\2023-07-10 02-48.txt[39m 
21:27:12.179 .(Exporter.kt:216)               [main]           INFO  - writing to [34mC:\Users\nikky\.dj-session-export\VirtualDJ\2023\2023-07-10 02-48.csv[39m 
21:27:12.180 .(Exporter.kt:133)               [main]           INFO  - writing [92m2023-07-10 06-49[39m 
21:27:12.181 .(Exporter.kt:166)               [main]           INFO  - writing to [34mC:\Users\nikky\.dj-session-export\VirtualDJ\2023\2023-07-10 06-49.txt[39m 
21:27:12.181 .(Exporter.kt:216)               [main]           INFO  - writing to [34mC:\Users\nikky\.dj-session-export\VirtualDJ\2023\2023-07-10 06-49.csv[39m 
21:27:12.182 .(Exporter.kt:133)               [main]           INFO  - writing [92m2023-07-11[39m 
21:27:12.182 .(Exporter.kt:166)               [main]           INFO  - writing to [34mC:\Users\nikky\.dj-session-export\VirtualDJ\2023\2023-07-11.txt[39m 
21:27:12.182 .(Exporter.kt:216)               [main]           INFO  - writing to [34mC:\Users\nikky\.dj-session-export\VirtualDJ\2023\2023-07-11.csv[39m 
21:27:12.183 .(Exporter.kt:133)               [main]           INFO  - writing [92m2023-07-11[39m 
21:27:12.183 .(Exporter.kt:166)               [main]           INFO  - writing to [34mC:\Users\nikky\.dj-session-export\VirtualDJ\2023\2023-07-11.txt[39m 
21:27:12.184 .(Exporter.kt:216)               [main]           INFO  - writing to [34mC:\Users\nikky\.dj-session-export\VirtualDJ\2023\2023-07-11.csv[39m 
21:27:12.185 .(Exporter.kt:133)               [main]           INFO  - writing [92m2023-07-11 00-33[39m 
21:27:12.185 .(Exporter.kt:166)               [main]           INFO  - writing to [34mC:\Users\nikky\.dj-session-export\VirtualDJ\2023\2023-07-11 00-33.txt[39m 
21:27:12.186 .(Exporter.kt:216)               [main]           INFO  - writing to [34mC:\Users\nikky\.dj-session-export\VirtualDJ\2023\2023-07-11 00-33.csv[39m 
21:27:12.186 .(Exporter.kt:133)               [main]           INFO  - writing [92m2023-07-11 01-00[39m 
21:27:12.187 .(Exporter.kt:166)               [main]           INFO  - writing to [34mC:\Users\nikky\.dj-session-export\VirtualDJ\2023\2023-07-11 01-00.txt[39m 
21:27:12.188 .(Exporter.kt:216)               [main]           INFO  - writing to [34mC:\Users\nikky\.dj-session-export\VirtualDJ\2023\2023-07-11 01-00.csv[39m 
21:27:12.188 .(Exporter.kt:133)               [main]           INFO  - writing [92m2023-07-12[39m 
21:27:12.189 .(Exporter.kt:166)               [main]           INFO  - writing to [34mC:\Users\nikky\.dj-session-export\VirtualDJ\2023\2023-07-12.txt[39m 
21:27:12.189 .(Exporter.kt:216)               [main]           INFO  - writing to [34mC:\Users\nikky\.dj-session-export\VirtualDJ\2023\2023-07-12.csv[39m 
21:27:12.189 .(Exporter.kt:133)               [main]           INFO  - writing [92m2023-07-12 08-55[39m 
21:27:12.190 .(Exporter.kt:166)               [main]           INFO  - writing to [34mC:\Users\nikky\.dj-session-export\VirtualDJ\2023\2023-07-12 08-55.txt[39m 
21:27:12.191 .(Exporter.kt:216)               [main]           INFO  - writing to [34mC:\Users\nikky\.dj-session-export\VirtualDJ\2023\2023-07-12 08-55.csv[39m 
21:27:12.191 .(Exporter.kt:133)               [main]           INFO  - writing [92m2023-07-13 01-48[39m 
21:27:12.192 .(Exporter.kt:166)               [main]           INFO  - writing to [34mC:\Users\nikky\.dj-session-export\VirtualDJ\2023\2023-07-13 01-48.txt[39m 
21:27:12.192 .(Exporter.kt:216)               [main]           INFO  - writing to [34mC:\Users\nikky\.dj-session-export\VirtualDJ\2023\2023-07-13 01-48.csv[39m 
21:27:12.192 .(Exporter.kt:133)               [main]           INFO  - writing [92m2023-07-13[39m 
21:27:12.193 .(Exporter.kt:166)               [main]           INFO  - writing to [34mC:\Users\nikky\.dj-session-export\VirtualDJ\2023\2023-07-13.txt[39m 
21:27:12.194 .(Exporter.kt:216)               [main]           INFO  - writing to [34mC:\Users\nikky\.dj-session-export\VirtualDJ\2023\2023-07-13.csv[39m 
21:27:12.194 .(Exporter.kt:133)               [main]           INFO  - writing [92m2023-07-14[39m 
21:27:12.195 .(Exporter.kt:166)               [main]           INFO  - writing to [34mC:\Users\nikky\.dj-session-export\VirtualDJ\2023\2023-07-14.txt[39m 
21:27:12.195 .(Exporter.kt:216)               [main]           INFO  - writing to [34mC:\Users\nikky\.dj-session-export\VirtualDJ\2023\2023-07-14.csv[39m 
21:27:12.196 .(Exporter.kt:133)               [main]           INFO  - writing [92m2023-07-15[39m 
21:27:12.196 .(Exporter.kt:166)               [main]           INFO  - writing to [34mC:\Users\nikky\.dj-session-export\VirtualDJ\2023\2023-07-15.txt[39m 
21:27:12.197 .(Exporter.kt:216)               [main]           INFO  - writing to [34mC:\Users\nikky\.dj-session-export\VirtualDJ\2023\2023-07-15.csv[39m 
21:27:12.197 .(Exporter.kt:133)               [main]           INFO  - writing [92m2023-07-22[39m 
21:27:12.198 .(Exporter.kt:166)               [main]           INFO  - writing to [34mC:\Users\nikky\.dj-session-export\VirtualDJ\2023\2023-07-22.txt[39m 
21:27:12.198 .(Exporter.kt:216)               [main]           INFO  - writing to [34mC:\Users\nikky\.dj-session-export\VirtualDJ\2023\2023-07-22.csv[39m 
21:27:12.199 .(Exporter.kt:133)               [main]           INFO  - writing [92m2023-07-24[39m 
21:27:12.199 .(Exporter.kt:166)               [main]           INFO  - writing to [34mC:\Users\nikky\.dj-session-export\VirtualDJ\2023\2023-07-24.txt[39m 
21:27:12.200 .(Exporter.kt:216)               [main]           INFO  - writing to [34mC:\Users\nikky\.dj-session-export\VirtualDJ\2023\2023-07-24.csv[39m 
21:27:12.200 .(Exporter.kt:133)               [main]           INFO  - writing [92m2023-07-24 04-06[39m 
21:27:12.201 .(Exporter.kt:166)               [main]           INFO  - writing to [34mC:\Users\nikky\.dj-session-export\VirtualDJ\2023\2023-07-24 04-06.txt[39m 
21:27:12.202 .(Exporter.kt:216)               [main]           INFO  - writing to [34mC:\Users\nikky\.dj-session-export\VirtualDJ\2023\2023-07-24 04-06.csv[39m 
21:27:12.202 .(Exporter.kt:133)               [main]           INFO  - writing [92m2023-07-24 04-46[39m 
21:27:12.203 .(Exporter.kt:166)               [main]           INFO  - writing to [34mC:\Users\nikky\.dj-session-export\VirtualDJ\2023\2023-07-24 04-46.txt[39m 
21:27:12.203 .(Exporter.kt:216)               [main]           INFO  - writing to [34mC:\Users\nikky\.dj-session-export\VirtualDJ\2023\2023-07-24 04-46.csv[39m 
21:27:12.203 .(Exporter.kt:133)               [main]           INFO  - writing [92m2023-07-24 05-10[39m 
21:27:12.204 .(Exporter.kt:166)               [main]           INFO  - writing to [34mC:\Users\nikky\.dj-session-export\VirtualDJ\2023\2023-07-24 05-10.txt[39m 
21:27:12.205 .(Exporter.kt:216)               [main]           INFO  - writing to [34mC:\Users\nikky\.dj-session-export\VirtualDJ\2023\2023-07-24 05-10.csv[39m 
21:27:12.205 .(Exporter.kt:133)               [main]           INFO  - writing [92m2023-07-25[39m 
21:27:12.205 .(Exporter.kt:166)               [main]           INFO  - writing to [34mC:\Users\nikky\.dj-session-export\VirtualDJ\2023\2023-07-25.txt[39m 
21:27:12.207 .(Exporter.kt:216)               [main]           INFO  - writing to [34mC:\Users\nikky\.dj-session-export\VirtualDJ\2023\2023-07-25.csv[39m 
21:27:12.207 .(Exporter.kt:133)               [main]           INFO  - writing [92m2023-07-25[39m 
21:27:12.207 .(Exporter.kt:166)               [main]           INFO  - writing to [34mC:\Users\nikky\.dj-session-export\VirtualDJ\2023\2023-07-25.txt[39m 
21:27:12.208 .(Exporter.kt:216)               [main]           INFO  - writing to [34mC:\Users\nikky\.dj-session-export\VirtualDJ\2023\2023-07-25.csv[39m 
21:27:12.209 .(Exporter.kt:133)               [main]           INFO  - writing [92m2023-08-07[39m 
21:27:12.209 .(Exporter.kt:166)               [main]           INFO  - writing to [34mC:\Users\nikky\.dj-session-export\VirtualDJ\2023\2023-08-07.txt[39m 
21:27:12.210 .(Exporter.kt:216)               [main]           INFO  - writing to [34mC:\Users\nikky\.dj-session-export\VirtualDJ\2023\2023-08-07.csv[39m 
21:27:12.210 .(Exporter.kt:133)               [main]           INFO  - writing [92m2023-08-07 20-30[39m 
21:27:12.210 .(Exporter.kt:166)               [main]           INFO  - writing to [34mC:\Users\nikky\.dj-session-export\VirtualDJ\2023\2023-08-07 20-30.txt[39m 
21:27:12.211 .(Exporter.kt:216)               [main]           INFO  - writing to [34mC:\Users\nikky\.dj-session-export\VirtualDJ\2023\2023-08-07 20-30.csv[39m 
21:27:12.211 .(Exporter.kt:133)               [main]           INFO  - writing [92m2023-08-08 05-41[39m 
21:27:12.212 .(Exporter.kt:166)               [main]           INFO  - writing to [34mC:\Users\nikky\.dj-session-export\VirtualDJ\2023\2023-08-08 05-41.txt[39m 
21:27:12.212 .(Exporter.kt:216)               [main]           INFO  - writing to [34mC:\Users\nikky\.dj-session-export\VirtualDJ\2023\2023-08-08 05-41.csv[39m 
21:27:12.213 .(Exporter.kt:133)               [main]           INFO  - writing [92m2023-08-08[39m 
21:27:12.213 .(Exporter.kt:166)               [main]           INFO  - writing to [34mC:\Users\nikky\.dj-session-export\VirtualDJ\2023\2023-08-08.txt[39m 
21:27:12.213 .(Exporter.kt:216)               [main]           INFO  - writing to [34mC:\Users\nikky\.dj-session-export\VirtualDJ\2023\2023-08-08.csv[39m 
21:27:12.214 .(Exporter.kt:133)               [main]           INFO  - writing [92m2023-08-08 20-49[39m 
21:27:12.214 .(Exporter.kt:166)               [main]           INFO  - writing to [34mC:\Users\nikky\.dj-session-export\VirtualDJ\2023\2023-08-08 20-49.txt[39m 
21:27:12.216 .(Exporter.kt:216)               [main]           INFO  - writing to [34mC:\Users\nikky\.dj-session-export\VirtualDJ\2023\2023-08-08 20-49.csv[39m 
21:27:12.216 .(Exporter.kt:133)               [main]           INFO  - writing [92m2023-08-08 21-06[39m 
21:27:12.216 .(Exporter.kt:166)               [main]           INFO  - writing to [34mC:\Users\nikky\.dj-session-export\VirtualDJ\2023\2023-08-08 21-06.txt[39m 
21:27:12.217 .(Exporter.kt:216)               [main]           INFO  - writing to [34mC:\Users\nikky\.dj-session-export\VirtualDJ\2023\2023-08-08 21-06.csv[39m 
21:27:12.218 .(Exporter.kt:133)               [main]           INFO  - writing [92m2023-08-14[39m 
21:27:12.219 .(Exporter.kt:166)               [main]           INFO  - writing to [34mC:\Users\nikky\.dj-session-export\VirtualDJ\2023\2023-08-14.txt[39m 
21:27:12.219 .(Exporter.kt:216)               [main]           INFO  - writing to [34mC:\Users\nikky\.dj-session-export\VirtualDJ\2023\2023-08-14.csv[39m 
21:27:12.219 .(Exporter.kt:133)               [main]           INFO  - writing [92m2023-08-17[39m 
21:27:12.220 .(Exporter.kt:166)               [main]           INFO  - writing to [34mC:\Users\nikky\.dj-session-export\VirtualDJ\2023\2023-08-17.txt[39m 
21:27:12.221 .(Exporter.kt:216)               [main]           INFO  - writing to [34mC:\Users\nikky\.dj-session-export\VirtualDJ\2023\2023-08-17.csv[39m 
21:27:12.221 .(Exporter.kt:133)               [main]           INFO  - writing [92m2023-08-18[39m 
21:27:12.222 .(Exporter.kt:166)               [main]           INFO  - writing to [34mC:\Users\nikky\.dj-session-export\VirtualDJ\2023\2023-08-18.txt[39m 
21:27:12.222 .(Exporter.kt:216)               [main]           INFO  - writing to [34mC:\Users\nikky\.dj-session-export\VirtualDJ\2023\2023-08-18.csv[39m 
21:27:12.223 .(Exporter.kt:133)               [main]           INFO  - writing [92m2023-08-18[39m 
21:27:12.224 .(Exporter.kt:166)               [main]           INFO  - writing to [34mC:\Users\nikky\.dj-session-export\VirtualDJ\2023\2023-08-18.txt[39m 
21:27:12.224 .(Exporter.kt:216)               [main]           INFO  - writing to [34mC:\Users\nikky\.dj-session-export\VirtualDJ\2023\2023-08-18.csv[39m 
21:27:12.225 .(Exporter.kt:133)               [main]           INFO  - writing [92m2023-08-25[39m 
21:27:12.225 .(Exporter.kt:166)               [main]           INFO  - writing to [34mC:\Users\nikky\.dj-session-export\VirtualDJ\2023\2023-08-25.txt[39m 
21:27:12.226 .(Exporter.kt:216)               [main]           INFO  - writing to [34mC:\Users\nikky\.dj-session-export\VirtualDJ\2023\2023-08-25.csv[39m 
21:27:12.226 .(Exporter.kt:133)               [main]           INFO  - writing [92m2023-08-25 10-02[39m 
21:27:12.226 .(Exporter.kt:166)               [main]           INFO  - writing to [34mC:\Users\nikky\.dj-session-export\VirtualDJ\2023\2023-08-25 10-02.txt[39m 
21:27:12.228 .(Exporter.kt:216)               [main]           INFO  - writing to [34mC:\Users\nikky\.dj-session-export\VirtualDJ\2023\2023-08-25 10-02.csv[39m 
21:27:12.228 .(Exporter.kt:133)               [main]           INFO  - writing [92m2023-08-26 06-02[39m 
21:27:12.228 .(Exporter.kt:166)               [main]           INFO  - writing to [34mC:\Users\nikky\.dj-session-export\VirtualDJ\2023\2023-08-26 06-02.txt[39m 
21:27:12.229 .(Exporter.kt:216)               [main]           INFO  - writing to [34mC:\Users\nikky\.dj-session-export\VirtualDJ\2023\2023-08-26 06-02.csv[39m 
21:27:12.229 .(Exporter.kt:133)               [main]           INFO  - writing [92m2023-09-05[39m 
21:27:12.230 .(Exporter.kt:166)               [main]           INFO  - writing to [34mC:\Users\nikky\.dj-session-export\VirtualDJ\2023\2023-09-05.txt[39m 
21:27:12.231 .(Exporter.kt:216)               [main]           INFO  - writing to [34mC:\Users\nikky\.dj-session-export\VirtualDJ\2023\2023-09-05.csv[39m 
21:27:12.231 .(Exporter.kt:133)               [main]           INFO  - writing [92m2023-09-06[39m 
21:27:12.232 .(Exporter.kt:166)               [main]           INFO  - writing to [34mC:\Users\nikky\.dj-session-export\VirtualDJ\2023\2023-09-06.txt[39m 
21:27:12.233 .(Exporter.kt:216)               [main]           INFO  - writing to [34mC:\Users\nikky\.dj-session-export\VirtualDJ\2023\2023-09-06.csv[39m 
21:27:12.233 .(Exporter.kt:133)               [main]           INFO  - writing [92m2023-09-06 17-35[39m 
21:27:12.235 .(Exporter.kt:166)               [main]           INFO  - writing to [34mC:\Users\nikky\.dj-session-export\VirtualDJ\2023\2023-09-06 17-35.txt[39m 
21:27:12.236 .(Exporter.kt:216)               [main]           INFO  - writing to [34mC:\Users\nikky\.dj-session-export\VirtualDJ\2023\2023-09-06 17-35.csv[39m 
21:27:12.236 .(Exporter.kt:133)               [main]           INFO  - writing [92m2023-09-06 17-58[39m 
21:27:12.236 .(Exporter.kt:166)               [main]           INFO  - writing to [34mC:\Users\nikky\.dj-session-export\VirtualDJ\2023\2023-09-06 17-58.txt[39m 
21:27:12.238 .(Exporter.kt:216)               [main]           INFO  - writing to [34mC:\Users\nikky\.dj-session-export\VirtualDJ\2023\2023-09-06 17-58.csv[39m 
21:27:12.239 .(Exporter.kt:133)               [main]           INFO  - writing [92m2023-09-07 03-14[39m 
21:27:12.240 .(Exporter.kt:166)               [main]           INFO  - writing to [34mC:\Users\nikky\.dj-session-export\VirtualDJ\2023\2023-09-07 03-14.txt[39m 
21:27:12.241 .(Exporter.kt:216)               [main]           INFO  - writing to [34mC:\Users\nikky\.dj-session-export\VirtualDJ\2023\2023-09-07 03-14.csv[39m 
21:27:12.241 .(Exporter.kt:133)               [main]           INFO  - writing [92m2023-09-07[39m 
21:27:12.242 .(Exporter.kt:166)               [main]           INFO  - writing to [34mC:\Users\nikky\.dj-session-export\VirtualDJ\2023\2023-09-07.txt[39m 
21:27:12.242 .(Exporter.kt:216)               [main]           INFO  - writing to [34mC:\Users\nikky\.dj-session-export\VirtualDJ\2023\2023-09-07.csv[39m 
21:27:12.243 .(Exporter.kt:133)               [main]           INFO  - writing [92m2023-09-09[39m 
21:27:12.244 .(Exporter.kt:166)               [main]           INFO  - writing to [34mC:\Users\nikky\.dj-session-export\VirtualDJ\2023\2023-09-09.txt[39m 
21:27:12.244 .(Exporter.kt:216)               [main]           INFO  - writing to [34mC:\Users\nikky\.dj-session-export\VirtualDJ\2023\2023-09-09.csv[39m 
21:27:12.245 .(Exporter.kt:133)               [main]           INFO  - writing [92m2023-09-09 21-45[39m 
21:27:12.246 .(Exporter.kt:166)               [main]           INFO  - writing to [34mC:\Users\nikky\.dj-session-export\VirtualDJ\2023\2023-09-09 21-45.txt[39m 
21:27:12.246 .(Exporter.kt:216)               [main]           INFO  - writing to [34mC:\Users\nikky\.dj-session-export\VirtualDJ\2023\2023-09-09 21-45.csv[39m 
21:27:12.246 .(Exporter.kt:133)               [main]           INFO  - writing [92m2023-09-09 22-02[39m 
21:27:12.248 .(Exporter.kt:166)               [main]           INFO  - writing to [34mC:\Users\nikky\.dj-session-export\VirtualDJ\2023\2023-09-09 22-02.txt[39m 
21:27:12.248 .(Exporter.kt:216)               [main]           INFO  - writing to [34mC:\Users\nikky\.dj-session-export\VirtualDJ\2023\2023-09-09 22-02.csv[39m 
21:27:12.248 .(Exporter.kt:133)               [main]           INFO  - writing [92m2023-09-14[39m 
21:27:12.249 .(Exporter.kt:166)               [main]           INFO  - writing to [34mC:\Users\nikky\.dj-session-export\VirtualDJ\2023\2023-09-14.txt[39m 
21:27:12.250 .(Exporter.kt:216)               [main]           INFO  - writing to [34mC:\Users\nikky\.dj-session-export\VirtualDJ\2023\2023-09-14.csv[39m 
21:27:12.251 .(Exporter.kt:133)               [main]           INFO  - writing [92m2023-09-15[39m 
21:27:12.252 .(Exporter.kt:166)               [main]           INFO  - writing to [34mC:\Users\nikky\.dj-session-export\VirtualDJ\2023\2023-09-15.txt[39m 
21:27:12.252 .(Exporter.kt:216)               [main]           INFO  - writing to [34mC:\Users\nikky\.dj-session-export\VirtualDJ\2023\2023-09-15.csv[39m 
21:27:12.252 .(Exporter.kt:133)               [main]           INFO  - writing [92m2023-09-16[39m 
21:27:12.253 .(Exporter.kt:166)               [main]           INFO  - writing to [34mC:\Users\nikky\.dj-session-export\VirtualDJ\2023\2023-09-16.txt[39m 
21:27:12.254 .(Exporter.kt:216)               [main]           INFO  - writing to [34mC:\Users\nikky\.dj-session-export\VirtualDJ\2023\2023-09-16.csv[39m 
21:27:12.254 .(Exporter.kt:133)               [main]           INFO  - writing [92m2023-09-17[39m 
21:27:12.255 .(Exporter.kt:166)               [main]           INFO  - writing to [34mC:\Users\nikky\.dj-session-export\VirtualDJ\2023\2023-09-17.txt[39m 
21:27:12.255 .(Exporter.kt:216)               [main]           INFO  - writing to [34mC:\Users\nikky\.dj-session-export\VirtualDJ\2023\2023-09-17.csv[39m 
21:27:12.256 .(Exporter.kt:133)               [main]           INFO  - writing [92m2023-09-17 01-51[39m 
21:27:12.257 .(Exporter.kt:166)               [main]           INFO  - writing to [34mC:\Users\nikky\.dj-session-export\VirtualDJ\2023\2023-09-17 01-51.txt[39m 
21:27:12.257 .(Exporter.kt:216)               [main]           INFO  - writing to [34mC:\Users\nikky\.dj-session-export\VirtualDJ\2023\2023-09-17 01-51.csv[39m 
21:27:12.257 .(Exporter.kt:133)               [main]           INFO  - writing [92m2023-09-17 02-17[39m 
21:27:12.258 .(Exporter.kt:166)               [main]           INFO  - writing to [34mC:\Users\nikky\.dj-session-export\VirtualDJ\2023\2023-09-17 02-17.txt[39m 
21:27:12.259 .(Exporter.kt:216)               [main]           INFO  - writing to [34mC:\Users\nikky\.dj-session-export\VirtualDJ\2023\2023-09-17 02-17.csv[39m 
21:27:12.259 .(Exporter.kt:133)               [main]           INFO  - writing [92m2023-09-18[39m 
21:27:12.259 .(Exporter.kt:166)               [main]           INFO  - writing to [34mC:\Users\nikky\.dj-session-export\VirtualDJ\2023\2023-09-18.txt[39m 
21:27:12.260 .(Exporter.kt:216)               [main]           INFO  - writing to [34mC:\Users\nikky\.dj-session-export\VirtualDJ\2023\2023-09-18.csv[39m 
21:27:12.261 .(Exporter.kt:133)               [main]           INFO  - writing [92m2023-09-22[39m 
21:27:12.261 .(Exporter.kt:166)               [main]           INFO  - writing to [34mC:\Users\nikky\.dj-session-export\VirtualDJ\2023\2023-09-22.txt[39m 
21:27:12.262 .(Exporter.kt:216)               [main]           INFO  - writing to [34mC:\Users\nikky\.dj-session-export\VirtualDJ\2023\2023-09-22.csv[39m 
21:27:12.262 .(Exporter.kt:133)               [main]           INFO  - writing [92m2023-09-28[39m 
21:27:12.262 .(Exporter.kt:166)               [main]           INFO  - writing to [34mC:\Users\nikky\.dj-session-export\VirtualDJ\2023\2023-09-28.txt[39m 
21:27:12.263 .(Exporter.kt:216)               [main]           INFO  - writing to [34mC:\Users\nikky\.dj-session-export\VirtualDJ\2023\2023-09-28.csv[39m 
21:27:12.264 .(Exporter.kt:133)               [main]           INFO  - writing [92m2023-09-28[39m 
21:27:12.265 .(Exporter.kt:166)               [main]           INFO  - writing to [34mC:\Users\nikky\.dj-session-export\VirtualDJ\2023\2023-09-28.txt[39m 
21:27:12.265 .(Exporter.kt:216)               [main]           INFO  - writing to [34mC:\Users\nikky\.dj-session-export\VirtualDJ\2023\2023-09-28.csv[39m 
21:27:12.266 .(Exporter.kt:133)               [main]           INFO  - writing [92m2023-09-30[39m 
21:27:12.266 .(Exporter.kt:166)               [main]           INFO  - writing to [34mC:\Users\nikky\.dj-session-export\VirtualDJ\2023\2023-09-30.txt[39m 
21:27:12.267 .(Exporter.kt:216)               [main]           INFO  - writing to [34mC:\Users\nikky\.dj-session-export\VirtualDJ\2023\2023-09-30.csv[39m 
21:27:12.268 .(Exporter.kt:133)               [main]           INFO  - writing [92m2023-09-30 17-33[39m 
21:27:12.268 .(Exporter.kt:166)               [main]           INFO  - writing to [34mC:\Users\nikky\.dj-session-export\VirtualDJ\2023\2023-09-30 17-33.txt[39m 
21:27:12.268 .(Exporter.kt:216)               [main]           INFO  - writing to [34mC:\Users\nikky\.dj-session-export\VirtualDJ\2023\2023-09-30 17-33.csv[39m 
21:27:12.269 .(Exporter.kt:133)               [main]           INFO  - writing [92m2023-10-01 00-04[39m 
21:27:12.270 .(Exporter.kt:166)               [main]           INFO  - writing to [34mC:\Users\nikky\.dj-session-export\VirtualDJ\2023\2023-10-01 00-04.txt[39m 
21:27:12.270 .(Exporter.kt:216)               [main]           INFO  - writing to [34mC:\Users\nikky\.dj-session-export\VirtualDJ\2023\2023-10-01 00-04.csv[39m 
21:27:12.271 .(Exporter.kt:133)               [main]           INFO  - writing [92m2023-10-03[39m 
21:27:12.271 .(Exporter.kt:166)               [main]           INFO  - writing to [34mC:\Users\nikky\.dj-session-export\VirtualDJ\2023\2023-10-03.txt[39m 
21:27:12.273 .(Exporter.kt:216)               [main]           INFO  - writing to [34mC:\Users\nikky\.dj-session-export\VirtualDJ\2023\2023-10-03.csv[39m 
21:27:12.273 .(Exporter.kt:133)               [main]           INFO  - writing [92m2023-10-04[39m 
21:27:12.273 .(Exporter.kt:166)               [main]           INFO  - writing to [34mC:\Users\nikky\.dj-session-export\VirtualDJ\2023\2023-10-04.txt[39m 
21:27:12.274 .(Exporter.kt:216)               [main]           INFO  - writing to [34mC:\Users\nikky\.dj-session-export\VirtualDJ\2023\2023-10-04.csv[39m 
21:27:12.275 .(Exporter.kt:133)               [main]           INFO  - writing [92m2023-10-05[39m 
21:27:12.275 .(Exporter.kt:166)               [main]           INFO  - writing to [34mC:\Users\nikky\.dj-session-export\VirtualDJ\2023\2023-10-05.txt[39m 
21:27:12.276 .(Exporter.kt:216)               [main]           INFO  - writing to [34mC:\Users\nikky\.dj-session-export\VirtualDJ\2023\2023-10-05.csv[39m 
21:27:12.276 .(Exporter.kt:133)               [main]           INFO  - writing [92m2023-10-05 16-01[39m 
21:27:12.277 .(Exporter.kt:166)               [main]           INFO  - writing to [34mC:\Users\nikky\.dj-session-export\VirtualDJ\2023\2023-10-05 16-01.txt[39m 
21:27:12.278 .(Exporter.kt:216)               [main]           INFO  - writing to [34mC:\Users\nikky\.dj-session-export\VirtualDJ\2023\2023-10-05 16-01.csv[39m 
21:27:12.278 .(Exporter.kt:133)               [main]           INFO  - writing [92m2023-10-05 22-03[39m 
21:27:12.279 .(Exporter.kt:166)               [main]           INFO  - writing to [34mC:\Users\nikky\.dj-session-export\VirtualDJ\2023\2023-10-05 22-03.txt[39m 
21:27:12.279 .(Exporter.kt:216)               [main]           INFO  - writing to [34mC:\Users\nikky\.dj-session-export\VirtualDJ\2023\2023-10-05 22-03.csv[39m 
21:27:12.279 .(Exporter.kt:133)               [main]           INFO  - writing [92m2023-10-08[39m 
21:27:12.280 .(Exporter.kt:166)               [main]           INFO  - writing to [34mC:\Users\nikky\.dj-session-export\VirtualDJ\2023\2023-10-08.txt[39m 
21:27:12.281 .(Exporter.kt:216)               [main]           INFO  - writing to [34mC:\Users\nikky\.dj-session-export\VirtualDJ\2023\2023-10-08.csv[39m 
21:27:12.281 .(Exporter.kt:133)               [main]           INFO  - writing [92m2023-10-11[39m 
21:27:12.282 .(Exporter.kt:166)               [main]           INFO  - writing to [34mC:\Users\nikky\.dj-session-export\VirtualDJ\2023\2023-10-11.txt[39m 
21:27:12.282 .(Exporter.kt:216)               [main]           INFO  - writing to [34mC:\Users\nikky\.dj-session-export\VirtualDJ\2023\2023-10-11.csv[39m 
21:27:12.282 .(Exporter.kt:133)               [main]           INFO  - writing [92m2023-10-11 18-00[39m 
21:27:12.283 .(Exporter.kt:166)               [main]           INFO  - writing to [34mC:\Users\nikky\.dj-session-export\VirtualDJ\2023\2023-10-11 18-00.txt[39m 
21:27:12.283 .(Exporter.kt:216)               [main]           INFO  - writing to [34mC:\Users\nikky\.dj-session-export\VirtualDJ\2023\2023-10-11 18-00.csv[39m 
21:27:12.283 .(Exporter.kt:133)               [main]           INFO  - writing [92m2023-10-12 04-19[39m 
21:27:12.285 .(Exporter.kt:166)               [main]           INFO  - writing to [34mC:\Users\nikky\.dj-session-export\VirtualDJ\2023\2023-10-12 04-19.txt[39m 
21:27:12.285 .(Exporter.kt:216)               [main]           INFO  - writing to [34mC:\Users\nikky\.dj-session-export\VirtualDJ\2023\2023-10-12 04-19.csv[39m 
21:27:12.286 .(Exporter.kt:133)               [main]           INFO  - writing [92m2023-10-12 04-58[39m 
21:27:12.286 .(Exporter.kt:166)               [main]           INFO  - writing to [34mC:\Users\nikky\.dj-session-export\VirtualDJ\2023\2023-10-12 04-58.txt[39m 
21:27:12.286 .(Exporter.kt:216)               [main]           INFO  - writing to [34mC:\Users\nikky\.dj-session-export\VirtualDJ\2023\2023-10-12 04-58.csv[39m 
21:27:12.286 .(Exporter.kt:133)               [main]           INFO  - writing [92m2023-10-12 05-16[39m 
21:27:12.288 .(Exporter.kt:166)               [main]           INFO  - writing to [34mC:\Users\nikky\.dj-session-export\VirtualDJ\2023\2023-10-12 05-16.txt[39m 
21:27:12.288 .(Exporter.kt:216)               [main]           INFO  - writing to [34mC:\Users\nikky\.dj-session-export\VirtualDJ\2023\2023-10-12 05-16.csv[39m 
21:27:12.288 .(Exporter.kt:133)               [main]           INFO  - writing [92m2023-10-15[39m 
21:27:12.289 .(Exporter.kt:166)               [main]           INFO  - writing to [34mC:\Users\nikky\.dj-session-export\VirtualDJ\2023\2023-10-15.txt[39m 
21:27:12.289 .(Exporter.kt:216)               [main]           INFO  - writing to [34mC:\Users\nikky\.dj-session-export\VirtualDJ\2023\2023-10-15.csv[39m 
21:27:12.289 .(Exporter.kt:133)               [main]           INFO  - writing [92m2023-10-15 00-40[39m 
21:27:12.290 .(Exporter.kt:166)               [main]           INFO  - writing to [34mC:\Users\nikky\.dj-session-export\VirtualDJ\2023\2023-10-15 00-40.txt[39m 
21:27:12.291 .(Exporter.kt:216)               [main]           INFO  - writing to [34mC:\Users\nikky\.dj-session-export\VirtualDJ\2023\2023-10-15 00-40.csv[39m 
21:27:12.291 .(Exporter.kt:133)               [main]           INFO  - writing [92m2023-10-15 01-03[39m 
21:27:12.292 .(Exporter.kt:166)               [main]           INFO  - writing to [34mC:\Users\nikky\.dj-session-export\VirtualDJ\2023\2023-10-15 01-03.txt[39m 
21:27:12.292 .(Exporter.kt:216)               [main]           INFO  - writing to [34mC:\Users\nikky\.dj-session-export\VirtualDJ\2023\2023-10-15 01-03.csv[39m 
21:27:12.292 .(Exporter.kt:133)               [main]           INFO  - writing [92m2023-10-17[39m 
21:27:12.294 .(Exporter.kt:166)               [main]           INFO  - writing to [34mC:\Users\nikky\.dj-session-export\VirtualDJ\2023\2023-10-17.txt[39m 
21:27:12.294 .(Exporter.kt:216)               [main]           INFO  - writing to [34mC:\Users\nikky\.dj-session-export\VirtualDJ\2023\2023-10-17.csv[39m 
21:27:12.294 .(Exporter.kt:133)               [main]           INFO  - writing [92m2023-10-17 10-05[39m 
21:27:12.295 .(Exporter.kt:166)               [main]           INFO  - writing to [34mC:\Users\nikky\.dj-session-export\VirtualDJ\2023\2023-10-17 10-05.txt[39m 
21:27:12.296 .(Exporter.kt:216)               [main]           INFO  - writing to [34mC:\Users\nikky\.dj-session-export\VirtualDJ\2023\2023-10-17 10-05.csv[39m 
21:27:12.296 .(Exporter.kt:133)               [main]           INFO  - writing [92m2023-10-17 21-21[39m 
21:27:12.297 .(Exporter.kt:166)               [main]           INFO  - writing to [34mC:\Users\nikky\.dj-session-export\VirtualDJ\2023\2023-10-17 21-21.txt[39m 
21:27:12.297 .(Exporter.kt:216)               [main]           INFO  - writing to [34mC:\Users\nikky\.dj-session-export\VirtualDJ\2023\2023-10-17 21-21.csv[39m 
21:27:12.298 .(Exporter.kt:133)               [main]           INFO  - writing [92m2023-10-19[39m 
21:27:12.298 .(Exporter.kt:166)               [main]           INFO  - writing to [34mC:\Users\nikky\.dj-session-export\VirtualDJ\2023\2023-10-19.txt[39m 
21:27:12.298 .(Exporter.kt:216)               [main]           INFO  - writing to [34mC:\Users\nikky\.dj-session-export\VirtualDJ\2023\2023-10-19.csv[39m 
21:27:12.298 .(Exporter.kt:133)               [main]           INFO  - writing [92m2023-10-19 04-43[39m 
21:27:12.300 .(Exporter.kt:166)               [main]           INFO  - writing to [34mC:\Users\nikky\.dj-session-export\VirtualDJ\2023\2023-10-19 04-43.txt[39m 
21:27:12.300 .(Exporter.kt:216)               [main]           INFO  - writing to [34mC:\Users\nikky\.dj-session-export\VirtualDJ\2023\2023-10-19 04-43.csv[39m 
21:27:12.301 .(Exporter.kt:133)               [main]           INFO  - writing [92m2023-10-19 05-04[39m 
21:27:12.301 .(Exporter.kt:166)               [main]           INFO  - writing to [34mC:\Users\nikky\.dj-session-export\VirtualDJ\2023\2023-10-19 05-04.txt[39m 
21:27:12.302 .(Exporter.kt:216)               [main]           INFO  - writing to [34mC:\Users\nikky\.dj-session-export\VirtualDJ\2023\2023-10-19 05-04.csv[39m 
21:27:12.302 .(Exporter.kt:133)               [main]           INFO  - writing [92m2023-10-24[39m 
21:27:12.302 .(Exporter.kt:166)               [main]           INFO  - writing to [34mC:\Users\nikky\.dj-session-export\VirtualDJ\2023\2023-10-24.txt[39m 
21:27:12.303 .(Exporter.kt:216)               [main]           INFO  - writing to [34mC:\Users\nikky\.dj-session-export\VirtualDJ\2023\2023-10-24.csv[39m 
21:27:12.303 .(Exporter.kt:133)               [main]           INFO  - writing [92m2023-10-25[39m 
21:27:12.304 .(Exporter.kt:166)               [main]           INFO  - writing to [34mC:\Users\nikky\.dj-session-export\VirtualDJ\2023\2023-10-25.txt[39m 
21:27:12.304 .(Exporter.kt:216)               [main]           INFO  - writing to [34mC:\Users\nikky\.dj-session-export\VirtualDJ\2023\2023-10-25.csv[39m 
21:27:12.305 .(Exporter.kt:133)               [main]           INFO  - writing [92m2023-10-25 03-57[39m 
21:27:12.306 .(Exporter.kt:166)               [main]           INFO  - writing to [34mC:\Users\nikky\.dj-session-export\VirtualDJ\2023\2023-10-25 03-57.txt[39m 
21:27:12.306 .(Exporter.kt:216)               [main]           INFO  - writing to [34mC:\Users\nikky\.dj-session-export\VirtualDJ\2023\2023-10-25 03-57.csv[39m 
21:27:12.306 .(Exporter.kt:133)               [main]           INFO  - writing [92m2023-10-25 05-24[39m 
21:27:12.308 .(Exporter.kt:166)               [main]           INFO  - writing to [34mC:\Users\nikky\.dj-session-export\VirtualDJ\2023\2023-10-25 05-24.txt[39m 
21:27:12.308 .(Exporter.kt:216)               [main]           INFO  - writing to [34mC:\Users\nikky\.dj-session-export\VirtualDJ\2023\2023-10-25 05-24.csv[39m 
21:27:12.309 .(Exporter.kt:133)               [main]           INFO  - writing [92m2023-10-27[39m 
21:27:12.309 .(Exporter.kt:166)               [main]           INFO  - writing to [34mC:\Users\nikky\.dj-session-export\VirtualDJ\2023\2023-10-27.txt[39m 
21:27:12.309 .(Exporter.kt:216)               [main]           INFO  - writing to [34mC:\Users\nikky\.dj-session-export\VirtualDJ\2023\2023-10-27.csv[39m 
21:27:12.310 .(Exporter.kt:133)               [main]           INFO  - writing [92m2023-10-27[39m 
21:27:12.311 .(Exporter.kt:166)               [main]           INFO  - writing to [34mC:\Users\nikky\.dj-session-export\VirtualDJ\2023\2023-10-27.txt[39m 
21:27:12.311 .(Exporter.kt:216)               [main]           INFO  - writing to [34mC:\Users\nikky\.dj-session-export\VirtualDJ\2023\2023-10-27.csv[39m 
21:27:12.311 .(Exporter.kt:133)               [main]           INFO  - writing [92m2023-10-27 03-51[39m 
21:27:12.312 .(Exporter.kt:166)               [main]           INFO  - writing to [34mC:\Users\nikky\.dj-session-export\VirtualDJ\2023\2023-10-27 03-51.txt[39m 
21:27:12.312 .(Exporter.kt:216)               [main]           INFO  - writing to [34mC:\Users\nikky\.dj-session-export\VirtualDJ\2023\2023-10-27 03-51.csv[39m 
21:27:12.312 .(Exporter.kt:133)               [main]           INFO  - writing [92m2023-10-27 05-07[39m 
21:27:12.313 .(Exporter.kt:166)               [main]           INFO  - writing to [34mC:\Users\nikky\.dj-session-export\VirtualDJ\2023\2023-10-27 05-07.txt[39m 
21:27:12.314 .(Exporter.kt:216)               [main]           INFO  - writing to [34mC:\Users\nikky\.dj-session-export\VirtualDJ\2023\2023-10-27 05-07.csv[39m 
21:27:12.314 .(Exporter.kt:133)               [main]           INFO  - writing [92m2023-10-30[39m 
21:27:12.315 .(Exporter.kt:166)               [main]           INFO  - writing to [34mC:\Users\nikky\.dj-session-export\VirtualDJ\2023\2023-10-30.txt[39m 
21:27:12.315 .(Exporter.kt:216)               [main]           INFO  - writing to [34mC:\Users\nikky\.dj-session-export\VirtualDJ\2023\2023-10-30.csv[39m 
21:27:12.316 .(Exporter.kt:133)               [main]           INFO  - writing [92m2023-10-30 00-56[39m 
21:27:12.316 .(Exporter.kt:166)               [main]           INFO  - writing to [34mC:\Users\nikky\.dj-session-export\VirtualDJ\2023\2023-10-30 00-56.txt[39m 
21:27:12.317 .(Exporter.kt:216)               [main]           INFO  - writing to [34mC:\Users\nikky\.dj-session-export\VirtualDJ\2023\2023-10-30 00-56.csv[39m 
21:27:12.317 .(Exporter.kt:133)               [main]           INFO  - writing [92m2023-10-30 01-20[39m 
21:27:12.318 .(Exporter.kt:166)               [main]           INFO  - writing to [34mC:\Users\nikky\.dj-session-export\VirtualDJ\2023\2023-10-30 01-20.txt[39m 
21:27:12.318 .(Exporter.kt:216)               [main]           INFO  - writing to [34mC:\Users\nikky\.dj-session-export\VirtualDJ\2023\2023-10-30 01-20.csv[39m 
21:27:12.318 .(Exporter.kt:133)               [main]           INFO  - writing [92m2023-10-30 01-53[39m 
21:27:12.319 .(Exporter.kt:166)               [main]           INFO  - writing to [34mC:\Users\nikky\.dj-session-export\VirtualDJ\2023\2023-10-30 01-53.txt[39m 
21:27:12.319 .(Exporter.kt:216)               [main]           INFO  - writing to [34mC:\Users\nikky\.dj-session-export\VirtualDJ\2023\2023-10-30 01-53.csv[39m 
21:27:12.320 .(Exporter.kt:133)               [main]           INFO  - writing [92m2023-10-30 02-10[39m 
21:27:12.321 .(Exporter.kt:166)               [main]           INFO  - writing to [34mC:\Users\nikky\.dj-session-export\VirtualDJ\2023\2023-10-30 02-10.txt[39m 
21:27:12.321 .(Exporter.kt:216)               [main]           INFO  - writing to [34mC:\Users\nikky\.dj-session-export\VirtualDJ\2023\2023-10-30 02-10.csv[39m 
21:27:12.321 .(Exporter.kt:133)               [main]           INFO  - writing [92m2023-10-30 03-44[39m 
21:27:12.322 .(Exporter.kt:166)               [main]           INFO  - writing to [34mC:\Users\nikky\.dj-session-export\VirtualDJ\2023\2023-10-30 03-44.txt[39m 
21:27:12.322 .(Exporter.kt:216)               [main]           INFO  - writing to [34mC:\Users\nikky\.dj-session-export\VirtualDJ\2023\2023-10-30 03-44.csv[39m 
21:27:12.323 .(Exporter.kt:133)               [main]           INFO  - writing [92m2023-10-30 04-56[39m 
21:27:12.324 .(Exporter.kt:166)               [main]           INFO  - writing to [34mC:\Users\nikky\.dj-session-export\VirtualDJ\2023\2023-10-30 04-56.txt[39m 
21:27:12.324 .(Exporter.kt:216)               [main]           INFO  - writing to [34mC:\Users\nikky\.dj-session-export\VirtualDJ\2023\2023-10-30 04-56.csv[39m 
21:27:12.325 .(Exporter.kt:133)               [main]           INFO  - writing [92m2023-11-01[39m 
21:27:12.325 .(Exporter.kt:166)               [main]           INFO  - writing to [34mC:\Users\nikky\.dj-session-export\VirtualDJ\2023\2023-11-01.txt[39m 
21:27:12.326 .(Exporter.kt:216)               [main]           INFO  - writing to [34mC:\Users\nikky\.dj-session-export\VirtualDJ\2023\2023-11-01.csv[39m 
21:27:12.326 .(Exporter.kt:133)               [main]           INFO  - writing [92m2023-11-01[39m 
21:27:12.327 .(Exporter.kt:166)               [main]           INFO  - writing to [34mC:\Users\nikky\.dj-session-export\VirtualDJ\2023\2023-11-01.txt[39m 
21:27:12.327 .(Exporter.kt:216)               [main]           INFO  - writing to [34mC:\Users\nikky\.dj-session-export\VirtualDJ\2023\2023-11-01.csv[39m 
21:27:12.327 .(Exporter.kt:133)               [main]           INFO  - writing [92m2023-11-04[39m 
21:27:12.328 .(Exporter.kt:166)               [main]           INFO  - writing to [34mC:\Users\nikky\.dj-session-export\VirtualDJ\2023\2023-11-04.txt[39m 
21:27:12.328 .(Exporter.kt:216)               [main]           INFO  - writing to [34mC:\Users\nikky\.dj-session-export\VirtualDJ\2023\2023-11-04.csv[39m 
21:27:12.329 .(Exporter.kt:133)               [main]           INFO  - writing [92m2023-11-08[39m 
21:27:12.329 .(Exporter.kt:166)               [main]           INFO  - writing to [34mC:\Users\nikky\.dj-session-export\VirtualDJ\2023\2023-11-08.txt[39m 
21:27:12.331 .(Exporter.kt:216)               [main]           INFO  - writing to [34mC:\Users\nikky\.dj-session-export\VirtualDJ\2023\2023-11-08.csv[39m 
21:27:12.331 .(Exporter.kt:133)               [main]           INFO  - writing [92m2023-11-08 17-13[39m 
21:27:12.332 .(Exporter.kt:166)               [main]           INFO  - writing to [34mC:\Users\nikky\.dj-session-export\VirtualDJ\2023\2023-11-08 17-13.txt[39m 
21:27:12.332 .(Exporter.kt:216)               [main]           INFO  - writing to [34mC:\Users\nikky\.dj-session-export\VirtualDJ\2023\2023-11-08 17-13.csv[39m 
21:27:12.332 .(Exporter.kt:133)               [main]           INFO  - writing [92m2023-11-08 17-35[39m 
21:27:12.332 .(Exporter.kt:166)               [main]           INFO  - writing to [34mC:\Users\nikky\.dj-session-export\VirtualDJ\2023\2023-11-08 17-35.txt[39m 
21:27:12.333 .(Exporter.kt:216)               [main]           INFO  - writing to [34mC:\Users\nikky\.dj-session-export\VirtualDJ\2023\2023-11-08 17-35.csv[39m 
21:27:12.333 .(Exporter.kt:133)               [main]           INFO  - writing [92m2023-11-08 18-08[39m 
21:27:12.335 .(Exporter.kt:166)               [main]           INFO  - writing to [34mC:\Users\nikky\.dj-session-export\VirtualDJ\2023\2023-11-08 18-08.txt[39m 
21:27:12.336 .(Exporter.kt:216)               [main]           INFO  - writing to [34mC:\Users\nikky\.dj-session-export\VirtualDJ\2023\2023-11-08 18-08.csv[39m 
21:27:12.336 .(Exporter.kt:133)               [main]           INFO  - writing [92m2023-11-08 18-25[39m 
21:27:12.336 .(Exporter.kt:166)               [main]           INFO  - writing to [34mC:\Users\nikky\.dj-session-export\VirtualDJ\2023\2023-11-08 18-25.txt[39m 
21:27:12.338 .(Exporter.kt:216)               [main]           INFO  - writing to [34mC:\Users\nikky\.dj-session-export\VirtualDJ\2023\2023-11-08 18-25.csv[39m 
21:27:12.339 .(Exporter.kt:133)               [main]           INFO  - writing [92m2023-11-10[39m 
21:27:12.341 .(Exporter.kt:166)               [main]           INFO  - writing to [34mC:\Users\nikky\.dj-session-export\VirtualDJ\2023\2023-11-10.txt[39m 
21:27:12.341 .(Exporter.kt:216)               [main]           INFO  - writing to [34mC:\Users\nikky\.dj-session-export\VirtualDJ\2023\2023-11-10.csv[39m 
21:27:12.342 .(Exporter.kt:133)               [main]           INFO  - writing [92m2023-11-10 16-06[39m 
21:27:12.342 .(Exporter.kt:166)               [main]           INFO  - writing to [34mC:\Users\nikky\.dj-session-export\VirtualDJ\2023\2023-11-10 16-06.txt[39m 
21:27:12.342 .(Exporter.kt:216)               [main]           INFO  - writing to [34mC:\Users\nikky\.dj-session-export\VirtualDJ\2023\2023-11-10 16-06.csv[39m 
21:27:12.343 .(Exporter.kt:133)               [main]           INFO  - writing [92m2023-11-10 18-03[39m 
21:27:12.344 .(Exporter.kt:166)               [main]           INFO  - writing to [34mC:\Users\nikky\.dj-session-export\VirtualDJ\2023\2023-11-10 18-03.txt[39m 
21:27:12.344 .(Exporter.kt:216)               [main]           INFO  - writing to [34mC:\Users\nikky\.dj-session-export\VirtualDJ\2023\2023-11-10 18-03.csv[39m 
21:27:12.344 .(Exporter.kt:133)               [main]           INFO  - writing [92m2023-11-10 18-32[39m 
21:27:12.345 .(Exporter.kt:166)               [main]           INFO  - writing to [34mC:\Users\nikky\.dj-session-export\VirtualDJ\2023\2023-11-10 18-32.txt[39m 
21:27:12.345 .(Exporter.kt:216)               [main]           INFO  - writing to [34mC:\Users\nikky\.dj-session-export\VirtualDJ\2023\2023-11-10 18-32.csv[39m 
21:27:12.346 .(Exporter.kt:133)               [main]           INFO  - writing [92m2023-11-10 19-32[39m 
21:27:12.346 .(Exporter.kt:166)               [main]           INFO  - writing to [34mC:\Users\nikky\.dj-session-export\VirtualDJ\2023\2023-11-10 19-32.txt[39m 
21:27:12.346 .(Exporter.kt:216)               [main]           INFO  - writing to [34mC:\Users\nikky\.dj-session-export\VirtualDJ\2023\2023-11-10 19-32.csv[39m 
21:27:12.347 .(Exporter.kt:133)               [main]           INFO  - writing [92m2023-11-10 22-03[39m 
21:27:12.348 .(Exporter.kt:166)               [main]           INFO  - writing to [34mC:\Users\nikky\.dj-session-export\VirtualDJ\2023\2023-11-10 22-03.txt[39m 
21:27:12.348 .(Exporter.kt:216)               [main]           INFO  - writing to [34mC:\Users\nikky\.dj-session-export\VirtualDJ\2023\2023-11-10 22-03.csv[39m 
21:27:12.349 .(Exporter.kt:133)               [main]           INFO  - writing [92m2023-11-21[39m 
21:27:12.349 .(Exporter.kt:166)               [main]           INFO  - writing to [34mC:\Users\nikky\.dj-session-export\VirtualDJ\2023\2023-11-21.txt[39m 
21:27:12.349 .(Exporter.kt:216)               [main]           INFO  - writing to [34mC:\Users\nikky\.dj-session-export\VirtualDJ\2023\2023-11-21.csv[39m 
21:27:12.350 .(Exporter.kt:133)               [main]           INFO  - writing [92m2023-11-22[39m 
21:27:12.351 .(Exporter.kt:166)               [main]           INFO  - writing to [34mC:\Users\nikky\.dj-session-export\VirtualDJ\2023\2023-11-22.txt[39m 
21:27:12.351 .(Exporter.kt:216)               [main]           INFO  - writing to [34mC:\Users\nikky\.dj-session-export\VirtualDJ\2023\2023-11-22.csv[39m 
21:27:12.352 .(Exporter.kt:133)               [main]           INFO  - writing [92m2023-11-22 17-36[39m 
21:27:12.352 .(Exporter.kt:166)               [main]           INFO  - writing to [34mC:\Users\nikky\.dj-session-export\VirtualDJ\2023\2023-11-22 17-36.txt[39m 
21:27:12.352 .(Exporter.kt:216)               [main]           INFO  - writing to [34mC:\Users\nikky\.dj-session-export\VirtualDJ\2023\2023-11-22 17-36.csv[39m 
21:27:12.352 .(Exporter.kt:133)               [main]           INFO  - writing [92m2023-11-22 21-01[39m 
21:27:12.354 .(Exporter.kt:166)               [main]           INFO  - writing to [34mC:\Users\nikky\.dj-session-export\VirtualDJ\2023\2023-11-22 21-01.txt[39m 
21:27:12.354 .(Exporter.kt:216)               [main]           INFO  - writing to [34mC:\Users\nikky\.dj-session-export\VirtualDJ\2023\2023-11-22 21-01.csv[39m 
21:27:12.354 .(Exporter.kt:133)               [main]           INFO  - writing [92m2023-11-25[39m 
21:27:12.355 .(Exporter.kt:166)               [main]           INFO  - writing to [34mC:\Users\nikky\.dj-session-export\VirtualDJ\2023\2023-11-25.txt[39m 
21:27:12.356 .(Exporter.kt:216)               [main]           INFO  - writing to [34mC:\Users\nikky\.dj-session-export\VirtualDJ\2023\2023-11-25.csv[39m 
21:27:12.356 .(Exporter.kt:133)               [main]           INFO  - writing [92m2023-11-25 01-08[39m 
21:27:12.356 .(Exporter.kt:166)               [main]           INFO  - writing to [34mC:\Users\nikky\.dj-session-export\VirtualDJ\2023\2023-11-25 01-08.txt[39m 
21:27:12.357 .(Exporter.kt:216)               [main]           INFO  - writing to [34mC:\Users\nikky\.dj-session-export\VirtualDJ\2023\2023-11-25 01-08.csv[39m 
21:27:12.357 .(Exporter.kt:133)               [main]           INFO  - writing [92m2023-11-25 03-19[39m 
21:27:12.358 .(Exporter.kt:166)               [main]           INFO  - writing to [34mC:\Users\nikky\.dj-session-export\VirtualDJ\2023\2023-11-25 03-19.txt[39m 
21:27:12.359 .(Exporter.kt:216)               [main]           INFO  - writing to [34mC:\Users\nikky\.dj-session-export\VirtualDJ\2023\2023-11-25 03-19.csv[39m 
21:27:12.359 .(Exporter.kt:133)               [main]           INFO  - writing [92m2023-11-30[39m 
21:27:12.360 .(Exporter.kt:166)               [main]           INFO  - writing to [34mC:\Users\nikky\.dj-session-export\VirtualDJ\2023\2023-11-30.txt[39m 
21:27:12.360 .(Exporter.kt:216)               [main]           INFO  - writing to [34mC:\Users\nikky\.dj-session-export\VirtualDJ\2023\2023-11-30.csv[39m 
21:27:12.360 .(Exporter.kt:133)               [main]           INFO  - writing [92m2023-11-30 17-56[39m 
21:27:12.361 .(Exporter.kt:166)               [main]           INFO  - writing to [34mC:\Users\nikky\.dj-session-export\VirtualDJ\2023\2023-11-30 17-56.txt[39m 
21:27:12.362 .(Exporter.kt:216)               [main]           INFO  - writing to [34mC:\Users\nikky\.dj-session-export\VirtualDJ\2023\2023-11-30 17-56.csv[39m 
21:27:12.362 .(Exporter.kt:133)               [main]           INFO  - writing [92m2023-12-01 01-42[39m 
21:27:12.363 .(Exporter.kt:166)               [main]           INFO  - writing to [34mC:\Users\nikky\.dj-session-export\VirtualDJ\2023\2023-12-01 01-42.txt[39m 
21:27:12.363 .(Exporter.kt:216)               [main]           INFO  - writing to [34mC:\Users\nikky\.dj-session-export\VirtualDJ\2023\2023-12-01 01-42.csv[39m 
21:27:12.363 .(Exporter.kt:133)               [main]           INFO  - writing [92m2023-12-06[39m 
21:27:12.364 .(Exporter.kt:166)               [main]           INFO  - writing to [34mC:\Users\nikky\.dj-session-export\VirtualDJ\2023\2023-12-06.txt[39m 
21:27:12.365 .(Exporter.kt:216)               [main]           INFO  - writing to [34mC:\Users\nikky\.dj-session-export\VirtualDJ\2023\2023-12-06.csv[39m 
21:27:12.365 .(Exporter.kt:133)               [main]           INFO  - writing [92m2023-12-15[39m 
21:27:12.366 .(Exporter.kt:166)               [main]           INFO  - writing to [34mC:\Users\nikky\.dj-session-export\VirtualDJ\2023\2023-12-15.txt[39m 
21:27:12.367 .(Exporter.kt:216)               [main]           INFO  - writing to [34mC:\Users\nikky\.dj-session-export\VirtualDJ\2023\2023-12-15.csv[39m 
21:27:12.368 .(Exporter.kt:133)               [main]           INFO  - writing [92m2023-12-16[39m 
21:27:12.369 .(Exporter.kt:166)               [main]           INFO  - writing to [34mC:\Users\nikky\.dj-session-export\VirtualDJ\2023\2023-12-16.txt[39m 
21:27:12.369 .(Exporter.kt:216)               [main]           INFO  - writing to [34mC:\Users\nikky\.dj-session-export\VirtualDJ\2023\2023-12-16.csv[39m 
21:27:12.370 .(Exporter.kt:133)               [main]           INFO  - writing [92m2023-12-16 18-07[39m 
21:27:12.371 .(Exporter.kt:166)               [main]           INFO  - writing to [34mC:\Users\nikky\.dj-session-export\VirtualDJ\2023\2023-12-16 18-07.txt[39m 
21:27:12.372 .(Exporter.kt:216)               [main]           INFO  - writing to [34mC:\Users\nikky\.dj-session-export\VirtualDJ\2023\2023-12-16 18-07.csv[39m 
21:27:12.372 .(Exporter.kt:133)               [main]           INFO  - writing [92m2023-12-16 18-43[39m 
21:27:12.372 .(Exporter.kt:166)               [main]           INFO  - writing to [34mC:\Users\nikky\.dj-session-export\VirtualDJ\2023\2023-12-16 18-43.txt[39m 
21:27:12.373 .(Exporter.kt:216)               [main]           INFO  - writing to [34mC:\Users\nikky\.dj-session-export\VirtualDJ\2023\2023-12-16 18-43.csv[39m 
21:27:12.373 .(Exporter.kt:133)               [main]           INFO  - writing [92m2023-12-16 18-59[39m 
21:27:12.374 .(Exporter.kt:166)               [main]           INFO  - writing to [34mC:\Users\nikky\.dj-session-export\VirtualDJ\2023\2023-12-16 18-59.txt[39m 
21:27:12.374 .(Exporter.kt:216)               [main]           INFO  - writing to [34mC:\Users\nikky\.dj-session-export\VirtualDJ\2023\2023-12-16 18-59.csv[39m 
21:27:12.375 .(Exporter.kt:133)               [main]           INFO  - writing [92m2023-12-17[39m 
21:27:12.375 .(Exporter.kt:166)               [main]           INFO  - writing to [34mC:\Users\nikky\.dj-session-export\VirtualDJ\2023\2023-12-17.txt[39m 
21:27:12.376 .(Exporter.kt:216)               [main]           INFO  - writing to [34mC:\Users\nikky\.dj-session-export\VirtualDJ\2023\2023-12-17.csv[39m 
21:27:12.376 .(Exporter.kt:133)               [main]           INFO  - writing [92m2023-12-21[39m 
21:27:12.376 .(Exporter.kt:166)               [main]           INFO  - writing to [34mC:\Users\nikky\.dj-session-export\VirtualDJ\2023\2023-12-21.txt[39m 
21:27:12.377 .(Exporter.kt:216)               [main]           INFO  - writing to [34mC:\Users\nikky\.dj-session-export\VirtualDJ\2023\2023-12-21.csv[39m 
21:27:12.377 .(Exporter.kt:133)               [main]           INFO  - writing [92m2023-12-21 15-04[39m 
21:27:12.378 .(Exporter.kt:166)               [main]           INFO  - writing to [34mC:\Users\nikky\.dj-session-export\VirtualDJ\2023\2023-12-21 15-04.txt[39m 
21:27:12.378 .(Exporter.kt:216)               [main]           INFO  - writing to [34mC:\Users\nikky\.dj-session-export\VirtualDJ\2023\2023-12-21 15-04.csv[39m 
21:27:12.379 .(Exporter.kt:133)               [main]           INFO  - writing [92m2023-12-22 02-48[39m 
21:27:12.379 .(Exporter.kt:166)               [main]           INFO  - writing to [34mC:\Users\nikky\.dj-session-export\VirtualDJ\2023\2023-12-22 02-48.txt[39m 
21:27:12.380 .(Exporter.kt:216)               [main]           INFO  - writing to [34mC:\Users\nikky\.dj-session-export\VirtualDJ\2023\2023-12-22 02-48.csv[39m 
21:27:12.381 .(Exporter.kt:133)               [main]           INFO  - writing [92m2023-12-27[39m 
21:27:12.381 .(Exporter.kt:166)               [main]           INFO  - writing to [34mC:\Users\nikky\.dj-session-export\VirtualDJ\2023\2023-12-27.txt[39m 
21:27:12.382 .(Exporter.kt:216)               [main]           INFO  - writing to [34mC:\Users\nikky\.dj-session-export\VirtualDJ\2023\2023-12-27.csv[39m 
21:27:12.382 .(Exporter.kt:133)               [main]           INFO  - writing [92m2023-12-30[39m 
21:27:12.383 .(Exporter.kt:166)               [main]           INFO  - writing to [34mC:\Users\nikky\.dj-session-export\VirtualDJ\2023\2023-12-30.txt[39m 
21:27:12.384 .(Exporter.kt:216)               [main]           INFO  - writing to [34mC:\Users\nikky\.dj-session-export\VirtualDJ\2023\2023-12-30.csv[39m 
21:27:12.384 .(Exporter.kt:133)               [main]           INFO  - writing [92m2024-01-01[39m 
21:27:12.385 .(Exporter.kt:166)               [main]           INFO  - writing to [34mC:\Users\nikky\.dj-session-export\VirtualDJ\2024\2024-01-01.txt[39m 
21:27:12.385 .(Exporter.kt:216)               [main]           INFO  - writing to [34mC:\Users\nikky\.dj-session-export\VirtualDJ\2024\2024-01-01.csv[39m 
21:27:12.386 .(Exporter.kt:133)               [main]           INFO  - writing [92m2024-01-03[39m 
21:27:12.386 .(Exporter.kt:166)               [main]           INFO  - writing to [34mC:\Users\nikky\.dj-session-export\VirtualDJ\2024\2024-01-03.txt[39m 
21:27:12.386 .(Exporter.kt:216)               [main]           INFO  - writing to [34mC:\Users\nikky\.dj-session-export\VirtualDJ\2024\2024-01-03.csv[39m 
21:27:12.386 .(Exporter.kt:133)               [main]           INFO  - writing [92m2024-01-03 18-49[39m 
21:27:12.388 .(Exporter.kt:166)               [main]           INFO  - writing to [34mC:\Users\nikky\.dj-session-export\VirtualDJ\2024\2024-01-03 18-49.txt[39m 
21:27:12.388 .(Exporter.kt:216)               [main]           INFO  - writing to [34mC:\Users\nikky\.dj-session-export\VirtualDJ\2024\2024-01-03 18-49.csv[39m 
21:27:12.388 .(Exporter.kt:133)               [main]           INFO  - writing [92m2024-01-03 19-15[39m 
21:27:12.388 .(Exporter.kt:166)               [main]           INFO  - writing to [34mC:\Users\nikky\.dj-session-export\VirtualDJ\2024\2024-01-03 19-15.txt[39m 
21:27:12.389 .(Exporter.kt:216)               [main]           INFO  - writing to [34mC:\Users\nikky\.dj-session-export\VirtualDJ\2024\2024-01-03 19-15.csv[39m 
21:27:12.389 .(Exporter.kt:133)               [main]           INFO  - writing [92m2024-01-05[39m 
21:27:12.390 .(Exporter.kt:166)               [main]           INFO  - writing to [34mC:\Users\nikky\.dj-session-export\VirtualDJ\2024\2024-01-05.txt[39m 
21:27:12.390 .(Exporter.kt:216)               [main]           INFO  - writing to [34mC:\Users\nikky\.dj-session-export\VirtualDJ\2024\2024-01-05.csv[39m 
21:27:12.390 .(Exporter.kt:133)               [main]           INFO  - writing [92m2024-01-07[39m 
21:27:12.392 .(Exporter.kt:166)               [main]           INFO  - writing to [34mC:\Users\nikky\.dj-session-export\VirtualDJ\2024\2024-01-07.txt[39m 
21:27:12.392 .(Exporter.kt:216)               [main]           INFO  - writing to [34mC:\Users\nikky\.dj-session-export\VirtualDJ\2024\2024-01-07.csv[39m 
21:27:12.392 .(Exporter.kt:133)               [main]           INFO  - writing [92m2024-01-11[39m 
21:27:12.392 .(Exporter.kt:166)               [main]           INFO  - writing to [34mC:\Users\nikky\.dj-session-export\VirtualDJ\2024\2024-01-11.txt[39m 
21:27:12.393 .(Exporter.kt:216)               [main]           INFO  - writing to [34mC:\Users\nikky\.dj-session-export\VirtualDJ\2024\2024-01-11.csv[39m 
21:27:12.394 .(Exporter.kt:133)               [main]           INFO  - writing [92m2024-01-12[39m 
21:27:12.394 .(Exporter.kt:166)               [main]           INFO  - writing to [34mC:\Users\nikky\.dj-session-export\VirtualDJ\2024\2024-01-12.txt[39m 
21:27:12.395 .(Exporter.kt:216)               [main]           INFO  - writing to [34mC:\Users\nikky\.dj-session-export\VirtualDJ\2024\2024-01-12.csv[39m 
21:27:12.395 .(Exporter.kt:133)               [main]           INFO  - writing [92m2024-01-12 15-58[39m 
21:27:12.396 .(Exporter.kt:166)               [main]           INFO  - writing to [34mC:\Users\nikky\.dj-session-export\VirtualDJ\2024\2024-01-12 15-58.txt[39m 
21:27:12.396 .(Exporter.kt:216)               [main]           INFO  - writing to [34mC:\Users\nikky\.dj-session-export\VirtualDJ\2024\2024-01-12 15-58.csv[39m 
21:27:12.396 .(Exporter.kt:133)               [main]           INFO  - writing [92m2024-01-12 17-58[39m 
21:27:12.396 .(Exporter.kt:166)               [main]           INFO  - writing to [34mC:\Users\nikky\.dj-session-export\VirtualDJ\2024\2024-01-12 17-58.txt[39m 
21:27:12.398 .(Exporter.kt:216)               [main]           INFO  - writing to [34mC:\Users\nikky\.dj-session-export\VirtualDJ\2024\2024-01-12 17-58.csv[39m 
21:27:12.398 .(Exporter.kt:133)               [main]           INFO  - writing [92m2024-01-13 05-16[39m 
21:27:12.398 .(Exporter.kt:166)               [main]           INFO  - writing to [34mC:\Users\nikky\.dj-session-export\VirtualDJ\2024\2024-01-13 05-16.txt[39m 
21:27:12.398 .(Exporter.kt:216)               [main]           INFO  - writing to [34mC:\Users\nikky\.dj-session-export\VirtualDJ\2024\2024-01-13 05-16.csv[39m 
21:27:12.399 .(Exporter.kt:133)               [main]           INFO  - writing [92m2024-01-13[39m 
21:27:12.399 .(Exporter.kt:166)               [main]           INFO  - writing to [34mC:\Users\nikky\.dj-session-export\VirtualDJ\2024\2024-01-13.txt[39m 
21:27:12.400 .(Exporter.kt:216)               [main]           INFO  - writing to [34mC:\Users\nikky\.dj-session-export\VirtualDJ\2024\2024-01-13.csv[39m 
21:27:12.400 .(Exporter.kt:133)               [main]           INFO  - writing [92m2024-01-14[39m 
21:27:12.401 .(Exporter.kt:166)               [main]           INFO  - writing to [34mC:\Users\nikky\.dj-session-export\VirtualDJ\2024\2024-01-14.txt[39m 
21:27:12.402 .(Exporter.kt:216)               [main]           INFO  - writing to [34mC:\Users\nikky\.dj-session-export\VirtualDJ\2024\2024-01-14.csv[39m 
21:27:12.402 .(Exporter.kt:133)               [main]           INFO  - writing [92m2024-01-15[39m 
21:27:12.403 .(Exporter.kt:166)               [main]           INFO  - writing to [34mC:\Users\nikky\.dj-session-export\VirtualDJ\2024\2024-01-15.txt[39m 
21:27:12.403 .(Exporter.kt:216)               [main]           INFO  - writing to [34mC:\Users\nikky\.dj-session-export\VirtualDJ\2024\2024-01-15.csv[39m 
21:27:12.403 .(Exporter.kt:133)               [main]           INFO  - writing [92m2024-01-17[39m 
21:27:12.404 .(Exporter.kt:166)               [main]           INFO  - writing to [34mC:\Users\nikky\.dj-session-export\VirtualDJ\2024\2024-01-17.txt[39m 
21:27:12.405 .(Exporter.kt:216)               [main]           INFO  - writing to [34mC:\Users\nikky\.dj-session-export\VirtualDJ\2024\2024-01-17.csv[39m 
21:27:12.405 .(Exporter.kt:133)               [main]           INFO  - writing [92m2024-01-17 08-44[39m 
21:27:12.405 .(Exporter.kt:166)               [main]           INFO  - writing to [34mC:\Users\nikky\.dj-session-export\VirtualDJ\2024\2024-01-17 08-44.txt[39m 
21:27:12.406 .(Exporter.kt:216)               [main]           INFO  - writing to [34mC:\Users\nikky\.dj-session-export\VirtualDJ\2024\2024-01-17 08-44.csv[39m 
21:27:12.406 .(Exporter.kt:133)               [main]           INFO  - writing [92m2024-01-18 03-24[39m 
21:27:12.406 .(Exporter.kt:166)               [main]           INFO  - writing to [34mC:\Users\nikky\.dj-session-export\VirtualDJ\2024\2024-01-18 03-24.txt[39m 
21:27:12.406 .(Exporter.kt:216)               [main]           INFO  - writing to [34mC:\Users\nikky\.dj-session-export\VirtualDJ\2024\2024-01-18 03-24.csv[39m 
21:27:12.406 .(Exporter.kt:133)               [main]           INFO  - writing [92m2024-01-18 05-08[39m 
21:27:12.408 .(Exporter.kt:166)               [main]           INFO  - writing to [34mC:\Users\nikky\.dj-session-export\VirtualDJ\2024\2024-01-18 05-08.txt[39m 
21:27:12.408 .(Exporter.kt:216)               [main]           INFO  - writing to [34mC:\Users\nikky\.dj-session-export\VirtualDJ\2024\2024-01-18 05-08.csv[39m 
21:27:12.408 .(Exporter.kt:133)               [main]           INFO  - writing [92m2024-01-18[39m 
21:27:12.409 .(Exporter.kt:166)               [main]           INFO  - writing to [34mC:\Users\nikky\.dj-session-export\VirtualDJ\2024\2024-01-18.txt[39m 
21:27:12.409 .(Exporter.kt:216)               [main]           INFO  - writing to [34mC:\Users\nikky\.dj-session-export\VirtualDJ\2024\2024-01-18.csv[39m 
21:27:12.409 .(Exporter.kt:133)               [main]           INFO  - writing [92m2024-01-23[39m 
21:27:12.411 .(Exporter.kt:166)               [main]           INFO  - writing to [34mC:\Users\nikky\.dj-session-export\VirtualDJ\2024\2024-01-23.txt[39m 
21:27:12.411 .(Exporter.kt:216)               [main]           INFO  - writing to [34mC:\Users\nikky\.dj-session-export\VirtualDJ\2024\2024-01-23.csv[39m 
21:27:12.412 .(Exporter.kt:133)               [main]           INFO  - writing [92m2024-01-23 18-58[39m 
21:27:12.412 .(Exporter.kt:166)               [main]           INFO  - writing to [34mC:\Users\nikky\.dj-session-export\VirtualDJ\2024\2024-01-23 18-58.txt[39m 
21:27:12.412 .(Exporter.kt:216)               [main]           INFO  - writing to [34mC:\Users\nikky\.dj-session-export\VirtualDJ\2024\2024-01-23 18-58.csv[39m 
21:27:12.412 .(Exporter.kt:133)               [main]           INFO  - writing [92m2024-01-23 19-47[39m 
21:27:12.413 .(Exporter.kt:166)               [main]           INFO  - writing to [34mC:\Users\nikky\.dj-session-export\VirtualDJ\2024\2024-01-23 19-47.txt[39m 
21:27:12.414 .(Exporter.kt:216)               [main]           INFO  - writing to [34mC:\Users\nikky\.dj-session-export\VirtualDJ\2024\2024-01-23 19-47.csv[39m 
21:27:12.414 .(Exporter.kt:133)               [main]           INFO  - writing [92m2024-01-24 04-04[39m 
21:27:12.415 .(Exporter.kt:166)               [main]           INFO  - writing to [34mC:\Users\nikky\.dj-session-export\VirtualDJ\2024\2024-01-24 04-04.txt[39m 
21:27:12.415 .(Exporter.kt:216)               [main]           INFO  - writing to [34mC:\Users\nikky\.dj-session-export\VirtualDJ\2024\2024-01-24 04-04.csv[39m 
21:27:12.416 .(Exporter.kt:133)               [main]           INFO  - writing [92m2024-01-24 04-34[39m 
21:27:12.416 .(Exporter.kt:166)               [main]           INFO  - writing to [34mC:\Users\nikky\.dj-session-export\VirtualDJ\2024\2024-01-24 04-34.txt[39m 
21:27:12.417 .(Exporter.kt:216)               [main]           INFO  - writing to [34mC:\Users\nikky\.dj-session-export\VirtualDJ\2024\2024-01-24 04-34.csv[39m 
21:27:12.417 .(Exporter.kt:133)               [main]           INFO  - writing [92m2024-01-25[39m 
21:27:12.418 .(Exporter.kt:166)               [main]           INFO  - writing to [34mC:\Users\nikky\.dj-session-export\VirtualDJ\2024\2024-01-25.txt[39m 
21:27:12.418 .(Exporter.kt:216)               [main]           INFO  - writing to [34mC:\Users\nikky\.dj-session-export\VirtualDJ\2024\2024-01-25.csv[39m 
21:27:12.418 .(Exporter.kt:133)               [main]           INFO  - writing [92m2024-01-25 01-22[39m 
21:27:12.419 .(Exporter.kt:166)               [main]           INFO  - writing to [34mC:\Users\nikky\.dj-session-export\VirtualDJ\2024\2024-01-25 01-22.txt[39m 
21:27:12.419 .(Exporter.kt:216)               [main]           INFO  - writing to [34mC:\Users\nikky\.dj-session-export\VirtualDJ\2024\2024-01-25 01-22.csv[39m 
21:27:12.419 .(Exporter.kt:133)               [main]           INFO  - writing [92m2024-01-25 03-30[39m 
21:27:12.420 .(Exporter.kt:166)               [main]           INFO  - writing to [34mC:\Users\nikky\.dj-session-export\VirtualDJ\2024\2024-01-25 03-30.txt[39m 
21:27:12.421 .(Exporter.kt:216)               [main]           INFO  - writing to [34mC:\Users\nikky\.dj-session-export\VirtualDJ\2024\2024-01-25 03-30.csv[39m 
21:27:12.421 .(Exporter.kt:133)               [main]           INFO  - writing [92m2024-01-25 05-23[39m 
21:27:12.421 .(Exporter.kt:166)               [main]           INFO  - writing to [34mC:\Users\nikky\.dj-session-export\VirtualDJ\2024\2024-01-25 05-23.txt[39m 
21:27:12.422 .(Exporter.kt:216)               [main]           INFO  - writing to [34mC:\Users\nikky\.dj-session-export\VirtualDJ\2024\2024-01-25 05-23.csv[39m 
21:27:12.422 .(Exporter.kt:133)               [main]           INFO  - writing [92m2024-01-25 07-07[39m 
21:27:12.423 .(Exporter.kt:166)               [main]           INFO  - writing to [34mC:\Users\nikky\.dj-session-export\VirtualDJ\2024\2024-01-25 07-07.txt[39m 
21:27:12.424 .(Exporter.kt:216)               [main]           INFO  - writing to [34mC:\Users\nikky\.dj-session-export\VirtualDJ\2024\2024-01-25 07-07.csv[39m 
21:27:12.424 .(Exporter.kt:133)               [main]           INFO  - writing [92m2024-01-26[39m 
21:27:12.425 .(Exporter.kt:166)               [main]           INFO  - writing to [34mC:\Users\nikky\.dj-session-export\VirtualDJ\2024\2024-01-26.txt[39m 
21:27:12.425 .(Exporter.kt:216)               [main]           INFO  - writing to [34mC:\Users\nikky\.dj-session-export\VirtualDJ\2024\2024-01-26.csv[39m 
21:27:12.425 .(Exporter.kt:133)               [main]           INFO  - writing [92m2024-01-27[39m 
21:27:12.426 .(Exporter.kt:166)               [main]           INFO  - writing to [34mC:\Users\nikky\.dj-session-export\VirtualDJ\2024\2024-01-27.txt[39m 
21:27:12.426 .(Exporter.kt:216)               [main]           INFO  - writing to [34mC:\Users\nikky\.dj-session-export\VirtualDJ\2024\2024-01-27.csv[39m 
21:27:12.426 .(Exporter.kt:133)               [main]           INFO  - writing [92m2024-01-29[39m 
21:27:12.428 .(Exporter.kt:166)               [main]           INFO  - writing to [34mC:\Users\nikky\.dj-session-export\VirtualDJ\2024\2024-01-29.txt[39m 
21:27:12.428 .(Exporter.kt:216)               [main]           INFO  - writing to [34mC:\Users\nikky\.dj-session-export\VirtualDJ\2024\2024-01-29.csv[39m 
21:27:12.428 .(Exporter.kt:133)               [main]           INFO  - writing [92m2024-01-30[39m 
21:27:12.429 .(Exporter.kt:166)               [main]           INFO  - writing to [34mC:\Users\nikky\.dj-session-export\VirtualDJ\2024\2024-01-30.txt[39m 
21:27:12.429 .(Exporter.kt:216)               [main]           INFO  - writing to [34mC:\Users\nikky\.dj-session-export\VirtualDJ\2024\2024-01-30.csv[39m 
21:27:12.429 .(Exporter.kt:133)               [main]           INFO  - writing [92m2024-01-30 09-41[39m 
21:27:12.431 .(Exporter.kt:166)               [main]           INFO  - writing to [34mC:\Users\nikky\.dj-session-export\VirtualDJ\2024\2024-01-30 09-41.txt[39m 
21:27:12.431 .(Exporter.kt:216)               [main]           INFO  - writing to [34mC:\Users\nikky\.dj-session-export\VirtualDJ\2024\2024-01-30 09-41.csv[39m 
21:27:12.431 .(Exporter.kt:133)               [main]           INFO  - writing [92m2024-01-30 11-15[39m 
21:27:12.432 .(Exporter.kt:166)               [main]           INFO  - writing to [34mC:\Users\nikky\.dj-session-export\VirtualDJ\2024\2024-01-30 11-15.txt[39m 
21:27:12.432 .(Exporter.kt:216)               [main]           INFO  - writing to [34mC:\Users\nikky\.dj-session-export\VirtualDJ\2024\2024-01-30 11-15.csv[39m 
21:27:12.432 .(Exporter.kt:133)               [main]           INFO  - writing [92m2024-01-31 06-08[39m 
21:27:12.434 .(Exporter.kt:166)               [main]           INFO  - writing to [34mC:\Users\nikky\.dj-session-export\VirtualDJ\2024\2024-01-31 06-08.txt[39m 
21:27:12.434 .(Exporter.kt:216)               [main]           INFO  - writing to [34mC:\Users\nikky\.dj-session-export\VirtualDJ\2024\2024-01-31 06-08.csv[39m 
21:27:12.435 .(Exporter.kt:133)               [main]           INFO  - writing [92m2024-01-31[39m 
21:27:12.435 .(Exporter.kt:166)               [main]           INFO  - writing to [34mC:\Users\nikky\.dj-session-export\VirtualDJ\2024\2024-01-31.txt[39m 
21:27:12.436 .(Exporter.kt:216)               [main]           INFO  - writing to [34mC:\Users\nikky\.dj-session-export\VirtualDJ\2024\2024-01-31.csv[39m 
21:27:12.436 .(Exporter.kt:133)               [main]           INFO  - writing [92m2024-02-03[39m 
21:27:12.436 .(Exporter.kt:166)               [main]           INFO  - writing to [34mC:\Users\nikky\.dj-session-export\VirtualDJ\2024\2024-02-03.txt[39m 
21:27:12.437 .(Exporter.kt:216)               [main]           INFO  - writing to [34mC:\Users\nikky\.dj-session-export\VirtualDJ\2024\2024-02-03.csv[39m 
21:27:12.438 .(Exporter.kt:133)               [main]           INFO  - writing [92m2024-02-03[39m 
21:27:12.438 .(Exporter.kt:166)               [main]           INFO  - writing to [34mC:\Users\nikky\.dj-session-export\VirtualDJ\2024\2024-02-03.txt[39m 
21:27:12.439 .(Exporter.kt:216)               [main]           INFO  - writing to [34mC:\Users\nikky\.dj-session-export\VirtualDJ\2024\2024-02-03.csv[39m 
21:27:12.439 .(Exporter.kt:133)               [main]           INFO  - writing [92m2024-02-03 05-35[39m 
21:27:12.440 .(Exporter.kt:166)               [main]           INFO  - writing to [34mC:\Users\nikky\.dj-session-export\VirtualDJ\2024\2024-02-03 05-35.txt[39m 
21:27:12.441 .(Exporter.kt:216)               [main]           INFO  - writing to [34mC:\Users\nikky\.dj-session-export\VirtualDJ\2024\2024-02-03 05-35.csv[39m 
21:27:12.441 .(Exporter.kt:133)               [main]           INFO  - writing [92m2024-02-03 06-02[39m 
21:27:12.442 .(Exporter.kt:166)               [main]           INFO  - writing to [34mC:\Users\nikky\.dj-session-export\VirtualDJ\2024\2024-02-03 06-02.txt[39m 
21:27:12.442 .(Exporter.kt:216)               [main]           INFO  - writing to [34mC:\Users\nikky\.dj-session-export\VirtualDJ\2024\2024-02-03 06-02.csv[39m 
21:27:12.442 .(Exporter.kt:133)               [main]           INFO  - writing [92m2024-02-06[39m 
21:27:12.444 .(Exporter.kt:166)               [main]           INFO  - writing to [34mC:\Users\nikky\.dj-session-export\VirtualDJ\2024\2024-02-06.txt[39m 
21:27:12.445 .(Exporter.kt:216)               [main]           INFO  - writing to [34mC:\Users\nikky\.dj-session-export\VirtualDJ\2024\2024-02-06.csv[39m 
21:27:12.445 .(Exporter.kt:133)               [main]           INFO  - writing [92m2024-02-06 21-42[39m 
21:27:12.446 .(Exporter.kt:166)               [main]           INFO  - writing to [34mC:\Users\nikky\.dj-session-export\VirtualDJ\2024\2024-02-06 21-42.txt[39m 
21:27:12.446 .(Exporter.kt:216)               [main]           INFO  - writing to [34mC:\Users\nikky\.dj-session-export\VirtualDJ\2024\2024-02-06 21-42.csv[39m 
21:27:12.446 .(Exporter.kt:133)               [main]           INFO  - writing [92m2024-02-06 22-02[39m 
21:27:12.447 .(Exporter.kt:166)               [main]           INFO  - writing to [34mC:\Users\nikky\.dj-session-export\VirtualDJ\2024\2024-02-06 22-02.txt[39m 
21:27:12.448 .(Exporter.kt:216)               [main]           INFO  - writing to [34mC:\Users\nikky\.dj-session-export\VirtualDJ\2024\2024-02-06 22-02.csv[39m 
21:27:12.448 .(Exporter.kt:133)               [main]           INFO  - writing [92m2024-02-07[39m 
21:27:12.449 .(Exporter.kt:166)               [main]           INFO  - writing to [34mC:\Users\nikky\.dj-session-export\VirtualDJ\2024\2024-02-07.txt[39m 
21:27:12.449 .(Exporter.kt:216)               [main]           INFO  - writing to [34mC:\Users\nikky\.dj-session-export\VirtualDJ\2024\2024-02-07.csv[39m 
21:27:12.450 .(Exporter.kt:133)               [main]           INFO  - writing [92m2024-02-07 03-31[39m 
21:27:12.450 .(Exporter.kt:166)               [main]           INFO  - writing to [34mC:\Users\nikky\.dj-session-export\VirtualDJ\2024\2024-02-07 03-31.txt[39m 
21:27:12.450 .(Exporter.kt:216)               [main]           INFO  - writing to [34mC:\Users\nikky\.dj-session-export\VirtualDJ\2024\2024-02-07 03-31.csv[39m 
21:27:12.450 .(Exporter.kt:133)               [main]           INFO  - writing [92m2024-02-07 06-15[39m 
21:27:12.451 .(Exporter.kt:166)               [main]           INFO  - writing to [34mC:\Users\nikky\.dj-session-export\VirtualDJ\2024\2024-02-07 06-15.txt[39m 
21:27:12.452 .(Exporter.kt:216)               [main]           INFO  - writing to [34mC:\Users\nikky\.dj-session-export\VirtualDJ\2024\2024-02-07 06-15.csv[39m 
21:27:12.452 .(Exporter.kt:133)               [main]           INFO  - writing [92m2024-02-09[39m 
21:27:12.453 .(Exporter.kt:166)               [main]           INFO  - writing to [34mC:\Users\nikky\.dj-session-export\VirtualDJ\2024\2024-02-09.txt[39m 
21:27:12.454 .(Exporter.kt:216)               [main]           INFO  - writing to [34mC:\Users\nikky\.dj-session-export\VirtualDJ\2024\2024-02-09.csv[39m 
21:27:12.454 .(Exporter.kt:133)               [main]           INFO  - writing [92m2024-02-10[39m 
21:27:12.455 .(Exporter.kt:166)               [main]           INFO  - writing to [34mC:\Users\nikky\.dj-session-export\VirtualDJ\2024\2024-02-10.txt[39m 
21:27:12.455 .(Exporter.kt:216)               [main]           INFO  - writing to [34mC:\Users\nikky\.dj-session-export\VirtualDJ\2024\2024-02-10.csv[39m 
21:27:12.455 .(Exporter.kt:133)               [main]           INFO  - writing [92m2024-02-10[39m 
21:27:12.456 .(Exporter.kt:166)               [main]           INFO  - writing to [34mC:\Users\nikky\.dj-session-export\VirtualDJ\2024\2024-02-10.txt[39m 
21:27:12.457 .(Exporter.kt:216)               [main]           INFO  - writing to [34mC:\Users\nikky\.dj-session-export\VirtualDJ\2024\2024-02-10.csv[39m 
21:27:12.457 .(Exporter.kt:133)               [main]           INFO  - writing [92m2024-02-11[39m 
21:27:12.458 .(Exporter.kt:166)               [main]           INFO  - writing to [34mC:\Users\nikky\.dj-session-export\VirtualDJ\2024\2024-02-11.txt[39m 
21:27:12.458 .(Exporter.kt:216)               [main]           INFO  - writing to [34mC:\Users\nikky\.dj-session-export\VirtualDJ\2024\2024-02-11.csv[39m 
21:27:12.458 .(Exporter.kt:133)               [main]           INFO  - writing [92m2024-02-16[39m 
21:27:12.458 .(Exporter.kt:166)               [main]           INFO  - writing to [34mC:\Users\nikky\.dj-session-export\VirtualDJ\2024\2024-02-16.txt[39m 
21:27:12.459 .(Exporter.kt:216)               [main]           INFO  - writing to [34mC:\Users\nikky\.dj-session-export\VirtualDJ\2024\2024-02-16.csv[39m 
21:27:12.459 .(Exporter.kt:133)               [main]           INFO  - writing [92m2024-02-17[39m 
21:27:12.460 .(Exporter.kt:166)               [main]           INFO  - writing to [34mC:\Users\nikky\.dj-session-export\VirtualDJ\2024\2024-02-17.txt[39m 
21:27:12.461 .(Exporter.kt:216)               [main]           INFO  - writing to [34mC:\Users\nikky\.dj-session-export\VirtualDJ\2024\2024-02-17.csv[39m 
21:27:12.461 .(Exporter.kt:133)               [main]           INFO  - writing [92m2024-02-18[39m 
21:27:12.462 .(Exporter.kt:166)               [main]           INFO  - writing to [34mC:\Users\nikky\.dj-session-export\VirtualDJ\2024\2024-02-18.txt[39m 
21:27:12.462 .(Exporter.kt:216)               [main]           INFO  - writing to [34mC:\Users\nikky\.dj-session-export\VirtualDJ\2024\2024-02-18.csv[39m 
21:27:12.462 .(Exporter.kt:133)               [main]           INFO  - writing [92m2024-02-19[39m 
21:27:12.462 .(Exporter.kt:166)               [main]           INFO  - writing to [34mC:\Users\nikky\.dj-session-export\VirtualDJ\2024\2024-02-19.txt[39m 
21:27:12.463 .(Exporter.kt:216)               [main]           INFO  - writing to [34mC:\Users\nikky\.dj-session-export\VirtualDJ\2024\2024-02-19.csv[39m 
21:27:12.464 .(Exporter.kt:133)               [main]           INFO  - writing [92m2024-02-19 03-15[39m 
21:27:12.464 .(Exporter.kt:166)               [main]           INFO  - writing to [34mC:\Users\nikky\.dj-session-export\VirtualDJ\2024\2024-02-19 03-15.txt[39m 
21:27:12.465 .(Exporter.kt:216)               [main]           INFO  - writing to [34mC:\Users\nikky\.dj-session-export\VirtualDJ\2024\2024-02-19 03-15.csv[39m 
21:27:12.465 .(Exporter.kt:133)               [main]           INFO  - writing [92m2024-02-19 05-16[39m 
21:27:12.466 .(Exporter.kt:166)               [main]           INFO  - writing to [34mC:\Users\nikky\.dj-session-export\VirtualDJ\2024\2024-02-19 05-16.txt[39m 
21:27:12.466 .(Exporter.kt:216)               [main]           INFO  - writing to [34mC:\Users\nikky\.dj-session-export\VirtualDJ\2024\2024-02-19 05-16.csv[39m 
21:27:12.466 .(Exporter.kt:133)               [main]           INFO  - writing [92m2024-02-20[39m 
21:27:12.468 .(Exporter.kt:166)               [main]           INFO  - writing to [34mC:\Users\nikky\.dj-session-export\VirtualDJ\2024\2024-02-20.txt[39m 
21:27:12.469 .(Exporter.kt:216)               [main]           INFO  - writing to [34mC:\Users\nikky\.dj-session-export\VirtualDJ\2024\2024-02-20.csv[39m 
21:27:12.470 .(Exporter.kt:133)               [main]           INFO  - writing [92m2024-02-20 20-06[39m 
21:27:12.471 .(Exporter.kt:166)               [main]           INFO  - writing to [34mC:\Users\nikky\.dj-session-export\VirtualDJ\2024\2024-02-20 20-06.txt[39m 
21:27:12.472 .(Exporter.kt:216)               [main]           INFO  - writing to [34mC:\Users\nikky\.dj-session-export\VirtualDJ\2024\2024-02-20 20-06.csv[39m 
21:27:12.472 .(Exporter.kt:133)               [main]           INFO  - writing [92m2024-02-21 07-11[39m 
21:27:12.474 .(Exporter.kt:166)               [main]           INFO  - writing to [34mC:\Users\nikky\.dj-session-export\VirtualDJ\2024\2024-02-21 07-11.txt[39m 
21:27:12.474 .(Exporter.kt:216)               [main]           INFO  - writing to [34mC:\Users\nikky\.dj-session-export\VirtualDJ\2024\2024-02-21 07-11.csv[39m 
21:27:12.475 .(Exporter.kt:133)               [main]           INFO  - writing [92m2024-02-21[39m 
21:27:12.476 .(Exporter.kt:166)               [main]           INFO  - writing to [34mC:\Users\nikky\.dj-session-export\VirtualDJ\2024\2024-02-21.txt[39m 
21:27:12.476 .(Exporter.kt:216)               [main]           INFO  - writing to [34mC:\Users\nikky\.dj-session-export\VirtualDJ\2024\2024-02-21.csv[39m 
21:27:12.476 .(Exporter.kt:133)               [main]           INFO  - writing [92m2024-02-21[39m 
21:27:12.478 .(Exporter.kt:166)               [main]           INFO  - writing to [34mC:\Users\nikky\.dj-session-export\VirtualDJ\2024\2024-02-21.txt[39m 
21:27:12.479 .(Exporter.kt:216)               [main]           INFO  - writing to [34mC:\Users\nikky\.dj-session-export\VirtualDJ\2024\2024-02-21.csv[39m 
21:27:12.479 .(Exporter.kt:133)               [main]           INFO  - writing [92m2024-02-21 21-15[39m 
21:27:12.480 .(Exporter.kt:166)               [main]           INFO  - writing to [34mC:\Users\nikky\.dj-session-export\VirtualDJ\2024\2024-02-21 21-15.txt[39m 
21:27:12.480 .(Exporter.kt:216)               [main]           INFO  - writing to [34mC:\Users\nikky\.dj-session-export\VirtualDJ\2024\2024-02-21 21-15.csv[39m 
21:27:12.480 .(Exporter.kt:133)               [main]           INFO  - writing [92m2024-02-21 21-50[39m 
21:27:12.482 .(Exporter.kt:166)               [main]           INFO  - writing to [34mC:\Users\nikky\.dj-session-export\VirtualDJ\2024\2024-02-21 21-50.txt[39m 
21:27:12.482 .(Exporter.kt:216)               [main]           INFO  - writing to [34mC:\Users\nikky\.dj-session-export\VirtualDJ\2024\2024-02-21 21-50.csv[39m 
21:27:12.483 .(Exporter.kt:133)               [main]           INFO  - writing [92m2024-02-22 06-01[39m 
21:27:12.483 .(Exporter.kt:166)               [main]           INFO  - writing to [34mC:\Users\nikky\.dj-session-export\VirtualDJ\2024\2024-02-22 06-01.txt[39m 
21:27:12.485 .(Exporter.kt:216)               [main]           INFO  - writing to [34mC:\Users\nikky\.dj-session-export\VirtualDJ\2024\2024-02-22 06-01.csv[39m 
21:27:12.485 .(Exporter.kt:133)               [main]           INFO  - writing [92m2024-02-22[39m 
21:27:12.486 .(Exporter.kt:166)               [main]           INFO  - writing to [34mC:\Users\nikky\.dj-session-export\VirtualDJ\2024\2024-02-22.txt[39m 
21:27:12.487 .(Exporter.kt:216)               [main]           INFO  - writing to [34mC:\Users\nikky\.dj-session-export\VirtualDJ\2024\2024-02-22.csv[39m 
21:27:12.487 .(Exporter.kt:133)               [main]           INFO  - writing [92m2024-02-24[39m 
21:27:12.488 .(Exporter.kt:166)               [main]           INFO  - writing to [34mC:\Users\nikky\.dj-session-export\VirtualDJ\2024\2024-02-24.txt[39m 
21:27:12.489 .(Exporter.kt:216)               [main]           INFO  - writing to [34mC:\Users\nikky\.dj-session-export\VirtualDJ\2024\2024-02-24.csv[39m 
21:27:12.489 .(Exporter.kt:133)               [main]           INFO  - writing [92m2024-02-25[39m 
21:27:12.490 .(Exporter.kt:166)               [main]           INFO  - writing to [34mC:\Users\nikky\.dj-session-export\VirtualDJ\2024\2024-02-25.txt[39m 
21:27:12.492 .(Exporter.kt:216)               [main]           INFO  - writing to [34mC:\Users\nikky\.dj-session-export\VirtualDJ\2024\2024-02-25.csv[39m 
21:27:12.492 .(Exporter.kt:133)               [main]           INFO  - writing [92m2024-02-26[39m 
21:27:12.493 .(Exporter.kt:166)               [main]           INFO  - writing to [34mC:\Users\nikky\.dj-session-export\VirtualDJ\2024\2024-02-26.txt[39m 
21:27:12.494 .(Exporter.kt:216)               [main]           INFO  - writing to [34mC:\Users\nikky\.dj-session-export\VirtualDJ\2024\2024-02-26.csv[39m 
21:27:12.495 .(Exporter.kt:133)               [main]           INFO  - writing [92m2024-02-26 21-38[39m 
21:27:12.495 .(Exporter.kt:166)               [main]           INFO  - writing to [34mC:\Users\nikky\.dj-session-export\VirtualDJ\2024\2024-02-26 21-38.txt[39m 
21:27:12.496 .(Exporter.kt:216)               [main]           INFO  - writing to [34mC:\Users\nikky\.dj-session-export\VirtualDJ\2024\2024-02-26 21-38.csv[39m 
21:27:12.496 .(Exporter.kt:133)               [main]           INFO  - writing [92m2024-02-27 00-59[39m 
21:27:12.497 .(Exporter.kt:166)               [main]           INFO  - writing to [34mC:\Users\nikky\.dj-session-export\VirtualDJ\2024\2024-02-27 00-59.txt[39m 
21:27:12.498 .(Exporter.kt:216)               [main]           INFO  - writing to [34mC:\Users\nikky\.dj-session-export\VirtualDJ\2024\2024-02-27 00-59.csv[39m 
21:27:12.499 .(Exporter.kt:133)               [main]           INFO  - writing [92m2024-02-27 01-26[39m 
21:27:12.499 .(Exporter.kt:166)               [main]           INFO  - writing to [34mC:\Users\nikky\.dj-session-export\VirtualDJ\2024\2024-02-27 01-26.txt[39m 
21:27:12.500 .(Exporter.kt:216)               [main]           INFO  - writing to [34mC:\Users\nikky\.dj-session-export\VirtualDJ\2024\2024-02-27 01-26.csv[39m 
21:27:12.501 .(Exporter.kt:133)               [main]           INFO  - writing [92m2024-02-27[39m 
21:27:12.502 .(Exporter.kt:166)               [main]           INFO  - writing to [34mC:\Users\nikky\.dj-session-export\VirtualDJ\2024\2024-02-27.txt[39m 
21:27:12.503 .(Exporter.kt:216)               [main]           INFO  - writing to [34mC:\Users\nikky\.dj-session-export\VirtualDJ\2024\2024-02-27.csv[39m 
21:27:12.504 .(Exporter.kt:133)               [main]           INFO  - writing [92m2024-02-27 08-58[39m 
21:27:12.504 .(Exporter.kt:166)               [main]           INFO  - writing to [34mC:\Users\nikky\.dj-session-export\VirtualDJ\2024\2024-02-27 08-58.txt[39m 
21:27:12.505 .(Exporter.kt:216)               [main]           INFO  - writing to [34mC:\Users\nikky\.dj-session-export\VirtualDJ\2024\2024-02-27 08-58.csv[39m 
21:27:12.506 .(Exporter.kt:133)               [main]           INFO  - writing [92m2024-02-27 09-15[39m 
21:27:12.506 .(Exporter.kt:166)               [main]           INFO  - writing to [34mC:\Users\nikky\.dj-session-export\VirtualDJ\2024\2024-02-27 09-15.txt[39m 
21:27:12.506 .(Exporter.kt:216)               [main]           INFO  - writing to [34mC:\Users\nikky\.dj-session-export\VirtualDJ\2024\2024-02-27 09-15.csv[39m 
21:27:12.506 .(Exporter.kt:133)               [main]           INFO  - writing [92m2024-02-27 09-45[39m 
21:27:12.508 .(Exporter.kt:166)               [main]           INFO  - writing to [34mC:\Users\nikky\.dj-session-export\VirtualDJ\2024\2024-02-27 09-45.txt[39m 
21:27:12.508 .(Exporter.kt:216)               [main]           INFO  - writing to [34mC:\Users\nikky\.dj-session-export\VirtualDJ\2024\2024-02-27 09-45.csv[39m 
21:27:12.509 .(Exporter.kt:133)               [main]           INFO  - writing [92m2024-03-01[39m 
21:27:12.510 .(Exporter.kt:166)               [main]           INFO  - writing to [34mC:\Users\nikky\.dj-session-export\VirtualDJ\2024\2024-03-01.txt[39m 
21:27:12.511 .(Exporter.kt:216)               [main]           INFO  - writing to [34mC:\Users\nikky\.dj-session-export\VirtualDJ\2024\2024-03-01.csv[39m 
21:27:12.511 .(Exporter.kt:133)               [main]           INFO  - writing [92m2024-03-02[39m 
21:27:12.512 .(Exporter.kt:166)               [main]           INFO  - writing to [34mC:\Users\nikky\.dj-session-export\VirtualDJ\2024\2024-03-02.txt[39m 
21:27:12.512 .(Exporter.kt:216)               [main]           INFO  - writing to [34mC:\Users\nikky\.dj-session-export\VirtualDJ\2024\2024-03-02.csv[39m 
21:27:12.513 .(Exporter.kt:133)               [main]           INFO  - writing [92m2024-03-03[39m 
21:27:12.514 .(Exporter.kt:166)               [main]           INFO  - writing to [34mC:\Users\nikky\.dj-session-export\VirtualDJ\2024\2024-03-03.txt[39m 
21:27:12.515 .(Exporter.kt:216)               [main]           INFO  - writing to [34mC:\Users\nikky\.dj-session-export\VirtualDJ\2024\2024-03-03.csv[39m 
21:27:12.515 .(Exporter.kt:133)               [main]           INFO  - writing [92m2024-03-05[39m 
21:27:12.516 .(Exporter.kt:166)               [main]           INFO  - writing to [34mC:\Users\nikky\.dj-session-export\VirtualDJ\2024\2024-03-05.txt[39m 
21:27:12.516 .(Exporter.kt:216)               [main]           INFO  - writing to [34mC:\Users\nikky\.dj-session-export\VirtualDJ\2024\2024-03-05.csv[39m 
21:27:12.516 .(Exporter.kt:133)               [main]           INFO  - writing [92m2024-03-06[39m 
21:27:12.518 .(Exporter.kt:166)               [main]           INFO  - writing to [34mC:\Users\nikky\.dj-session-export\VirtualDJ\2024\2024-03-06.txt[39m 
21:27:12.518 .(Exporter.kt:216)               [main]           INFO  - writing to [34mC:\Users\nikky\.dj-session-export\VirtualDJ\2024\2024-03-06.csv[39m 
21:27:12.519 .(Exporter.kt:133)               [main]           INFO  - writing [92m2024-03-06[39m 
21:27:12.519 .(Exporter.kt:166)               [main]           INFO  - writing to [34mC:\Users\nikky\.dj-session-export\VirtualDJ\2024\2024-03-06.txt[39m 
21:27:12.519 .(Exporter.kt:216)               [main]           INFO  - writing to [34mC:\Users\nikky\.dj-session-export\VirtualDJ\2024\2024-03-06.csv[39m 
21:27:12.520 .(Exporter.kt:133)               [main]           INFO  - writing [92m2024-03-07[39m 
21:27:12.521 .(Exporter.kt:166)               [main]           INFO  - writing to [34mC:\Users\nikky\.dj-session-export\VirtualDJ\2024\2024-03-07.txt[39m 
21:27:12.522 .(Exporter.kt:216)               [main]           INFO  - writing to [34mC:\Users\nikky\.dj-session-export\VirtualDJ\2024\2024-03-07.csv[39m 
21:27:12.522 .(Exporter.kt:133)               [main]           INFO  - writing [92m2024-03-08[39m 
21:27:12.522 .(Exporter.kt:166)               [main]           INFO  - writing to [34mC:\Users\nikky\.dj-session-export\VirtualDJ\2024\2024-03-08.txt[39m 
21:27:12.523 .(Exporter.kt:216)               [main]           INFO  - writing to [34mC:\Users\nikky\.dj-session-export\VirtualDJ\2024\2024-03-08.csv[39m 
21:27:12.524 .(Exporter.kt:133)               [main]           INFO  - writing [92m2024-03-09[39m 
21:27:12.524 .(Exporter.kt:166)               [main]           INFO  - writing to [34mC:\Users\nikky\.dj-session-export\VirtualDJ\2024\2024-03-09.txt[39m 
21:27:12.525 .(Exporter.kt:216)               [main]           INFO  - writing to [34mC:\Users\nikky\.dj-session-export\VirtualDJ\2024\2024-03-09.csv[39m 
21:27:12.525 .(Exporter.kt:133)               [main]           INFO  - writing [92m2024-03-10[39m 
21:27:12.526 .(Exporter.kt:166)               [main]           INFO  - writing to [34mC:\Users\nikky\.dj-session-export\VirtualDJ\2024\2024-03-10.txt[39m 
21:27:12.526 .(Exporter.kt:216)               [main]           INFO  - writing to [34mC:\Users\nikky\.dj-session-export\VirtualDJ\2024\2024-03-10.csv[39m 
21:27:12.526 .(Exporter.kt:133)               [main]           INFO  - writing [92m2024-03-10 09-00[39m 
21:27:12.528 .(Exporter.kt:166)               [main]           INFO  - writing to [34mC:\Users\nikky\.dj-session-export\VirtualDJ\2024\2024-03-10 09-00.txt[39m 
21:27:12.528 .(Exporter.kt:216)               [main]           INFO  - writing to [34mC:\Users\nikky\.dj-session-export\VirtualDJ\2024\2024-03-10 09-00.csv[39m 
21:27:12.528 .(Exporter.kt:133)               [main]           INFO  - writing [92m2024-03-11 02-39[39m 
21:27:12.528 .(Exporter.kt:166)               [main]           INFO  - writing to [34mC:\Users\nikky\.dj-session-export\VirtualDJ\2024\2024-03-11 02-39.txt[39m 
21:27:12.528 .(Exporter.kt:216)               [main]           INFO  - writing to [34mC:\Users\nikky\.dj-session-export\VirtualDJ\2024\2024-03-11 02-39.csv[39m 
21:27:12.530 .(Exporter.kt:133)               [main]           INFO  - writing [92m2024-03-11[39m 
21:27:12.530 .(Exporter.kt:166)               [main]           INFO  - writing to [34mC:\Users\nikky\.dj-session-export\VirtualDJ\2024\2024-03-11.txt[39m 
21:27:12.531 .(Exporter.kt:216)               [main]           INFO  - writing to [34mC:\Users\nikky\.dj-session-export\VirtualDJ\2024\2024-03-11.csv[39m 
21:27:12.532 .(Exporter.kt:133)               [main]           INFO  - writing [92m2024-03-11 08-12[39m 
21:27:12.533 .(Exporter.kt:166)               [main]           INFO  - writing to [34mC:\Users\nikky\.dj-session-export\VirtualDJ\2024\2024-03-11 08-12.txt[39m 
21:27:12.533 .(Exporter.kt:216)               [main]           INFO  - writing to [34mC:\Users\nikky\.dj-session-export\VirtualDJ\2024\2024-03-11 08-12.csv[39m 
21:27:12.533 .(Exporter.kt:133)               [main]           INFO  - writing [92m2024-03-12 02-46[39m 
21:27:12.534 .(Exporter.kt:166)               [main]           INFO  - writing to [34mC:\Users\nikky\.dj-session-export\VirtualDJ\2024\2024-03-12 02-46.txt[39m 
21:27:12.535 .(Exporter.kt:216)               [main]           INFO  - writing to [34mC:\Users\nikky\.dj-session-export\VirtualDJ\2024\2024-03-12 02-46.csv[39m 
21:27:12.536 .(Exporter.kt:133)               [main]           INFO  - writing [92m2024-03-12 03-43[39m 
21:27:12.538 .(Exporter.kt:166)               [main]           INFO  - writing to [34mC:\Users\nikky\.dj-session-export\VirtualDJ\2024\2024-03-12 03-43.txt[39m 
21:27:12.539 .(Exporter.kt:216)               [main]           INFO  - writing to [34mC:\Users\nikky\.dj-session-export\VirtualDJ\2024\2024-03-12 03-43.csv[39m 
21:27:12.539 .(Exporter.kt:133)               [main]           INFO  - writing [92m2024-03-12 04-51[39m 
21:27:12.539 .(Exporter.kt:166)               [main]           INFO  - writing to [34mC:\Users\nikky\.dj-session-export\VirtualDJ\2024\2024-03-12 04-51.txt[39m 
21:27:12.541 .(Exporter.kt:216)               [main]           INFO  - writing to [34mC:\Users\nikky\.dj-session-export\VirtualDJ\2024\2024-03-12 04-51.csv[39m 
21:27:12.541 .(Exporter.kt:133)               [main]           INFO  - writing [92m2024-03-12 05-28[39m 
21:27:12.542 .(Exporter.kt:166)               [main]           INFO  - writing to [34mC:\Users\nikky\.dj-session-export\VirtualDJ\2024\2024-03-12 05-28.txt[39m 
21:27:12.542 .(Exporter.kt:216)               [main]           INFO  - writing to [34mC:\Users\nikky\.dj-session-export\VirtualDJ\2024\2024-03-12 05-28.csv[39m 
21:27:12.542 .(Exporter.kt:133)               [main]           INFO  - writing [92m2024-03-12 07-49[39m 
21:27:12.543 .(Exporter.kt:166)               [main]           INFO  - writing to [34mC:\Users\nikky\.dj-session-export\VirtualDJ\2024\2024-03-12 07-49.txt[39m 
21:27:12.544 .(Exporter.kt:216)               [main]           INFO  - writing to [34mC:\Users\nikky\.dj-session-export\VirtualDJ\2024\2024-03-12 07-49.csv[39m 
21:27:12.544 .(Exporter.kt:133)               [main]           INFO  - writing [92m2024-03-12[39m 
21:27:12.545 .(Exporter.kt:166)               [main]           INFO  - writing to [34mC:\Users\nikky\.dj-session-export\VirtualDJ\2024\2024-03-12.txt[39m 
21:27:12.546 .(Exporter.kt:216)               [main]           INFO  - writing to [34mC:\Users\nikky\.dj-session-export\VirtualDJ\2024\2024-03-12.csv[39m 
21:27:12.546 .(Exporter.kt:133)               [main]           INFO  - writing [92m2024-03-12 08-08[39m 
21:27:12.547 .(Exporter.kt:166)               [main]           INFO  - writing to [34mC:\Users\nikky\.dj-session-export\VirtualDJ\2024\2024-03-12 08-08.txt[39m 
21:27:12.547 .(Exporter.kt:216)               [main]           INFO  - writing to [34mC:\Users\nikky\.dj-session-export\VirtualDJ\2024\2024-03-12 08-08.csv[39m 
21:27:12.548 .(Exporter.kt:133)               [main]           INFO  - writing [92m2024-03-12 08-38[39m 
21:27:12.559 .(Exporter.kt:166)               [main]           INFO  - writing to [34mC:\Users\nikky\.dj-session-export\VirtualDJ\2024\2024-03-12 08-38.txt[39m 
21:27:12.559 .(Exporter.kt:216)               [main]           INFO  - writing to [34mC:\Users\nikky\.dj-session-export\VirtualDJ\2024\2024-03-12 08-38.csv[39m 
21:27:12.560 .(Exporter.kt:133)               [main]           INFO  - writing [92m2024-03-12[39m 
21:27:12.562 .(Exporter.kt:166)               [main]           INFO  - writing to [34mC:\Users\nikky\.dj-session-export\VirtualDJ\2024\2024-03-12.txt[39m 
21:27:12.562 .(Exporter.kt:216)               [main]           INFO  - writing to [34mC:\Users\nikky\.dj-session-export\VirtualDJ\2024\2024-03-12.csv[39m 
21:27:12.563 .(Exporter.kt:133)               [main]           INFO  - writing [92m2024-03-13[39m 
21:27:12.564 .(Exporter.kt:166)               [main]           INFO  - writing to [34mC:\Users\nikky\.dj-session-export\VirtualDJ\2024\2024-03-13.txt[39m 
21:27:12.565 .(Exporter.kt:216)               [main]           INFO  - writing to [34mC:\Users\nikky\.dj-session-export\VirtualDJ\2024\2024-03-13.csv[39m 
21:27:12.565 .(Exporter.kt:133)               [main]           INFO  - writing [92m2024-03-18[39m 
21:27:12.566 .(Exporter.kt:166)               [main]           INFO  - writing to [34mC:\Users\nikky\.dj-session-export\VirtualDJ\2024\2024-03-18.txt[39m 
21:27:12.567 .(Exporter.kt:216)               [main]           INFO  - writing to [34mC:\Users\nikky\.dj-session-export\VirtualDJ\2024\2024-03-18.csv[39m 
21:27:12.567 .(Exporter.kt:133)               [main]           INFO  - writing [92m2024-03-19[39m 
21:27:12.568 .(Exporter.kt:166)               [main]           INFO  - writing to [34mC:\Users\nikky\.dj-session-export\VirtualDJ\2024\2024-03-19.txt[39m 
21:27:12.568 .(Exporter.kt:216)               [main]           INFO  - writing to [34mC:\Users\nikky\.dj-session-export\VirtualDJ\2024\2024-03-19.csv[39m 
21:27:12.569 .(Exporter.kt:133)               [main]           INFO  - writing [92m2024-03-19 22-05[39m 
21:27:12.569 .(Exporter.kt:166)               [main]           INFO  - writing to [34mC:\Users\nikky\.dj-session-export\VirtualDJ\2024\2024-03-19 22-05.txt[39m 
21:27:12.570 .(Exporter.kt:216)               [main]           INFO  - writing to [34mC:\Users\nikky\.dj-session-export\VirtualDJ\2024\2024-03-19 22-05.csv[39m 
21:27:12.571 .(Exporter.kt:133)               [main]           INFO  - writing [92m2024-03-19 23-36[39m 
21:27:12.571 .(Exporter.kt:166)               [main]           INFO  - writing to [34mC:\Users\nikky\.dj-session-export\VirtualDJ\2024\2024-03-19 23-36.txt[39m 
21:27:12.572 .(Exporter.kt:216)               [main]           INFO  - writing to [34mC:\Users\nikky\.dj-session-export\VirtualDJ\2024\2024-03-19 23-36.csv[39m 
21:27:12.572 .(Exporter.kt:133)               [main]           INFO  - writing [92m2024-03-20 00-41[39m 
21:27:12.574 .(Exporter.kt:166)               [main]           INFO  - writing to [34mC:\Users\nikky\.dj-session-export\VirtualDJ\2024\2024-03-20 00-41.txt[39m 
21:27:12.574 .(Exporter.kt:216)               [main]           INFO  - writing to [34mC:\Users\nikky\.dj-session-export\VirtualDJ\2024\2024-03-20 00-41.csv[39m 
21:27:12.575 .(Exporter.kt:133)               [main]           INFO  - writing [92m2024-03-20 01-57[39m 
21:27:12.575 .(Exporter.kt:166)               [main]           INFO  - writing to [34mC:\Users\nikky\.dj-session-export\VirtualDJ\2024\2024-03-20 01-57.txt[39m 
21:27:12.576 .(Exporter.kt:216)               [main]           INFO  - writing to [34mC:\Users\nikky\.dj-session-export\VirtualDJ\2024\2024-03-20 01-57.csv[39m 
21:27:12.576 .(Exporter.kt:133)               [main]           INFO  - writing [92m2024-03-20 04-10[39m 
21:27:12.576 .(Exporter.kt:166)               [main]           INFO  - writing to [34mC:\Users\nikky\.dj-session-export\VirtualDJ\2024\2024-03-20 04-10.txt[39m 
21:27:12.577 .(Exporter.kt:216)               [main]           INFO  - writing to [34mC:\Users\nikky\.dj-session-export\VirtualDJ\2024\2024-03-20 04-10.csv[39m 
21:27:12.578 .(Exporter.kt:133)               [main]           INFO  - writing [92m2024-03-20[39m 
21:27:12.578 .(Exporter.kt:166)               [main]           INFO  - writing to [34mC:\Users\nikky\.dj-session-export\VirtualDJ\2024\2024-03-20.txt[39m 
21:27:12.579 .(Exporter.kt:216)               [main]           INFO  - writing to [34mC:\Users\nikky\.dj-session-export\VirtualDJ\2024\2024-03-20.csv[39m 
21:27:12.579 .(Exporter.kt:133)               [main]           INFO  - writing [92m2024-03-20 21-40[39m 
21:27:12.580 .(Exporter.kt:166)               [main]           INFO  - writing to [34mC:\Users\nikky\.dj-session-export\VirtualDJ\2024\2024-03-20 21-40.txt[39m 
21:27:12.580 .(Exporter.kt:216)               [main]           INFO  - writing to [34mC:\Users\nikky\.dj-session-export\VirtualDJ\2024\2024-03-20 21-40.csv[39m 
21:27:12.580 .(Exporter.kt:133)               [main]           INFO  - writing [92m2024-03-20 22-13[39m 
21:27:12.582 .(Exporter.kt:166)               [main]           INFO  - writing to [34mC:\Users\nikky\.dj-session-export\VirtualDJ\2024\2024-03-20 22-13.txt[39m 
21:27:12.582 .(Exporter.kt:216)               [main]           INFO  - writing to [34mC:\Users\nikky\.dj-session-export\VirtualDJ\2024\2024-03-20 22-13.csv[39m 
21:27:12.583 .(Exporter.kt:133)               [main]           INFO  - writing [92m2024-03-20 23-00[39m 
21:27:12.584 .(Exporter.kt:166)               [main]           INFO  - writing to [34mC:\Users\nikky\.dj-session-export\VirtualDJ\2024\2024-03-20 23-00.txt[39m 
21:27:12.584 .(Exporter.kt:216)               [main]           INFO  - writing to [34mC:\Users\nikky\.dj-session-export\VirtualDJ\2024\2024-03-20 23-00.csv[39m 
21:27:12.585 .(Exporter.kt:133)               [main]           INFO  - writing [92m2024-03-21[39m 
21:27:12.585 .(Exporter.kt:166)               [main]           INFO  - writing to [34mC:\Users\nikky\.dj-session-export\VirtualDJ\2024\2024-03-21.txt[39m 
21:27:12.586 .(Exporter.kt:216)               [main]           INFO  - writing to [34mC:\Users\nikky\.dj-session-export\VirtualDJ\2024\2024-03-21.csv[39m 
21:27:12.586 .(Exporter.kt:133)               [main]           INFO  - writing [92m2024-03-21 19-21[39m 
21:27:12.586 .(Exporter.kt:166)               [main]           INFO  - writing to [34mC:\Users\nikky\.dj-session-export\VirtualDJ\2024\2024-03-21 19-21.txt[39m 
21:27:12.586 .(Exporter.kt:216)               [main]           INFO  - writing to [34mC:\Users\nikky\.dj-session-export\VirtualDJ\2024\2024-03-21 19-21.csv[39m 
21:27:12.587 .(Exporter.kt:133)               [main]           INFO  - writing [92m2024-03-21 19-49[39m 
21:27:12.588 .(Exporter.kt:166)               [main]           INFO  - writing to [34mC:\Users\nikky\.dj-session-export\VirtualDJ\2024\2024-03-21 19-49.txt[39m 
21:27:12.588 .(Exporter.kt:216)               [main]           INFO  - writing to [34mC:\Users\nikky\.dj-session-export\VirtualDJ\2024\2024-03-21 19-49.csv[39m 
21:27:12.589 .(Exporter.kt:133)               [main]           INFO  - writing [92m2024-03-22[39m 
21:27:12.589 .(Exporter.kt:166)               [main]           INFO  - writing to [34mC:\Users\nikky\.dj-session-export\VirtualDJ\2024\2024-03-22.txt[39m 
21:27:12.590 .(Exporter.kt:216)               [main]           INFO  - writing to [34mC:\Users\nikky\.dj-session-export\VirtualDJ\2024\2024-03-22.csv[39m 
21:27:12.590 .(Exporter.kt:133)               [main]           INFO  - writing [92m2024-03-22 09-42[39m 
21:27:12.590 .(Exporter.kt:166)               [main]           INFO  - writing to [34mC:\Users\nikky\.dj-session-export\VirtualDJ\2024\2024-03-22 09-42.txt[39m 
21:27:12.591 .(Exporter.kt:216)               [main]           INFO  - writing to [34mC:\Users\nikky\.dj-session-export\VirtualDJ\2024\2024-03-22 09-42.csv[39m 
21:27:12.592 .(Exporter.kt:133)               [main]           INFO  - writing [92m2024-03-22 10-04[39m 
21:27:12.592 .(Exporter.kt:166)               [main]           INFO  - writing to [34mC:\Users\nikky\.dj-session-export\VirtualDJ\2024\2024-03-22 10-04.txt[39m 
21:27:12.593 .(Exporter.kt:216)               [main]           INFO  - writing to [34mC:\Users\nikky\.dj-session-export\VirtualDJ\2024\2024-03-22 10-04.csv[39m 
21:27:12.593 .(Exporter.kt:133)               [main]           INFO  - writing [92m2024-03-24[39m 
21:27:12.593 .(Exporter.kt:166)               [main]           INFO  - writing to [34mC:\Users\nikky\.dj-session-export\VirtualDJ\2024\2024-03-24.txt[39m 
21:27:12.594 .(Exporter.kt:216)               [main]           INFO  - writing to [34mC:\Users\nikky\.dj-session-export\VirtualDJ\2024\2024-03-24.csv[39m 
21:27:12.595 .(Exporter.kt:133)               [main]           INFO  - writing [92m2024-03-25[39m 
21:27:12.595 .(Exporter.kt:166)               [main]           INFO  - writing to [34mC:\Users\nikky\.dj-session-export\VirtualDJ\2024\2024-03-25.txt[39m 
21:27:12.596 .(Exporter.kt:216)               [main]           INFO  - writing to [34mC:\Users\nikky\.dj-session-export\VirtualDJ\2024\2024-03-25.csv[39m 
21:27:12.596 .(Exporter.kt:133)               [main]           INFO  - writing [92m2024-03-26[39m 
21:27:12.596 .(Exporter.kt:166)               [main]           INFO  - writing to [34mC:\Users\nikky\.dj-session-export\VirtualDJ\2024\2024-03-26.txt[39m 
21:27:12.598 .(Exporter.kt:216)               [main]           INFO  - writing to [34mC:\Users\nikky\.dj-session-export\VirtualDJ\2024\2024-03-26.csv[39m 
21:27:12.598 .(Exporter.kt:133)               [main]           INFO  - writing [92m2024-03-27[39m 
21:27:12.598 .(Exporter.kt:166)               [main]           INFO  - writing to [34mC:\Users\nikky\.dj-session-export\VirtualDJ\2024\2024-03-27.txt[39m 
21:27:12.599 .(Exporter.kt:216)               [main]           INFO  - writing to [34mC:\Users\nikky\.dj-session-export\VirtualDJ\2024\2024-03-27.csv[39m 
21:27:12.599 .(Exporter.kt:133)               [main]           INFO  - writing [92m2024-03-28[39m 
21:27:12.600 .(Exporter.kt:166)               [main]           INFO  - writing to [34mC:\Users\nikky\.dj-session-export\VirtualDJ\2024\2024-03-28.txt[39m 
21:27:12.602 .(Exporter.kt:216)               [main]           INFO  - writing to [34mC:\Users\nikky\.dj-session-export\VirtualDJ\2024\2024-03-28.csv[39m 
21:27:12.602 .(Exporter.kt:133)               [main]           INFO  - writing [92m2024-03-29[39m 
21:27:12.602 .(Exporter.kt:166)               [main]           INFO  - writing to [34mC:\Users\nikky\.dj-session-export\VirtualDJ\2024\2024-03-29.txt[39m 
21:27:12.603 .(Exporter.kt:216)               [main]           INFO  - writing to [34mC:\Users\nikky\.dj-session-export\VirtualDJ\2024\2024-03-29.csv[39m 
21:27:12.603 .(Exporter.kt:133)               [main]           INFO  - writing [92m2024-03-29 16-08[39m 
21:27:12.603 .(Exporter.kt:166)               [main]           INFO  - writing to [34mC:\Users\nikky\.dj-session-export\VirtualDJ\2024\2024-03-29 16-08.txt[39m 
21:27:12.605 .(Exporter.kt:216)               [main]           INFO  - writing to [34mC:\Users\nikky\.dj-session-export\VirtualDJ\2024\2024-03-29 16-08.csv[39m 
21:27:12.605 .(Exporter.kt:133)               [main]           INFO  - writing [92m2024-03-29 18-18[39m 
21:27:12.605 .(Exporter.kt:166)               [main]           INFO  - writing to [34mC:\Users\nikky\.dj-session-export\VirtualDJ\2024\2024-03-29 18-18.txt[39m 
21:27:12.606 .(Exporter.kt:216)               [main]           INFO  - writing to [34mC:\Users\nikky\.dj-session-export\VirtualDJ\2024\2024-03-29 18-18.csv[39m 
21:27:12.606 .(Exporter.kt:133)               [main]           INFO  - writing [92m2024-03-30 03-32[39m 
21:27:12.606 .(Exporter.kt:166)               [main]           INFO  - writing to [34mC:\Users\nikky\.dj-session-export\VirtualDJ\2024\2024-03-30 03-32.txt[39m 
21:27:12.607 .(Exporter.kt:216)               [main]           INFO  - writing to [34mC:\Users\nikky\.dj-session-export\VirtualDJ\2024\2024-03-30 03-32.csv[39m 
21:27:12.608 .(Exporter.kt:133)               [main]           INFO  - writing [92m2024-03-30[39m 
21:27:12.608 .(Exporter.kt:166)               [main]           INFO  - writing to [34mC:\Users\nikky\.dj-session-export\VirtualDJ\2024\2024-03-30.txt[39m 
21:27:12.609 .(Exporter.kt:216)               [main]           INFO  - writing to [34mC:\Users\nikky\.dj-session-export\VirtualDJ\2024\2024-03-30.csv[39m 
21:27:12.609 .(Exporter.kt:133)               [main]           INFO  - writing [92m2024-04-01[39m 
21:27:12.611 .(Exporter.kt:166)               [main]           INFO  - writing to [34mC:\Users\nikky\.dj-session-export\VirtualDJ\2024\2024-04-01.txt[39m 
21:27:12.611 .(Exporter.kt:216)               [main]           INFO  - writing to [34mC:\Users\nikky\.dj-session-export\VirtualDJ\2024\2024-04-01.csv[39m 
21:27:12.611 .(Exporter.kt:133)               [main]           INFO  - writing [92m2024-04-01 12-56[39m 
21:27:12.612 .(Exporter.kt:166)               [main]           INFO  - writing to [34mC:\Users\nikky\.dj-session-export\VirtualDJ\2024\2024-04-01 12-56.txt[39m 
21:27:12.612 .(Exporter.kt:216)               [main]           INFO  - writing to [34mC:\Users\nikky\.dj-session-export\VirtualDJ\2024\2024-04-01 12-56.csv[39m 
21:27:12.612 .(Exporter.kt:133)               [main]           INFO  - writing [92m2024-04-01 19-31[39m 
21:27:12.614 .(Exporter.kt:166)               [main]           INFO  - writing to [34mC:\Users\nikky\.dj-session-export\VirtualDJ\2024\2024-04-01 19-31.txt[39m 
21:27:12.614 .(Exporter.kt:216)               [main]           INFO  - writing to [34mC:\Users\nikky\.dj-session-export\VirtualDJ\2024\2024-04-01 19-31.csv[39m 
21:27:12.614 .(Exporter.kt:133)               [main]           INFO  - writing [92m2024-04-01 23-13[39m 
21:27:12.615 .(Exporter.kt:166)               [main]           INFO  - writing to [34mC:\Users\nikky\.dj-session-export\VirtualDJ\2024\2024-04-01 23-13.txt[39m 
21:27:12.616 .(Exporter.kt:216)               [main]           INFO  - writing to [34mC:\Users\nikky\.dj-session-export\VirtualDJ\2024\2024-04-01 23-13.csv[39m 
21:27:12.616 .(Exporter.kt:133)               [main]           INFO  - writing [92m2024-04-02 01-26[39m 
21:27:12.617 .(Exporter.kt:166)               [main]           INFO  - writing to [34mC:\Users\nikky\.dj-session-export\VirtualDJ\2024\2024-04-02 01-26.txt[39m 
21:27:12.617 .(Exporter.kt:216)               [main]           INFO  - writing to [34mC:\Users\nikky\.dj-session-export\VirtualDJ\2024\2024-04-02 01-26.csv[39m 
21:27:12.618 .(Exporter.kt:133)               [main]           INFO  - writing [92m2024-04-02 02-55[39m 
21:27:12.619 .(Exporter.kt:166)               [main]           INFO  - writing to [34mC:\Users\nikky\.dj-session-export\VirtualDJ\2024\2024-04-02 02-55.txt[39m 
21:27:12.619 .(Exporter.kt:216)               [main]           INFO  - writing to [34mC:\Users\nikky\.dj-session-export\VirtualDJ\2024\2024-04-02 02-55.csv[39m 
21:27:12.619 .(Exporter.kt:133)               [main]           INFO  - writing [92m2024-04-02[39m 
21:27:12.621 .(Exporter.kt:166)               [main]           INFO  - writing to [34mC:\Users\nikky\.dj-session-export\VirtualDJ\2024\2024-04-02.txt[39m 
21:27:12.622 .(Exporter.kt:216)               [main]           INFO  - writing to [34mC:\Users\nikky\.dj-session-export\VirtualDJ\2024\2024-04-02.csv[39m 
21:27:12.622 .(Exporter.kt:133)               [main]           INFO  - writing [92m2024-04-02 22-05[39m 
21:27:12.622 .(Exporter.kt:166)               [main]           INFO  - writing to [34mC:\Users\nikky\.dj-session-export\VirtualDJ\2024\2024-04-02 22-05.txt[39m 
21:27:12.624 .(Exporter.kt:216)               [main]           INFO  - writing to [34mC:\Users\nikky\.dj-session-export\VirtualDJ\2024\2024-04-02 22-05.csv[39m 
21:27:12.624 .(Exporter.kt:133)               [main]           INFO  - writing [92m2024-04-02 23-34[39m 
21:27:12.625 .(Exporter.kt:166)               [main]           INFO  - writing to [34mC:\Users\nikky\.dj-session-export\VirtualDJ\2024\2024-04-02 23-34.txt[39m 
21:27:12.625 .(Exporter.kt:216)               [main]           INFO  - writing to [34mC:\Users\nikky\.dj-session-export\VirtualDJ\2024\2024-04-02 23-34.csv[39m 
21:27:12.625 .(Exporter.kt:133)               [main]           INFO  - writing [92m2024-04-03 01-19[39m 
21:27:12.626 .(Exporter.kt:166)               [main]           INFO  - writing to [34mC:\Users\nikky\.dj-session-export\VirtualDJ\2024\2024-04-03 01-19.txt[39m 
21:27:12.626 .(Exporter.kt:216)               [main]           INFO  - writing to [34mC:\Users\nikky\.dj-session-export\VirtualDJ\2024\2024-04-03 01-19.csv[39m 
21:27:12.626 .(Exporter.kt:133)               [main]           INFO  - writing [92m2024-04-03[39m 
21:27:12.627 .(Exporter.kt:166)               [main]           INFO  - writing to [34mC:\Users\nikky\.dj-session-export\VirtualDJ\2024\2024-04-03.txt[39m 
21:27:12.628 .(Exporter.kt:216)               [main]           INFO  - writing to [34mC:\Users\nikky\.dj-session-export\VirtualDJ\2024\2024-04-03.csv[39m 
21:27:12.628 .(Exporter.kt:133)               [main]           INFO  - writing [92m2024-04-03 15-52[39m 
21:27:12.628 .(Exporter.kt:166)               [main]           INFO  - writing to [34mC:\Users\nikky\.dj-session-export\VirtualDJ\2024\2024-04-03 15-52.txt[39m 
21:27:12.629 .(Exporter.kt:216)               [main]           INFO  - writing to [34mC:\Users\nikky\.dj-session-export\VirtualDJ\2024\2024-04-03 15-52.csv[39m 
21:27:12.629 .(Exporter.kt:133)               [main]           INFO  - writing [92m2024-04-03 16-15[39m 
21:27:12.630 .(Exporter.kt:166)               [main]           INFO  - writing to [34mC:\Users\nikky\.dj-session-export\VirtualDJ\2024\2024-04-03 16-15.txt[39m 
21:27:12.630 .(Exporter.kt:216)               [main]           INFO  - writing to [34mC:\Users\nikky\.dj-session-export\VirtualDJ\2024\2024-04-03 16-15.csv[39m 
21:27:12.630 .(Exporter.kt:133)               [main]           INFO  - writing [92m2024-04-04 05-22[39m 
21:27:12.632 .(Exporter.kt:166)               [main]           INFO  - writing to [34mC:\Users\nikky\.dj-session-export\VirtualDJ\2024\2024-04-04 05-22.txt[39m 
21:27:12.632 .(Exporter.kt:216)               [main]           INFO  - writing to [34mC:\Users\nikky\.dj-session-export\VirtualDJ\2024\2024-04-04 05-22.csv[39m 
21:27:12.632 .(Exporter.kt:133)               [main]           INFO  - writing [92m2024-04-04[39m 
21:27:12.633 .(Exporter.kt:166)               [main]           INFO  - writing to [34mC:\Users\nikky\.dj-session-export\VirtualDJ\2024\2024-04-04.txt[39m 
21:27:12.634 .(Exporter.kt:216)               [main]           INFO  - writing to [34mC:\Users\nikky\.dj-session-export\VirtualDJ\2024\2024-04-04.csv[39m 
21:27:12.634 .(Exporter.kt:133)               [main]           INFO  - writing [92m2024-04-04 03-40[39m 
21:27:12.635 .(Exporter.kt:166)               [main]           INFO  - writing to [34mC:\Users\nikky\.dj-session-export\VirtualDJ\2024\2024-04-04 03-40.txt[39m 
21:27:12.635 .(Exporter.kt:216)               [main]           INFO  - writing to [34mC:\Users\nikky\.dj-session-export\VirtualDJ\2024\2024-04-04 03-40.csv[39m 
21:27:12.635 .(Exporter.kt:133)               [main]           INFO  - writing [92m2024-04-04 03-57[39m 
21:27:12.636 .(Exporter.kt:166)               [main]           INFO  - writing to [34mC:\Users\nikky\.dj-session-export\VirtualDJ\2024\2024-04-04 03-57.txt[39m 
21:27:12.636 .(Exporter.kt:216)               [main]           INFO  - writing to [34mC:\Users\nikky\.dj-session-export\VirtualDJ\2024\2024-04-04 03-57.csv[39m 
21:27:12.636 .(Exporter.kt:133)               [main]           INFO  - writing [92m2024-04-09[39m 
21:27:12.636 .(Exporter.kt:166)               [main]           INFO  - writing to [34mC:\Users\nikky\.dj-session-export\VirtualDJ\2024\2024-04-09.txt[39m 
21:27:12.638 .(Exporter.kt:216)               [main]           INFO  - writing to [34mC:\Users\nikky\.dj-session-export\VirtualDJ\2024\2024-04-09.csv[39m 
21:27:12.638 .(Exporter.kt:133)               [main]           INFO  - writing [92m2024-04-09[39m 
21:27:12.639 .(Exporter.kt:166)               [main]           INFO  - writing to [34mC:\Users\nikky\.dj-session-export\VirtualDJ\2024\2024-04-09.txt[39m 
21:27:12.640 .(Exporter.kt:216)               [main]           INFO  - writing to [34mC:\Users\nikky\.dj-session-export\VirtualDJ\2024\2024-04-09.csv[39m 
21:27:12.641 .(Exporter.kt:133)               [main]           INFO  - writing [92m2024-04-09 21-29[39m 
21:27:12.641 .(Exporter.kt:166)               [main]           INFO  - writing to [34mC:\Users\nikky\.dj-session-export\VirtualDJ\2024\2024-04-09 21-29.txt[39m 
21:27:12.642 .(Exporter.kt:216)               [main]           INFO  - writing to [34mC:\Users\nikky\.dj-session-export\VirtualDJ\2024\2024-04-09 21-29.csv[39m 
21:27:12.642 .(Exporter.kt:133)               [main]           INFO  - writing [92m2024-04-10 07-40[39m 
21:27:12.643 .(Exporter.kt:166)               [main]           INFO  - writing to [34mC:\Users\nikky\.dj-session-export\VirtualDJ\2024\2024-04-10 07-40.txt[39m 
21:27:12.644 .(Exporter.kt:216)               [main]           INFO  - writing to [34mC:\Users\nikky\.dj-session-export\VirtualDJ\2024\2024-04-10 07-40.csv[39m 
21:27:12.644 .(Exporter.kt:133)               [main]           INFO  - writing [92m2024-04-10[39m 
21:27:12.645 .(Exporter.kt:166)               [main]           INFO  - writing to [34mC:\Users\nikky\.dj-session-export\VirtualDJ\2024\2024-04-10.txt[39m 
21:27:12.645 .(Exporter.kt:216)               [main]           INFO  - writing to [34mC:\Users\nikky\.dj-session-export\VirtualDJ\2024\2024-04-10.csv[39m 
21:27:12.646 .(Exporter.kt:133)               [main]           INFO  - writing [92m2024-04-10[39m 
21:27:12.646 .(Exporter.kt:166)               [main]           INFO  - writing to [34mC:\Users\nikky\.dj-session-export\VirtualDJ\2024\2024-04-10.txt[39m 
21:27:12.646 .(Exporter.kt:216)               [main]           INFO  - writing to [34mC:\Users\nikky\.dj-session-export\VirtualDJ\2024\2024-04-10.csv[39m 
21:27:12.646 .(Exporter.kt:133)               [main]           INFO  - writing [92m2024-04-10 03-51[39m 
21:27:12.648 .(Exporter.kt:166)               [main]           INFO  - writing to [34mC:\Users\nikky\.dj-session-export\VirtualDJ\2024\2024-04-10 03-51.txt[39m 
21:27:12.648 .(Exporter.kt:216)               [main]           INFO  - writing to [34mC:\Users\nikky\.dj-session-export\VirtualDJ\2024\2024-04-10 03-51.csv[39m 
21:27:12.648 .(Exporter.kt:133)               [main]           INFO  - writing [92m2024-04-10 06-38[39m 
21:27:12.649 .(Exporter.kt:166)               [main]           INFO  - writing to [34mC:\Users\nikky\.dj-session-export\VirtualDJ\2024\2024-04-10 06-38.txt[39m 
21:27:12.650 .(Exporter.kt:216)               [main]           INFO  - writing to [34mC:\Users\nikky\.dj-session-export\VirtualDJ\2024\2024-04-10 06-38.csv[39m 
21:27:12.650 .(Exporter.kt:133)               [main]           INFO  - writing [92m2024-04-10 07-18[39m 
21:27:12.651 .(Exporter.kt:166)               [main]           INFO  - writing to [34mC:\Users\nikky\.dj-session-export\VirtualDJ\2024\2024-04-10 07-18.txt[39m 
21:27:12.652 .(Exporter.kt:216)               [main]           INFO  - writing to [34mC:\Users\nikky\.dj-session-export\VirtualDJ\2024\2024-04-10 07-18.csv[39m 
21:27:12.652 .(Exporter.kt:133)               [main]           INFO  - writing [92m2024-04-10 07-57[39m 
21:27:12.652 .(Exporter.kt:166)               [main]           INFO  - writing to [34mC:\Users\nikky\.dj-session-export\VirtualDJ\2024\2024-04-10 07-57.txt[39m 
21:27:12.652 .(Exporter.kt:216)               [main]           INFO  - writing to [34mC:\Users\nikky\.dj-session-export\VirtualDJ\2024\2024-04-10 07-57.csv[39m 
21:27:12.652 .(Exporter.kt:133)               [main]           INFO  - writing [92m2024-04-11[39m 
21:27:12.654 .(Exporter.kt:166)               [main]           INFO  - writing to [34mC:\Users\nikky\.dj-session-export\VirtualDJ\2024\2024-04-11.txt[39m 
21:27:12.654 .(Exporter.kt:216)               [main]           INFO  - writing to [34mC:\Users\nikky\.dj-session-export\VirtualDJ\2024\2024-04-11.csv[39m 
21:27:12.654 .(Exporter.kt:133)               [main]           INFO  - writing [92m2024-04-11 08-02[39m 
21:27:12.656 .(Exporter.kt:166)               [main]           INFO  - writing to [34mC:\Users\nikky\.dj-session-export\VirtualDJ\2024\2024-04-11 08-02.txt[39m 
21:27:12.656 .(Exporter.kt:216)               [main]           INFO  - writing to [34mC:\Users\nikky\.dj-session-export\VirtualDJ\2024\2024-04-11 08-02.csv[39m 
21:27:12.656 .(Exporter.kt:133)               [main]           INFO  - writing [92m2024-04-11 17-02[39m 
21:27:12.656 .(Exporter.kt:166)               [main]           INFO  - writing to [34mC:\Users\nikky\.dj-session-export\VirtualDJ\2024\2024-04-11 17-02.txt[39m 
21:27:12.658 .(Exporter.kt:216)               [main]           INFO  - writing to [34mC:\Users\nikky\.dj-session-export\VirtualDJ\2024\2024-04-11 17-02.csv[39m 
21:27:12.658 .(Exporter.kt:133)               [main]           INFO  - writing [92m2024-04-11 23-57[39m 
21:27:12.658 .(Exporter.kt:166)               [main]           INFO  - writing to [34mC:\Users\nikky\.dj-session-export\VirtualDJ\2024\2024-04-11 23-57.txt[39m 
21:27:12.659 .(Exporter.kt:216)               [main]           INFO  - writing to [34mC:\Users\nikky\.dj-session-export\VirtualDJ\2024\2024-04-11 23-57.csv[39m 
21:27:12.659 .(Exporter.kt:133)               [main]           INFO  - writing [92m2024-04-12 05-11[39m 
21:27:12.660 .(Exporter.kt:166)               [main]           INFO  - writing to [34mC:\Users\nikky\.dj-session-export\VirtualDJ\2024\2024-04-12 05-11.txt[39m 
21:27:12.661 .(Exporter.kt:216)               [main]           INFO  - writing to [34mC:\Users\nikky\.dj-session-export\VirtualDJ\2024\2024-04-12 05-11.csv[39m 
21:27:12.661 .(Exporter.kt:133)               [main]           INFO  - writing [92m2024-04-14[39m 
21:27:12.662 .(Exporter.kt:166)               [main]           INFO  - writing to [34mC:\Users\nikky\.dj-session-export\VirtualDJ\2024\2024-04-14.txt[39m 
21:27:12.662 .(Exporter.kt:216)               [main]           INFO  - writing to [34mC:\Users\nikky\.dj-session-export\VirtualDJ\2024\2024-04-14.csv[39m 
21:27:12.663 .(Exporter.kt:133)               [main]           INFO  - writing [92m2024-04-14 00-58[39m 
21:27:12.663 .(Exporter.kt:166)               [main]           INFO  - writing to [34mC:\Users\nikky\.dj-session-export\VirtualDJ\2024\2024-04-14 00-58.txt[39m 
21:27:12.664 .(Exporter.kt:216)               [main]           INFO  - writing to [34mC:\Users\nikky\.dj-session-export\VirtualDJ\2024\2024-04-14 00-58.csv[39m 
21:27:12.664 .(Exporter.kt:133)               [main]           INFO  - writing [92m2024-04-14 01-52[39m 
21:27:12.665 .(Exporter.kt:166)               [main]           INFO  - writing to [34mC:\Users\nikky\.dj-session-export\VirtualDJ\2024\2024-04-14 01-52.txt[39m 
21:27:12.665 .(Exporter.kt:216)               [main]           INFO  - writing to [34mC:\Users\nikky\.dj-session-export\VirtualDJ\2024\2024-04-14 01-52.csv[39m 
21:27:12.666 .(Exporter.kt:133)               [main]           INFO  - writing [92m2024-04-18[39m 
21:27:12.666 .(Exporter.kt:166)               [main]           INFO  - writing to [34mC:\Users\nikky\.dj-session-export\VirtualDJ\2024\2024-04-18.txt[39m 
21:27:12.667 .(Exporter.kt:216)               [main]           INFO  - writing to [34mC:\Users\nikky\.dj-session-export\VirtualDJ\2024\2024-04-18.csv[39m 
21:27:12.667 .(Exporter.kt:133)               [main]           INFO  - writing [92m2024-04-19[39m 
21:27:12.668 .(Exporter.kt:166)               [main]           INFO  - writing to [34mC:\Users\nikky\.dj-session-export\VirtualDJ\2024\2024-04-19.txt[39m 
21:27:12.668 .(Exporter.kt:216)               [main]           INFO  - writing to [34mC:\Users\nikky\.dj-session-export\VirtualDJ\2024\2024-04-19.csv[39m 
21:27:12.669 .(Exporter.kt:133)               [main]           INFO  - writing [92m2024-04-20[39m 
21:27:12.670 .(Exporter.kt:166)               [main]           INFO  - writing to [34mC:\Users\nikky\.dj-session-export\VirtualDJ\2024\2024-04-20.txt[39m 
21:27:12.671 .(Exporter.kt:216)               [main]           INFO  - writing to [34mC:\Users\nikky\.dj-session-export\VirtualDJ\2024\2024-04-20.csv[39m 
21:27:12.672 .(Exporter.kt:133)               [main]           INFO  - writing [92m2024-04-21[39m 
21:27:12.672 .(Exporter.kt:166)               [main]           INFO  - writing to [34mC:\Users\nikky\.dj-session-export\VirtualDJ\2024\2024-04-21.txt[39m 
21:27:12.673 .(Exporter.kt:216)               [main]           INFO  - writing to [34mC:\Users\nikky\.dj-session-export\VirtualDJ\2024\2024-04-21.csv[39m 
21:27:12.673 .(Exporter.kt:133)               [main]           INFO  - writing [92m2024-04-21[39m 
21:27:12.675 .(Exporter.kt:166)               [main]           INFO  - writing to [34mC:\Users\nikky\.dj-session-export\VirtualDJ\2024\2024-04-21.txt[39m 
21:27:12.676 .(Exporter.kt:216)               [main]           INFO  - writing to [34mC:\Users\nikky\.dj-session-export\VirtualDJ\2024\2024-04-21.csv[39m 
21:27:12.676 .(Exporter.kt:133)               [main]           INFO  - writing [92m2024-04-24[39m 
21:27:12.677 .(Exporter.kt:166)               [main]           INFO  - writing to [34mC:\Users\nikky\.dj-session-export\VirtualDJ\2024\2024-04-24.txt[39m 
21:27:12.678 .(Exporter.kt:216)               [main]           INFO  - writing to [34mC:\Users\nikky\.dj-session-export\VirtualDJ\2024\2024-04-24.csv[39m 
21:27:12.678 .(Exporter.kt:133)               [main]           INFO  - writing [92m2024-04-24 10-00[39m 
21:27:12.679 .(Exporter.kt:166)               [main]           INFO  - writing to [34mC:\Users\nikky\.dj-session-export\VirtualDJ\2024\2024-04-24 10-00.txt[39m 
21:27:12.679 .(Exporter.kt:216)               [main]           INFO  - writing to [34mC:\Users\nikky\.dj-session-export\VirtualDJ\2024\2024-04-24 10-00.csv[39m 
21:27:12.679 .(Exporter.kt:133)               [main]           INFO  - writing [92m2024-04-24 21-56[39m 
21:27:12.680 .(Exporter.kt:166)               [main]           INFO  - writing to [34mC:\Users\nikky\.dj-session-export\VirtualDJ\2024\2024-04-24 21-56.txt[39m 
21:27:12.680 .(Exporter.kt:216)               [main]           INFO  - writing to [34mC:\Users\nikky\.dj-session-export\VirtualDJ\2024\2024-04-24 21-56.csv[39m 
21:27:12.681 .(Exporter.kt:133)               [main]           INFO  - writing [92m2024-04-26[39m 
21:27:12.682 .(Exporter.kt:166)               [main]           INFO  - writing to [34mC:\Users\nikky\.dj-session-export\VirtualDJ\2024\2024-04-26.txt[39m 
21:27:12.683 .(Exporter.kt:216)               [main]           INFO  - writing to [34mC:\Users\nikky\.dj-session-export\VirtualDJ\2024\2024-04-26.csv[39m 
21:27:12.683 .(Exporter.kt:133)               [main]           INFO  - writing [92m2024-04-26 16-44[39m 
21:27:12.684 .(Exporter.kt:166)               [main]           INFO  - writing to [34mC:\Users\nikky\.dj-session-export\VirtualDJ\2024\2024-04-26 16-44.txt[39m 
21:27:12.685 .(Exporter.kt:216)               [main]           INFO  - writing to [34mC:\Users\nikky\.dj-session-export\VirtualDJ\2024\2024-04-26 16-44.csv[39m 
21:27:12.685 .(Exporter.kt:133)               [main]           INFO  - writing [92m2024-04-26 17-03[39m 
21:27:12.686 .(Exporter.kt:166)               [main]           INFO  - writing to [34mC:\Users\nikky\.dj-session-export\VirtualDJ\2024\2024-04-26 17-03.txt[39m 
21:27:12.686 .(Exporter.kt:216)               [main]           INFO  - writing to [34mC:\Users\nikky\.dj-session-export\VirtualDJ\2024\2024-04-26 17-03.csv[39m 
21:27:12.687 .(Exporter.kt:133)               [main]           INFO  - writing [92m2024-04-27 04-35[39m 
21:27:12.687 .(Exporter.kt:166)               [main]           INFO  - writing to [34mC:\Users\nikky\.dj-session-export\VirtualDJ\2024\2024-04-27 04-35.txt[39m 
21:27:12.689 .(Exporter.kt:216)               [main]           INFO  - writing to [34mC:\Users\nikky\.dj-session-export\VirtualDJ\2024\2024-04-27 04-35.csv[39m 
21:27:12.689 .(Exporter.kt:133)               [main]           INFO  - writing [92m2024-04-27[39m 
21:27:12.690 .(Exporter.kt:166)               [main]           INFO  - writing to [34mC:\Users\nikky\.dj-session-export\VirtualDJ\2024\2024-04-27.txt[39m 
21:27:12.691 .(Exporter.kt:216)               [main]           INFO  - writing to [34mC:\Users\nikky\.dj-session-export\VirtualDJ\2024\2024-04-27.csv[39m 
21:27:12.691 .(Exporter.kt:133)               [main]           INFO  - writing [92m2024-04-28[39m 
21:27:12.692 .(Exporter.kt:166)               [main]           INFO  - writing to [34mC:\Users\nikky\.dj-session-export\VirtualDJ\2024\2024-04-28.txt[39m 
21:27:12.692 .(Exporter.kt:216)               [main]           INFO  - writing to [34mC:\Users\nikky\.dj-session-export\VirtualDJ\2024\2024-04-28.csv[39m 
21:27:12.692 .(Exporter.kt:133)               [main]           INFO  - writing [92m2024-04-30[39m 
21:27:12.693 .(Exporter.kt:166)               [main]           INFO  - writing to [34mC:\Users\nikky\.dj-session-export\VirtualDJ\2024\2024-04-30.txt[39m 
21:27:12.694 .(Exporter.kt:216)               [main]           INFO  - writing to [34mC:\Users\nikky\.dj-session-export\VirtualDJ\2024\2024-04-30.csv[39m 
21:27:12.694 .(Exporter.kt:133)               [main]           INFO  - writing [92m2024-04-30 14-09[39m 
21:27:12.695 .(Exporter.kt:166)               [main]           INFO  - writing to [34mC:\Users\nikky\.dj-session-export\VirtualDJ\2024\2024-04-30 14-09.txt[39m 
21:27:12.695 .(Exporter.kt:216)               [main]           INFO  - writing to [34mC:\Users\nikky\.dj-session-export\VirtualDJ\2024\2024-04-30 14-09.csv[39m 
21:27:12.695 .(Exporter.kt:133)               [main]           INFO  - writing [92m2024-05-01 02-33[39m 
21:27:12.696 .(Exporter.kt:166)               [main]           INFO  - writing to [34mC:\Users\nikky\.dj-session-export\VirtualDJ\2024\2024-05-01 02-33.txt[39m 
21:27:12.697 .(Exporter.kt:216)               [main]           INFO  - writing to [34mC:\Users\nikky\.dj-session-export\VirtualDJ\2024\2024-05-01 02-33.csv[39m 
21:27:12.697 .(Exporter.kt:133)               [main]           INFO  - writing [92m2024-05-01 03-12[39m 
21:27:12.698 .(Exporter.kt:166)               [main]           INFO  - writing to [34mC:\Users\nikky\.dj-session-export\VirtualDJ\2024\2024-05-01 03-12.txt[39m 
21:27:12.698 .(Exporter.kt:216)               [main]           INFO  - writing to [34mC:\Users\nikky\.dj-session-export\VirtualDJ\2024\2024-05-01 03-12.csv[39m 
21:27:12.699 .(Exporter.kt:133)               [main]           INFO  - writing [92m2024-05-01 03-34[39m 
21:27:12.700 .(Exporter.kt:166)               [main]           INFO  - writing to [34mC:\Users\nikky\.dj-session-export\VirtualDJ\2024\2024-05-01 03-34.txt[39m 
21:27:12.700 .(Exporter.kt:216)               [main]           INFO  - writing to [34mC:\Users\nikky\.dj-session-export\VirtualDJ\2024\2024-05-01 03-34.csv[39m 
21:27:12.701 .(Exporter.kt:133)               [main]           INFO  - writing [92m2024-05-01[39m 
21:27:12.702 .(Exporter.kt:166)               [main]           INFO  - writing to [34mC:\Users\nikky\.dj-session-export\VirtualDJ\2024\2024-05-01.txt[39m 
21:27:12.703 .(Exporter.kt:216)               [main]           INFO  - writing to [34mC:\Users\nikky\.dj-session-export\VirtualDJ\2024\2024-05-01.csv[39m 
21:27:12.703 .(Exporter.kt:133)               [main]           INFO  - writing [92m2024-05-02[39m 
21:27:12.703 .(Exporter.kt:166)               [main]           INFO  - writing to [34mC:\Users\nikky\.dj-session-export\VirtualDJ\2024\2024-05-02.txt[39m 
21:27:12.705 .(Exporter.kt:216)               [main]           INFO  - writing to [34mC:\Users\nikky\.dj-session-export\VirtualDJ\2024\2024-05-02.csv[39m 
21:27:12.705 .(Exporter.kt:133)               [main]           INFO  - writing [92m2024-05-03[39m 
21:27:12.706 .(Exporter.kt:166)               [main]           INFO  - writing to [34mC:\Users\nikky\.dj-session-export\VirtualDJ\2024\2024-05-03.txt[39m 
21:27:12.706 .(Exporter.kt:216)               [main]           INFO  - writing to [34mC:\Users\nikky\.dj-session-export\VirtualDJ\2024\2024-05-03.csv[39m 
21:27:12.706 .(Exporter.kt:133)               [main]           INFO  - writing [92m2024-05-03 09-32[39m 
21:27:12.708 .(Exporter.kt:166)               [main]           INFO  - writing to [34mC:\Users\nikky\.dj-session-export\VirtualDJ\2024\2024-05-03 09-32.txt[39m 
21:27:12.708 .(Exporter.kt:216)               [main]           INFO  - writing to [34mC:\Users\nikky\.dj-session-export\VirtualDJ\2024\2024-05-03 09-32.csv[39m 
21:27:12.709 .(Exporter.kt:133)               [main]           INFO  - writing [92m2024-05-03 10-05[39m 
21:27:12.709 .(Exporter.kt:166)               [main]           INFO  - writing to [34mC:\Users\nikky\.dj-session-export\VirtualDJ\2024\2024-05-03 10-05.txt[39m 
21:27:12.710 .(Exporter.kt:216)               [main]           INFO  - writing to [34mC:\Users\nikky\.dj-session-export\VirtualDJ\2024\2024-05-03 10-05.csv[39m 
21:27:12.710 .(Exporter.kt:133)               [main]           INFO  - writing [92m2024-05-03 18-53[39m 
21:27:12.711 .(Exporter.kt:166)               [main]           INFO  - writing to [34mC:\Users\nikky\.dj-session-export\VirtualDJ\2024\2024-05-03 18-53.txt[39m 
21:27:12.711 .(Exporter.kt:216)               [main]           INFO  - writing to [34mC:\Users\nikky\.dj-session-export\VirtualDJ\2024\2024-05-03 18-53.csv[39m 
21:27:12.712 .(Exporter.kt:133)               [main]           INFO  - writing [92m2024-05-04[39m 
21:27:12.712 .(Exporter.kt:166)               [main]           INFO  - writing to [34mC:\Users\nikky\.dj-session-export\VirtualDJ\2024\2024-05-04.txt[39m 
21:27:12.712 .(Exporter.kt:216)               [main]           INFO  - writing to [34mC:\Users\nikky\.dj-session-export\VirtualDJ\2024\2024-05-04.csv[39m 
21:27:12.713 .(Exporter.kt:133)               [main]           INFO  - writing [92m2024-05-04 14-29[39m 
21:27:12.714 .(Exporter.kt:166)               [main]           INFO  - writing to [34mC:\Users\nikky\.dj-session-export\VirtualDJ\2024\2024-05-04 14-29.txt[39m 
21:27:12.714 .(Exporter.kt:216)               [main]           INFO  - writing to [34mC:\Users\nikky\.dj-session-export\VirtualDJ\2024\2024-05-04 14-29.csv[39m 
21:27:12.715 .(Exporter.kt:133)               [main]           INFO  - writing [92m2024-05-04 15-20[39m 
21:27:12.715 .(Exporter.kt:166)               [main]           INFO  - writing to [34mC:\Users\nikky\.dj-session-export\VirtualDJ\2024\2024-05-04 15-20.txt[39m 
21:27:12.716 .(Exporter.kt:216)               [main]           INFO  - writing to [34mC:\Users\nikky\.dj-session-export\VirtualDJ\2024\2024-05-04 15-20.csv[39m 
21:27:12.716 .(Exporter.kt:133)               [main]           INFO  - writing [92m2024-05-04 15-51[39m 
21:27:12.716 .(Exporter.kt:166)               [main]           INFO  - writing to [34mC:\Users\nikky\.dj-session-export\VirtualDJ\2024\2024-05-04 15-51.txt[39m 
21:27:12.718 .(Exporter.kt:216)               [main]           INFO  - writing to [34mC:\Users\nikky\.dj-session-export\VirtualDJ\2024\2024-05-04 15-51.csv[39m 
21:27:12.718 .(Exporter.kt:133)               [main]           INFO  - writing [92m2024-05-05 04-07[39m 
21:27:12.718 .(Exporter.kt:166)               [main]           INFO  - writing to [34mC:\Users\nikky\.dj-session-export\VirtualDJ\2024\2024-05-05 04-07.txt[39m 
21:27:12.719 .(Exporter.kt:216)               [main]           INFO  - writing to [34mC:\Users\nikky\.dj-session-export\VirtualDJ\2024\2024-05-05 04-07.csv[39m 
21:27:12.720 .(Exporter.kt:133)               [main]           INFO  - writing [92m2024-05-06[39m 
21:27:12.721 .(Exporter.kt:166)               [main]           INFO  - writing to [34mC:\Users\nikky\.dj-session-export\VirtualDJ\2024\2024-05-06.txt[39m 
21:27:12.722 .(Exporter.kt:216)               [main]           INFO  - writing to [34mC:\Users\nikky\.dj-session-export\VirtualDJ\2024\2024-05-06.csv[39m 
21:27:12.722 .(Exporter.kt:133)               [main]           INFO  - writing [92m2024-05-10[39m 
21:27:12.723 .(Exporter.kt:166)               [main]           INFO  - writing to [34mC:\Users\nikky\.dj-session-export\VirtualDJ\2024\2024-05-10.txt[39m 
21:27:12.724 .(Exporter.kt:216)               [main]           INFO  - writing to [34mC:\Users\nikky\.dj-session-export\VirtualDJ\2024\2024-05-10.csv[39m 
21:27:12.725 .(Exporter.kt:133)               [main]           INFO  - writing [92m2024-05-11[39m 
21:27:12.725 .(Exporter.kt:166)               [main]           INFO  - writing to [34mC:\Users\nikky\.dj-session-export\VirtualDJ\2024\2024-05-11.txt[39m 
21:27:12.726 .(Exporter.kt:216)               [main]           INFO  - writing to [34mC:\Users\nikky\.dj-session-export\VirtualDJ\2024\2024-05-11.csv[39m 
21:27:12.726 .(Exporter.kt:133)               [main]           INFO  - writing [92m2024-05-12[39m 
21:27:12.726 .(Exporter.kt:166)               [main]           INFO  - writing to [34mC:\Users\nikky\.dj-session-export\VirtualDJ\2024\2024-05-12.txt[39m 
21:27:12.728 .(Exporter.kt:216)               [main]           INFO  - writing to [34mC:\Users\nikky\.dj-session-export\VirtualDJ\2024\2024-05-12.csv[39m 
21:27:12.728 .(Exporter.kt:133)               [main]           INFO  - writing [92m2024-05-12 08-02[39m 
21:27:12.729 .(Exporter.kt:166)               [main]           INFO  - writing to [34mC:\Users\nikky\.dj-session-export\VirtualDJ\2024\2024-05-12 08-02.txt[39m 
21:27:12.729 .(Exporter.kt:216)               [main]           INFO  - writing to [34mC:\Users\nikky\.dj-session-export\VirtualDJ\2024\2024-05-12 08-02.csv[39m 
21:27:12.730 .(Exporter.kt:133)               [main]           INFO  - writing [92m2024-05-12 10-57[39m 
21:27:12.731 .(Exporter.kt:166)               [main]           INFO  - writing to [34mC:\Users\nikky\.dj-session-export\VirtualDJ\2024\2024-05-12 10-57.txt[39m 
21:27:12.731 .(Exporter.kt:216)               [main]           INFO  - writing to [34mC:\Users\nikky\.dj-session-export\VirtualDJ\2024\2024-05-12 10-57.csv[39m 
21:27:12.731 .(Exporter.kt:133)               [main]           INFO  - writing [92m2024-05-12[39m 
21:27:12.732 .(Exporter.kt:166)               [main]           INFO  - writing to [34mC:\Users\nikky\.dj-session-export\VirtualDJ\2024\2024-05-12.txt[39m 
21:27:12.732 .(Exporter.kt:216)               [main]           INFO  - writing to [34mC:\Users\nikky\.dj-session-export\VirtualDJ\2024\2024-05-12.csv[39m 
21:27:12.732 .(Exporter.kt:133)               [main]           INFO  - writing [92m2024-05-16[39m 
21:27:12.734 .(Exporter.kt:166)               [main]           INFO  - writing to [34mC:\Users\nikky\.dj-session-export\VirtualDJ\2024\2024-05-16.txt[39m 
21:27:12.734 .(Exporter.kt:216)               [main]           INFO  - writing to [34mC:\Users\nikky\.dj-session-export\VirtualDJ\2024\2024-05-16.csv[39m 
21:27:12.735 .(Exporter.kt:133)               [main]           INFO  - writing [92m2024-05-16 02-03[39m 
21:27:12.735 .(Exporter.kt:166)               [main]           INFO  - writing to [34mC:\Users\nikky\.dj-session-export\VirtualDJ\2024\2024-05-16 02-03.txt[39m 
21:27:12.736 .(Exporter.kt:216)               [main]           INFO  - writing to [34mC:\Users\nikky\.dj-session-export\VirtualDJ\2024\2024-05-16 02-03.csv[39m 
21:27:12.736 .(Exporter.kt:133)               [main]           INFO  - writing [92m2024-05-16 04-18[39m 
21:27:12.736 .(Exporter.kt:166)               [main]           INFO  - writing to [34mC:\Users\nikky\.dj-session-export\VirtualDJ\2024\2024-05-16 04-18.txt[39m 
21:27:12.738 .(Exporter.kt:216)               [main]           INFO  - writing to [34mC:\Users\nikky\.dj-session-export\VirtualDJ\2024\2024-05-16 04-18.csv[39m 
21:27:12.738 .(Exporter.kt:133)               [main]           INFO  - writing [92m2024-05-17[39m 
21:27:12.739 .(Exporter.kt:166)               [main]           INFO  - writing to [34mC:\Users\nikky\.dj-session-export\VirtualDJ\2024\2024-05-17.txt[39m 
21:27:12.739 .(Exporter.kt:216)               [main]           INFO  - writing to [34mC:\Users\nikky\.dj-session-export\VirtualDJ\2024\2024-05-17.csv[39m 
21:27:12.740 .(Exporter.kt:133)               [main]           INFO  - writing [92m2024-05-17[39m 
21:27:12.741 .(Exporter.kt:166)               [main]           INFO  - writing to [34mC:\Users\nikky\.dj-session-export\VirtualDJ\2024\2024-05-17.txt[39m 
21:27:12.741 .(Exporter.kt:216)               [main]           INFO  - writing to [34mC:\Users\nikky\.dj-session-export\VirtualDJ\2024\2024-05-17.csv[39m 
21:27:12.742 .(Exporter.kt:133)               [main]           INFO  - writing [92m2024-05-21[39m 
21:27:12.742 .(Exporter.kt:166)               [main]           INFO  - writing to [34mC:\Users\nikky\.dj-session-export\VirtualDJ\2024\2024-05-21.txt[39m 
21:27:12.742 .(Exporter.kt:216)               [main]           INFO  - writing to [34mC:\Users\nikky\.dj-session-export\VirtualDJ\2024\2024-05-21.csv[39m 
21:27:12.743 .(Exporter.kt:133)               [main]           INFO  - writing [92m2024-05-25[39m 
21:27:12.744 .(Exporter.kt:166)               [main]           INFO  - writing to [34mC:\Users\nikky\.dj-session-export\VirtualDJ\2024\2024-05-25.txt[39m 
21:27:12.744 .(Exporter.kt:216)               [main]           INFO  - writing to [34mC:\Users\nikky\.dj-session-export\VirtualDJ\2024\2024-05-25.csv[39m 
21:27:12.745 .(Exporter.kt:133)               [main]           INFO  - writing [92m2024-05-25 17-10[39m 
21:27:12.745 .(Exporter.kt:166)               [main]           INFO  - writing to [34mC:\Users\nikky\.dj-session-export\VirtualDJ\2024\2024-05-25 17-10.txt[39m 
21:27:12.746 .(Exporter.kt:216)               [main]           INFO  - writing to [34mC:\Users\nikky\.dj-session-export\VirtualDJ\2024\2024-05-25 17-10.csv[39m 
21:27:12.746 .(Exporter.kt:133)               [main]           INFO  - writing [92m2024-05-25 17-45[39m 
21:27:12.746 .(Exporter.kt:166)               [main]           INFO  - writing to [34mC:\Users\nikky\.dj-session-export\VirtualDJ\2024\2024-05-25 17-45.txt[39m 
21:27:12.746 .(Exporter.kt:216)               [main]           INFO  - writing to [34mC:\Users\nikky\.dj-session-export\VirtualDJ\2024\2024-05-25 17-45.csv[39m 
21:27:12.748 .(Exporter.kt:133)               [main]           INFO  - writing [92m2024-05-25 18-10[39m 
21:27:12.748 .(Exporter.kt:166)               [main]           INFO  - writing to [34mC:\Users\nikky\.dj-session-export\VirtualDJ\2024\2024-05-25 18-10.txt[39m 
21:27:12.748 .(Exporter.kt:216)               [main]           INFO  - writing to [34mC:\Users\nikky\.dj-session-export\VirtualDJ\2024\2024-05-25 18-10.csv[39m 
21:27:12.748 .(Exporter.kt:133)               [main]           INFO  - writing [92m2024-05-26[39m 
21:27:12.749 .(Exporter.kt:166)               [main]           INFO  - writing to [34mC:\Users\nikky\.dj-session-export\VirtualDJ\2024\2024-05-26.txt[39m 
21:27:12.750 .(Exporter.kt:216)               [main]           INFO  - writing to [34mC:\Users\nikky\.dj-session-export\VirtualDJ\2024\2024-05-26.csv[39m 
21:27:12.750 .(Exporter.kt:133)               [main]           INFO  - writing [92m2024-05-26 15-22[39m 
21:27:12.751 .(Exporter.kt:166)               [main]           INFO  - writing to [34mC:\Users\nikky\.dj-session-export\VirtualDJ\2024\2024-05-26 15-22.txt[39m 
21:27:12.751 .(Exporter.kt:216)               [main]           INFO  - writing to [34mC:\Users\nikky\.dj-session-export\VirtualDJ\2024\2024-05-26 15-22.csv[39m 
21:27:12.752 .(Exporter.kt:133)               [main]           INFO  - writing [92m2024-05-26 16-12[39m 
21:27:12.752 .(Exporter.kt:166)               [main]           INFO  - writing to [34mC:\Users\nikky\.dj-session-export\VirtualDJ\2024\2024-05-26 16-12.txt[39m 
21:27:12.752 .(Exporter.kt:216)               [main]           INFO  - writing to [34mC:\Users\nikky\.dj-session-export\VirtualDJ\2024\2024-05-26 16-12.csv[39m 
21:27:12.753 .(Exporter.kt:133)               [main]           INFO  - writing [92m2024-05-26[39m 
21:27:12.754 .(Exporter.kt:166)               [main]           INFO  - writing to [34mC:\Users\nikky\.dj-session-export\VirtualDJ\2024\2024-05-26.txt[39m 
21:27:12.754 .(Exporter.kt:216)               [main]           INFO  - writing to [34mC:\Users\nikky\.dj-session-export\VirtualDJ\2024\2024-05-26.csv[39m 
21:27:12.755 .(Exporter.kt:133)               [main]           INFO  - writing [92m2024-05-26[39m 
21:27:12.755 .(Exporter.kt:166)               [main]           INFO  - writing to [34mC:\Users\nikky\.dj-session-export\VirtualDJ\2024\2024-05-26.txt[39m 
21:27:12.756 .(Exporter.kt:216)               [main]           INFO  - writing to [34mC:\Users\nikky\.dj-session-export\VirtualDJ\2024\2024-05-26.csv[39m 
21:27:12.756 .(Exporter.kt:133)               [main]           INFO  - writing [92m2024-05-26 05-02[39m 
21:27:12.756 .(Exporter.kt:166)               [main]           INFO  - writing to [34mC:\Users\nikky\.dj-session-export\VirtualDJ\2024\2024-05-26 05-02.txt[39m 
21:27:12.757 .(Exporter.kt:216)               [main]           INFO  - writing to [34mC:\Users\nikky\.dj-session-export\VirtualDJ\2024\2024-05-26 05-02.csv[39m 
21:27:12.757 .(Exporter.kt:133)               [main]           INFO  - writing [92m2024-05-26 05-35[39m 
21:27:12.758 .(Exporter.kt:166)               [main]           INFO  - writing to [34mC:\Users\nikky\.dj-session-export\VirtualDJ\2024\2024-05-26 05-35.txt[39m 
21:27:12.759 .(Exporter.kt:216)               [main]           INFO  - writing to [34mC:\Users\nikky\.dj-session-export\VirtualDJ\2024\2024-05-26 05-35.csv[39m 
21:27:12.759 .(Exporter.kt:133)               [main]           INFO  - writing [92m2024-05-26 07-54[39m 
21:27:12.759 .(Exporter.kt:166)               [main]           INFO  - writing to [34mC:\Users\nikky\.dj-session-export\VirtualDJ\2024\2024-05-26 07-54.txt[39m 
21:27:12.760 .(Exporter.kt:216)               [main]           INFO  - writing to [34mC:\Users\nikky\.dj-session-export\VirtualDJ\2024\2024-05-26 07-54.csv[39m 
21:27:12.760 .(Exporter.kt:133)               [main]           INFO  - writing [92m2024-05-27[39m 
21:27:12.761 .(Exporter.kt:166)               [main]           INFO  - writing to [34mC:\Users\nikky\.dj-session-export\VirtualDJ\2024\2024-05-27.txt[39m 
21:27:12.762 .(Exporter.kt:216)               [main]           INFO  - writing to [34mC:\Users\nikky\.dj-session-export\VirtualDJ\2024\2024-05-27.csv[39m 
21:27:12.762 .(Exporter.kt:133)               [main]           INFO  - writing [92m2024-05-27[39m 
21:27:12.763 .(Exporter.kt:166)               [main]           INFO  - writing to [34mC:\Users\nikky\.dj-session-export\VirtualDJ\2024\2024-05-27.txt[39m 
21:27:12.763 .(Exporter.kt:216)               [main]           INFO  - writing to [34mC:\Users\nikky\.dj-session-export\VirtualDJ\2024\2024-05-27.csv[39m 
21:27:12.763 .(Exporter.kt:133)               [main]           INFO  - writing [92m2024-06-01[39m 
21:27:12.764 .(Exporter.kt:166)               [main]           INFO  - writing to [34mC:\Users\nikky\.dj-session-export\VirtualDJ\2024\2024-06-01.txt[39m 
21:27:12.765 .(Exporter.kt:216)               [main]           INFO  - writing to [34mC:\Users\nikky\.dj-session-export\VirtualDJ\2024\2024-06-01.csv[39m 
21:27:12.765 .(Exporter.kt:133)               [main]           INFO  - writing [92m2024-06-01 08-15[39m 
21:27:12.766 .(Exporter.kt:166)               [main]           INFO  - writing to [34mC:\Users\nikky\.dj-session-export\VirtualDJ\2024\2024-06-01 08-15.txt[39m 
21:27:12.766 .(Exporter.kt:216)               [main]           INFO  - writing to [34mC:\Users\nikky\.dj-session-export\VirtualDJ\2024\2024-06-01 08-15.csv[39m 
21:27:12.766 .(Exporter.kt:133)               [main]           INFO  - writing [92m2024-06-02 07-39[39m 
21:27:12.768 .(Exporter.kt:166)               [main]           INFO  - writing to [34mC:\Users\nikky\.dj-session-export\VirtualDJ\2024\2024-06-02 07-39.txt[39m 
21:27:12.768 .(Exporter.kt:216)               [main]           INFO  - writing to [34mC:\Users\nikky\.dj-session-export\VirtualDJ\2024\2024-06-02 07-39.csv[39m 
21:27:12.769 .(Exporter.kt:133)               [main]           INFO  - writing [92m2024-06-02[39m 
21:27:12.770 .(Exporter.kt:166)               [main]           INFO  - writing to [34mC:\Users\nikky\.dj-session-export\VirtualDJ\2024\2024-06-02.txt[39m 
21:27:12.771 .(Exporter.kt:216)               [main]           INFO  - writing to [34mC:\Users\nikky\.dj-session-export\VirtualDJ\2024\2024-06-02.csv[39m 
21:27:12.771 .(Exporter.kt:133)               [main]           INFO  - writing [92m2024-06-02 08-00[39m 
21:27:12.772 .(Exporter.kt:166)               [main]           INFO  - writing to [34mC:\Users\nikky\.dj-session-export\VirtualDJ\2024\2024-06-02 08-00.txt[39m 
21:27:12.772 .(Exporter.kt:216)               [main]           INFO  - writing to [34mC:\Users\nikky\.dj-session-export\VirtualDJ\2024\2024-06-02 08-00.csv[39m 
21:27:12.773 .(Exporter.kt:133)               [main]           INFO  - writing [92m2024-06-03 00-00[39m 
21:27:12.773 .(Exporter.kt:166)               [main]           INFO  - writing to [34mC:\Users\nikky\.dj-session-export\VirtualDJ\2024\2024-06-03 00-00.txt[39m 
21:27:12.774 .(Exporter.kt:216)               [main]           INFO  - writing to [34mC:\Users\nikky\.dj-session-export\VirtualDJ\2024\2024-06-03 00-00.csv[39m 
21:27:12.775 .(Exporter.kt:133)               [main]           INFO  - writing [92m2024-06-03[39m 
21:27:12.775 .(Exporter.kt:166)               [main]           INFO  - writing to [34mC:\Users\nikky\.dj-session-export\VirtualDJ\2024\2024-06-03.txt[39m 
21:27:12.776 .(Exporter.kt:216)               [main]           INFO  - writing to [34mC:\Users\nikky\.dj-session-export\VirtualDJ\2024\2024-06-03.csv[39m 
21:27:12.776 .(Exporter.kt:133)               [main]           INFO  - writing [92m2024-06-03 19-18[39m 
21:27:12.777 .(Exporter.kt:166)               [main]           INFO  - writing to [34mC:\Users\nikky\.dj-session-export\VirtualDJ\2024\2024-06-03 19-18.txt[39m 
21:27:12.777 .(Exporter.kt:216)               [main]           INFO  - writing to [34mC:\Users\nikky\.dj-session-export\VirtualDJ\2024\2024-06-03 19-18.csv[39m 
21:27:12.778 .(Exporter.kt:133)               [main]           INFO  - writing [92m2024-06-04 07-49[39m 
21:27:12.778 .(Exporter.kt:166)               [main]           INFO  - writing to [34mC:\Users\nikky\.dj-session-export\VirtualDJ\2024\2024-06-04 07-49.txt[39m 
21:27:12.779 .(Exporter.kt:216)               [main]           INFO  - writing to [34mC:\Users\nikky\.dj-session-export\VirtualDJ\2024\2024-06-04 07-49.csv[39m 
21:27:12.779 .(Exporter.kt:133)               [main]           INFO  - writing [92m2024-06-04[39m 
21:27:12.780 .(Exporter.kt:166)               [main]           INFO  - writing to [34mC:\Users\nikky\.dj-session-export\VirtualDJ\2024\2024-06-04.txt[39m 
21:27:12.781 .(Exporter.kt:216)               [main]           INFO  - writing to [34mC:\Users\nikky\.dj-session-export\VirtualDJ\2024\2024-06-04.csv[39m 
21:27:12.782 .(Exporter.kt:133)               [main]           INFO  - writing [92m2024-06-06[39m 
21:27:12.782 .(Exporter.kt:166)               [main]           INFO  - writing to [34mC:\Users\nikky\.dj-session-export\VirtualDJ\2024\2024-06-06.txt[39m 
21:27:12.783 .(Exporter.kt:216)               [main]           INFO  - writing to [34mC:\Users\nikky\.dj-session-export\VirtualDJ\2024\2024-06-06.csv[39m 
21:27:12.783 .(Exporter.kt:133)               [main]           INFO  - writing [92m2024-06-06[39m 
21:27:12.784 .(Exporter.kt:166)               [main]           INFO  - writing to [34mC:\Users\nikky\.dj-session-export\VirtualDJ\2024\2024-06-06.txt[39m 
21:27:12.785 .(Exporter.kt:216)               [main]           INFO  - writing to [34mC:\Users\nikky\.dj-session-export\VirtualDJ\2024\2024-06-06.csv[39m 
21:27:12.785 .(Exporter.kt:133)               [main]           INFO  - writing [92m2024-06-06 22-03[39m 
21:27:12.786 .(Exporter.kt:166)               [main]           INFO  - writing to [34mC:\Users\nikky\.dj-session-export\VirtualDJ\2024\2024-06-06 22-03.txt[39m 
21:27:12.786 .(Exporter.kt:216)               [main]           INFO  - writing to [34mC:\Users\nikky\.dj-session-export\VirtualDJ\2024\2024-06-06 22-03.csv[39m 
21:27:12.786 .(Exporter.kt:133)               [main]           INFO  - writing [92m2024-06-06 23-25[39m 
21:27:12.788 .(Exporter.kt:166)               [main]           INFO  - writing to [34mC:\Users\nikky\.dj-session-export\VirtualDJ\2024\2024-06-06 23-25.txt[39m 
21:27:12.788 .(Exporter.kt:216)               [main]           INFO  - writing to [34mC:\Users\nikky\.dj-session-export\VirtualDJ\2024\2024-06-06 23-25.csv[39m 
21:27:12.789 .(Exporter.kt:133)               [main]           INFO  - writing [92m2024-06-07 02-03[39m 
21:27:12.789 .(Exporter.kt:166)               [main]           INFO  - writing to [34mC:\Users\nikky\.dj-session-export\VirtualDJ\2024\2024-06-07 02-03.txt[39m 
21:27:12.791 .(Exporter.kt:216)               [main]           INFO  - writing to [34mC:\Users\nikky\.dj-session-export\VirtualDJ\2024\2024-06-07 02-03.csv[39m 
21:27:12.791 .(Exporter.kt:133)               [main]           INFO  - writing [92m2024-06-07 06-21[39m 
21:27:12.792 .(Exporter.kt:166)               [main]           INFO  - writing to [34mC:\Users\nikky\.dj-session-export\VirtualDJ\2024\2024-06-07 06-21.txt[39m 
21:27:12.792 .(Exporter.kt:216)               [main]           INFO  - writing to [34mC:\Users\nikky\.dj-session-export\VirtualDJ\2024\2024-06-07 06-21.csv[39m 
21:27:12.792 .(Exporter.kt:133)               [main]           INFO  - writing [92m2024-06-07[39m 
21:27:12.793 .(Exporter.kt:166)               [main]           INFO  - writing to [34mC:\Users\nikky\.dj-session-export\VirtualDJ\2024\2024-06-07.txt[39m 
21:27:12.794 .(Exporter.kt:216)               [main]           INFO  - writing to [34mC:\Users\nikky\.dj-session-export\VirtualDJ\2024\2024-06-07.csv[39m 
21:27:12.794 .(Exporter.kt:133)               [main]           INFO  - writing [92m2024-06-14[39m 
21:27:12.795 .(Exporter.kt:166)               [main]           INFO  - writing to [34mC:\Users\nikky\.dj-session-export\VirtualDJ\2024\2024-06-14.txt[39m 
21:27:12.795 .(Exporter.kt:216)               [main]           INFO  - writing to [34mC:\Users\nikky\.dj-session-export\VirtualDJ\2024\2024-06-14.csv[39m 
21:27:12.795 .(Exporter.kt:133)               [main]           INFO  - writing [92m2024-06-14 19-09[39m 
21:27:12.796 .(Exporter.kt:166)               [main]           INFO  - writing to [34mC:\Users\nikky\.dj-session-export\VirtualDJ\2024\2024-06-14 19-09.txt[39m 
21:27:12.796 .(Exporter.kt:216)               [main]           INFO  - writing to [34mC:\Users\nikky\.dj-session-export\VirtualDJ\2024\2024-06-14 19-09.csv[39m 
21:27:12.796 .(Exporter.kt:133)               [main]           INFO  - writing [92m2024-06-14 19-33[39m 
21:27:12.796 .(Exporter.kt:166)               [main]           INFO  - writing to [34mC:\Users\nikky\.dj-session-export\VirtualDJ\2024\2024-06-14 19-33.txt[39m 
21:27:12.798 .(Exporter.kt:216)               [main]           INFO  - writing to [34mC:\Users\nikky\.dj-session-export\VirtualDJ\2024\2024-06-14 19-33.csv[39m 
21:27:12.798 .(Exporter.kt:133)               [main]           INFO  - writing [92m2024-06-14 20-05[39m 
21:27:12.798 .(Exporter.kt:166)               [main]           INFO  - writing to [34mC:\Users\nikky\.dj-session-export\VirtualDJ\2024\2024-06-14 20-05.txt[39m 
21:27:12.799 .(Exporter.kt:216)               [main]           INFO  - writing to [34mC:\Users\nikky\.dj-session-export\VirtualDJ\2024\2024-06-14 20-05.csv[39m 
21:27:12.799 .(Exporter.kt:133)               [main]           INFO  - writing [92m2024-06-14 21-36[39m 
21:27:12.800 .(Exporter.kt:166)               [main]           INFO  - writing to [34mC:\Users\nikky\.dj-session-export\VirtualDJ\2024\2024-06-14 21-36.txt[39m 
21:27:12.800 .(Exporter.kt:216)               [main]           INFO  - writing to [34mC:\Users\nikky\.dj-session-export\VirtualDJ\2024\2024-06-14 21-36.csv[39m 
21:27:12.800 .(Exporter.kt:133)               [main]           INFO  - writing [92m2024-06-15[39m 
21:27:12.802 .(Exporter.kt:166)               [main]           INFO  - writing to [34mC:\Users\nikky\.dj-session-export\VirtualDJ\2024\2024-06-15.txt[39m 
21:27:12.802 .(Exporter.kt:216)               [main]           INFO  - writing to [34mC:\Users\nikky\.dj-session-export\VirtualDJ\2024\2024-06-15.csv[39m 
21:27:12.802 .(Exporter.kt:133)               [main]           INFO  - writing [92m2024-06-15 12-52[39m 
21:27:12.803 .(Exporter.kt:166)               [main]           INFO  - writing to [34mC:\Users\nikky\.dj-session-export\VirtualDJ\2024\2024-06-15 12-52.txt[39m 
21:27:12.803 .(Exporter.kt:216)               [main]           INFO  - writing to [34mC:\Users\nikky\.dj-session-export\VirtualDJ\2024\2024-06-15 12-52.csv[39m 
21:27:12.804 .(Exporter.kt:133)               [main]           INFO  - writing [92m2024-06-15 14-00[39m 
21:27:12.805 .(Exporter.kt:166)               [main]           INFO  - writing to [34mC:\Users\nikky\.dj-session-export\VirtualDJ\2024\2024-06-15 14-00.txt[39m 
21:27:12.805 .(Exporter.kt:216)               [main]           INFO  - writing to [34mC:\Users\nikky\.dj-session-export\VirtualDJ\2024\2024-06-15 14-00.csv[39m 
21:27:12.806 .(Exporter.kt:133)               [main]           INFO  - writing [92m2024-06-15[39m 
21:27:12.806 .(Exporter.kt:166)               [main]           INFO  - writing to [34mC:\Users\nikky\.dj-session-export\VirtualDJ\2024\2024-06-15.txt[39m 
21:27:12.806 .(Exporter.kt:216)               [main]           INFO  - writing to [34mC:\Users\nikky\.dj-session-export\VirtualDJ\2024\2024-06-15.csv[39m 
21:27:12.806 .(Exporter.kt:133)               [main]           INFO  - writing [92m2024-06-21[39m 
21:27:12.808 .(Exporter.kt:166)               [main]           INFO  - writing to [34mC:\Users\nikky\.dj-session-export\VirtualDJ\2024\2024-06-21.txt[39m 
21:27:12.808 .(Exporter.kt:216)               [main]           INFO  - writing to [34mC:\Users\nikky\.dj-session-export\VirtualDJ\2024\2024-06-21.csv[39m 
21:27:12.808 .(Exporter.kt:133)               [main]           INFO  - writing [92m2024-06-23[39m 
21:27:12.809 .(Exporter.kt:166)               [main]           INFO  - writing to [34mC:\Users\nikky\.dj-session-export\VirtualDJ\2024\2024-06-23.txt[39m 
21:27:12.809 .(Exporter.kt:216)               [main]           INFO  - writing to [34mC:\Users\nikky\.dj-session-export\VirtualDJ\2024\2024-06-23.csv[39m 
21:27:12.809 .(Exporter.kt:133)               [main]           INFO  - writing [92m2024-06-23 01-14[39m 
21:27:12.810 .(Exporter.kt:166)               [main]           INFO  - writing to [34mC:\Users\nikky\.dj-session-export\VirtualDJ\2024\2024-06-23 01-14.txt[39m 
21:27:12.811 .(Exporter.kt:216)               [main]           INFO  - writing to [34mC:\Users\nikky\.dj-session-export\VirtualDJ\2024\2024-06-23 01-14.csv[39m 
21:27:12.811 .(Exporter.kt:133)               [main]           INFO  - writing [92m2024-06-23 01-39[39m 
21:27:12.812 .(Exporter.kt:166)               [main]           INFO  - writing to [34mC:\Users\nikky\.dj-session-export\VirtualDJ\2024\2024-06-23 01-39.txt[39m 
21:27:12.812 .(Exporter.kt:216)               [main]           INFO  - writing to [34mC:\Users\nikky\.dj-session-export\VirtualDJ\2024\2024-06-23 01-39.csv[39m 
21:27:12.812 .(Exporter.kt:133)               [main]           INFO  - writing [92m2024-06-23 02-06[39m 
21:27:12.813 .(Exporter.kt:166)               [main]           INFO  - writing to [34mC:\Users\nikky\.dj-session-export\VirtualDJ\2024\2024-06-23 02-06.txt[39m 
21:27:12.814 .(Exporter.kt:216)               [main]           INFO  - writing to [34mC:\Users\nikky\.dj-session-export\VirtualDJ\2024\2024-06-23 02-06.csv[39m 
21:27:12.814 .(Exporter.kt:133)               [main]           INFO  - writing [92m2024-06-25[39m 
21:27:12.814 .(Exporter.kt:166)               [main]           INFO  - writing to [34mC:\Users\nikky\.dj-session-export\VirtualDJ\2024\2024-06-25.txt[39m 
21:27:12.815 .(Exporter.kt:216)               [main]           INFO  - writing to [34mC:\Users\nikky\.dj-session-export\VirtualDJ\2024\2024-06-25.csv[39m 
21:27:12.815 .(Exporter.kt:133)               [main]           INFO  - writing [92m2024-06-26[39m 
21:27:12.816 .(Exporter.kt:166)               [main]           INFO  - writing to [34mC:\Users\nikky\.dj-session-export\VirtualDJ\2024\2024-06-26.txt[39m 
21:27:12.816 .(Exporter.kt:216)               [main]           INFO  - writing to [34mC:\Users\nikky\.dj-session-export\VirtualDJ\2024\2024-06-26.csv[39m 
21:27:12.816 .(Exporter.kt:133)               [main]           INFO  - writing [92m2024-06-26 01-19[39m 
21:27:12.816 .(Exporter.kt:166)               [main]           INFO  - writing to [34mC:\Users\nikky\.dj-session-export\VirtualDJ\2024\2024-06-26 01-19.txt[39m 
21:27:12.818 .(Exporter.kt:216)               [main]           INFO  - writing to [34mC:\Users\nikky\.dj-session-export\VirtualDJ\2024\2024-06-26 01-19.csv[39m 
21:27:12.818 .(Exporter.kt:133)               [main]           INFO  - writing [92m2024-06-26 03-06[39m 
21:27:12.818 .(Exporter.kt:166)               [main]           INFO  - writing to [34mC:\Users\nikky\.dj-session-export\VirtualDJ\2024\2024-06-26 03-06.txt[39m 
21:27:12.819 .(Exporter.kt:216)               [main]           INFO  - writing to [34mC:\Users\nikky\.dj-session-export\VirtualDJ\2024\2024-06-26 03-06.csv[39m 
21:27:12.819 .(Exporter.kt:133)               [main]           INFO  - writing [92m2024-06-29[39m 
21:27:12.819 .(Exporter.kt:166)               [main]           INFO  - writing to [34mC:\Users\nikky\.dj-session-export\VirtualDJ\2024\2024-06-29.txt[39m 
21:27:12.821 .(Exporter.kt:216)               [main]           INFO  - writing to [34mC:\Users\nikky\.dj-session-export\VirtualDJ\2024\2024-06-29.csv[39m 
21:27:12.821 .(Exporter.kt:133)               [main]           INFO  - writing [92m2024-06-29 08-11[39m 
21:27:12.821 .(Exporter.kt:166)               [main]           INFO  - writing to [34mC:\Users\nikky\.dj-session-export\VirtualDJ\2024\2024-06-29 08-11.txt[39m 
21:27:12.822 .(Exporter.kt:216)               [main]           INFO  - writing to [34mC:\Users\nikky\.dj-session-export\VirtualDJ\2024\2024-06-29 08-11.csv[39m 
21:27:12.822 .(Exporter.kt:133)               [main]           INFO  - writing [92m2024-06-29 08-36[39m 
21:27:12.822 .(Exporter.kt:166)               [main]           INFO  - writing to [34mC:\Users\nikky\.dj-session-export\VirtualDJ\2024\2024-06-29 08-36.txt[39m 
21:27:12.822 .(Exporter.kt:216)               [main]           INFO  - writing to [34mC:\Users\nikky\.dj-session-export\VirtualDJ\2024\2024-06-29 08-36.csv[39m 
21:27:12.823 .(Exporter.kt:133)               [main]           INFO  - writing [92m2024-07-04[39m 
21:27:12.824 .(Exporter.kt:166)               [main]           INFO  - writing to [34mC:\Users\nikky\.dj-session-export\VirtualDJ\2024\2024-07-04.txt[39m 
21:27:12.824 .(Exporter.kt:216)               [main]           INFO  - writing to [34mC:\Users\nikky\.dj-session-export\VirtualDJ\2024\2024-07-04.csv[39m 
21:27:12.825 .(Exporter.kt:133)               [main]           INFO  - writing [92m2024-07-05[39m 
21:27:12.825 .(Exporter.kt:166)               [main]           INFO  - writing to [34mC:\Users\nikky\.dj-session-export\VirtualDJ\2024\2024-07-05.txt[39m 
21:27:12.826 .(Exporter.kt:216)               [main]           INFO  - writing to [34mC:\Users\nikky\.dj-session-export\VirtualDJ\2024\2024-07-05.csv[39m 
21:27:12.826 .(Exporter.kt:133)               [main]           INFO  - writing [92m2024-07-06[39m 
21:27:12.826 .(Exporter.kt:166)               [main]           INFO  - writing to [34mC:\Users\nikky\.dj-session-export\VirtualDJ\2024\2024-07-06.txt[39m 
21:27:12.826 .(Exporter.kt:216)               [main]           INFO  - writing to [34mC:\Users\nikky\.dj-session-export\VirtualDJ\2024\2024-07-06.csv[39m 
21:27:12.826 .(Exporter.kt:133)               [main]           INFO  - writing [92m2024-07-06 08-01[39m 
21:27:12.828 .(Exporter.kt:166)               [main]           INFO  - writing to [34mC:\Users\nikky\.dj-session-export\VirtualDJ\2024\2024-07-06 08-01.txt[39m 
21:27:12.828 .(Exporter.kt:216)               [main]           INFO  - writing to [34mC:\Users\nikky\.dj-session-export\VirtualDJ\2024\2024-07-06 08-01.csv[39m 
21:27:12.828 .(Exporter.kt:133)               [main]           INFO  - writing [92m2024-07-07 07-44[39m 
21:27:12.829 .(Exporter.kt:166)               [main]           INFO  - writing to [34mC:\Users\nikky\.dj-session-export\VirtualDJ\2024\2024-07-07 07-44.txt[39m 
21:27:12.829 .(Exporter.kt:216)               [main]           INFO  - writing to [34mC:\Users\nikky\.dj-session-export\VirtualDJ\2024\2024-07-07 07-44.csv[39m 
21:27:12.829 .(Exporter.kt:133)               [main]           INFO  - writing [92m2024-07-07[39m 
21:27:12.830 .(Exporter.kt:166)               [main]           INFO  - writing to [34mC:\Users\nikky\.dj-session-export\VirtualDJ\2024\2024-07-07.txt[39m 
21:27:12.831 .(Exporter.kt:216)               [main]           INFO  - writing to [34mC:\Users\nikky\.dj-session-export\VirtualDJ\2024\2024-07-07.csv[39m 
21:27:12.831 .(Exporter.kt:133)               [main]           INFO  - writing [92m2024-07-09[39m 
21:27:12.832 .(Exporter.kt:166)               [main]           INFO  - writing to [34mC:\Users\nikky\.dj-session-export\VirtualDJ\2024\2024-07-09.txt[39m 
21:27:12.832 .(Exporter.kt:216)               [main]           INFO  - writing to [34mC:\Users\nikky\.dj-session-export\VirtualDJ\2024\2024-07-09.csv[39m 
21:27:12.832 .(Exporter.kt:133)               [main]           INFO  - writing [92m2024-07-14[39m 
21:27:12.832 .(Exporter.kt:166)               [main]           INFO  - writing to [34mC:\Users\nikky\.dj-session-export\VirtualDJ\2024\2024-07-14.txt[39m 
21:27:12.833 .(Exporter.kt:216)               [main]           INFO  - writing to [34mC:\Users\nikky\.dj-session-export\VirtualDJ\2024\2024-07-14.csv[39m 
21:27:12.834 .(Exporter.kt:133)               [main]           INFO  - writing [92m2024-07-15[39m 
21:27:12.834 .(Exporter.kt:166)               [main]           INFO  - writing to [34mC:\Users\nikky\.dj-session-export\VirtualDJ\2024\2024-07-15.txt[39m 
21:27:12.835 .(Exporter.kt:216)               [main]           INFO  - writing to [34mC:\Users\nikky\.dj-session-export\VirtualDJ\2024\2024-07-15.csv[39m 
21:27:12.835 .(Exporter.kt:133)               [main]           INFO  - writing [92m2024-07-19[39m 
21:27:12.836 .(Exporter.kt:166)               [main]           INFO  - writing to [34mC:\Users\nikky\.dj-session-export\VirtualDJ\2024\2024-07-19.txt[39m 
21:27:12.837 .(Exporter.kt:216)               [main]           INFO  - writing to [34mC:\Users\nikky\.dj-session-export\VirtualDJ\2024\2024-07-19.csv[39m 
21:27:12.838 .(Exporter.kt:133)               [main]           INFO  - writing [92m2024-07-24[39m 
21:27:12.838 .(Exporter.kt:166)               [main]           INFO  - writing to [34mC:\Users\nikky\.dj-session-export\VirtualDJ\2024\2024-07-24.txt[39m 
21:27:12.839 .(Exporter.kt:216)               [main]           INFO  - writing to [34mC:\Users\nikky\.dj-session-export\VirtualDJ\2024\2024-07-24.csv[39m 
21:27:12.839 .(Exporter.kt:133)               [main]           INFO  - writing [92m2024-07-25[39m 
21:27:12.840 .(Exporter.kt:166)               [main]           INFO  - writing to [34mC:\Users\nikky\.dj-session-export\VirtualDJ\2024\2024-07-25.txt[39m 
21:27:12.841 .(Exporter.kt:216)               [main]           INFO  - writing to [34mC:\Users\nikky\.dj-session-export\VirtualDJ\2024\2024-07-25.csv[39m 
21:27:12.841 .(Exporter.kt:133)               [main]           INFO  - writing [92m2024-07-25 08-00[39m 
21:27:12.842 .(Exporter.kt:166)               [main]           INFO  - writing to [34mC:\Users\nikky\.dj-session-export\VirtualDJ\2024\2024-07-25 08-00.txt[39m 
21:27:12.842 .(Exporter.kt:216)               [main]           INFO  - writing to [34mC:\Users\nikky\.dj-session-export\VirtualDJ\2024\2024-07-25 08-00.csv[39m 
21:27:12.842 .(Exporter.kt:133)               [main]           INFO  - writing [92m2024-07-25 17-01[39m 
21:27:12.843 .(Exporter.kt:166)               [main]           INFO  - writing to [34mC:\Users\nikky\.dj-session-export\VirtualDJ\2024\2024-07-25 17-01.txt[39m 
21:27:12.844 .(Exporter.kt:216)               [main]           INFO  - writing to [34mC:\Users\nikky\.dj-session-export\VirtualDJ\2024\2024-07-25 17-01.csv[39m 
21:27:12.844 .(Exporter.kt:133)               [main]           INFO  - writing [92m2024-07-26[39m 
21:27:12.845 .(Exporter.kt:166)               [main]           INFO  - writing to [34mC:\Users\nikky\.dj-session-export\VirtualDJ\2024\2024-07-26.txt[39m 
21:27:12.845 .(Exporter.kt:216)               [main]           INFO  - writing to [34mC:\Users\nikky\.dj-session-export\VirtualDJ\2024\2024-07-26.csv[39m 
21:27:12.846 .(Exporter.kt:133)               [main]           INFO  - writing [92m2024-07-26 13-59[39m 
21:27:12.847 .(Exporter.kt:166)               [main]           INFO  - writing to [34mC:\Users\nikky\.dj-session-export\VirtualDJ\2024\2024-07-26 13-59.txt[39m 
21:27:12.847 .(Exporter.kt:216)               [main]           INFO  - writing to [34mC:\Users\nikky\.dj-session-export\VirtualDJ\2024\2024-07-26 13-59.csv[39m 
21:27:12.847 .(Exporter.kt:133)               [main]           INFO  - writing [92m2024-07-26 14-27[39m 
21:27:12.848 .(Exporter.kt:166)               [main]           INFO  - writing to [34mC:\Users\nikky\.dj-session-export\VirtualDJ\2024\2024-07-26 14-27.txt[39m 
21:27:12.848 .(Exporter.kt:216)               [main]           INFO  - writing to [34mC:\Users\nikky\.dj-session-export\VirtualDJ\2024\2024-07-26 14-27.csv[39m 
21:27:12.848 .(Exporter.kt:133)               [main]           INFO  - writing [92m2024-07-26 15-09[39m 
21:27:12.849 .(Exporter.kt:166)               [main]           INFO  - writing to [34mC:\Users\nikky\.dj-session-export\VirtualDJ\2024\2024-07-26 15-09.txt[39m 
21:27:12.849 .(Exporter.kt:216)               [main]           INFO  - writing to [34mC:\Users\nikky\.dj-session-export\VirtualDJ\2024\2024-07-26 15-09.csv[39m 
21:27:12.850 .(Exporter.kt:133)               [main]           INFO  - writing [92m2024-07-29[39m 
21:27:12.851 .(Exporter.kt:166)               [main]           INFO  - writing to [34mC:\Users\nikky\.dj-session-export\VirtualDJ\2024\2024-07-29.txt[39m 
21:27:12.851 .(Exporter.kt:216)               [main]           INFO  - writing to [34mC:\Users\nikky\.dj-session-export\VirtualDJ\2024\2024-07-29.csv[39m 
21:27:12.852 .(Exporter.kt:133)               [main]           INFO  - writing [92m2024-07-29 21-19[39m 
21:27:12.852 .(Exporter.kt:166)               [main]           INFO  - writing to [34mC:\Users\nikky\.dj-session-export\VirtualDJ\2024\2024-07-29 21-19.txt[39m 
21:27:12.852 .(Exporter.kt:216)               [main]           INFO  - writing to [34mC:\Users\nikky\.dj-session-export\VirtualDJ\2024\2024-07-29 21-19.csv[39m 
21:27:12.852 .(Exporter.kt:133)               [main]           INFO  - writing [92m2024-07-29 23-06[39m 
21:27:12.853 .(Exporter.kt:166)               [main]           INFO  - writing to [34mC:\Users\nikky\.dj-session-export\VirtualDJ\2024\2024-07-29 23-06.txt[39m 
21:27:12.854 .(Exporter.kt:216)               [main]           INFO  - writing to [34mC:\Users\nikky\.dj-session-export\VirtualDJ\2024\2024-07-29 23-06.csv[39m 
21:27:12.854 .(Exporter.kt:133)               [main]           INFO  - writing [92m2024-07-30[39m 
21:27:12.855 .(Exporter.kt:166)               [main]           INFO  - writing to [34mC:\Users\nikky\.dj-session-export\VirtualDJ\2024\2024-07-30.txt[39m 
21:27:12.855 .(Exporter.kt:216)               [main]           INFO  - writing to [34mC:\Users\nikky\.dj-session-export\VirtualDJ\2024\2024-07-30.csv[39m 
21:27:12.856 .(Exporter.kt:133)               [main]           INFO  - writing [92m2024-07-30 01-08[39m 
21:27:12.856 .(Exporter.kt:166)               [main]           INFO  - writing to [34mC:\Users\nikky\.dj-session-export\VirtualDJ\2024\2024-07-30 01-08.txt[39m 
21:27:12.856 .(Exporter.kt:216)               [main]           INFO  - writing to [34mC:\Users\nikky\.dj-session-export\VirtualDJ\2024\2024-07-30 01-08.csv[39m 
21:27:12.856 .(Exporter.kt:133)               [main]           INFO  - writing [92m2024-07-30 02-15[39m 
21:27:12.858 .(Exporter.kt:166)               [main]           INFO  - writing to [34mC:\Users\nikky\.dj-session-export\VirtualDJ\2024\2024-07-30 02-15.txt[39m 
21:27:12.858 .(Exporter.kt:216)               [main]           INFO  - writing to [34mC:\Users\nikky\.dj-session-export\VirtualDJ\2024\2024-07-30 02-15.csv[39m 
21:27:12.858 .(Exporter.kt:133)               [main]           INFO  - writing [92m2024-07-30 03-03[39m 
21:27:12.860 .(Exporter.kt:166)               [main]           INFO  - writing to [34mC:\Users\nikky\.dj-session-export\VirtualDJ\2024\2024-07-30 03-03.txt[39m 
21:27:12.861 .(Exporter.kt:216)               [main]           INFO  - writing to [34mC:\Users\nikky\.dj-session-export\VirtualDJ\2024\2024-07-30 03-03.csv[39m 
21:27:12.861 .(Exporter.kt:133)               [main]           INFO  - writing [92m2024-07-31[39m 
21:27:12.862 .(Exporter.kt:166)               [main]           INFO  - writing to [34mC:\Users\nikky\.dj-session-export\VirtualDJ\2024\2024-07-31.txt[39m 
21:27:12.863 .(Exporter.kt:216)               [main]           INFO  - writing to [34mC:\Users\nikky\.dj-session-export\VirtualDJ\2024\2024-07-31.csv[39m 
21:27:12.864 .(Exporter.kt:133)               [main]           INFO  - writing [92m2024-07-31 12-53[39m 
21:27:12.865 .(Exporter.kt:166)               [main]           INFO  - writing to [34mC:\Users\nikky\.dj-session-export\VirtualDJ\2024\2024-07-31 12-53.txt[39m 
21:27:12.865 .(Exporter.kt:216)               [main]           INFO  - writing to [34mC:\Users\nikky\.dj-session-export\VirtualDJ\2024\2024-07-31 12-53.csv[39m 
21:27:12.866 .(Exporter.kt:133)               [main]           INFO  - writing [92m2024-07-31 13-57[39m 
21:27:12.866 .(Exporter.kt:166)               [main]           INFO  - writing to [34mC:\Users\nikky\.dj-session-export\VirtualDJ\2024\2024-07-31 13-57.txt[39m 
21:27:12.867 .(Exporter.kt:216)               [main]           INFO  - writing to [34mC:\Users\nikky\.dj-session-export\VirtualDJ\2024\2024-07-31 13-57.csv[39m 
21:27:12.867 .(Exporter.kt:133)               [main]           INFO  - writing [92m2024-07-31 16-05[39m 
21:27:12.868 .(Exporter.kt:166)               [main]           INFO  - writing to [34mC:\Users\nikky\.dj-session-export\VirtualDJ\2024\2024-07-31 16-05.txt[39m 
21:27:12.869 .(Exporter.kt:216)               [main]           INFO  - writing to [34mC:\Users\nikky\.dj-session-export\VirtualDJ\2024\2024-07-31 16-05.csv[39m 
21:27:12.869 .(Exporter.kt:133)               [main]           INFO  - writing [92m2024-07-31 17-04[39m 
21:27:12.870 .(Exporter.kt:166)               [main]           INFO  - writing to [34mC:\Users\nikky\.dj-session-export\VirtualDJ\2024\2024-07-31 17-04.txt[39m 
21:27:12.871 .(Exporter.kt:216)               [main]           INFO  - writing to [34mC:\Users\nikky\.dj-session-export\VirtualDJ\2024\2024-07-31 17-04.csv[39m 
21:27:12.871 .(Exporter.kt:133)               [main]           INFO  - writing [92m2024-08-01[39m 
21:27:12.872 .(Exporter.kt:166)               [main]           INFO  - writing to [34mC:\Users\nikky\.dj-session-export\VirtualDJ\2024\2024-08-01.txt[39m 
21:27:12.873 .(Exporter.kt:216)               [main]           INFO  - writing to [34mC:\Users\nikky\.dj-session-export\VirtualDJ\2024\2024-08-01.csv[39m 
21:27:12.873 .(Exporter.kt:133)               [main]           INFO  - writing [92m2024-08-01 14-35[39m 
21:27:12.873 .(Exporter.kt:166)               [main]           INFO  - writing to [34mC:\Users\nikky\.dj-session-export\VirtualDJ\2024\2024-08-01 14-35.txt[39m 
21:27:12.874 .(Exporter.kt:216)               [main]           INFO  - writing to [34mC:\Users\nikky\.dj-session-export\VirtualDJ\2024\2024-08-01 14-35.csv[39m 
21:27:12.876 .(Exporter.kt:133)               [main]           INFO  - writing [92m2024-08-02 02-02[39m 
21:27:12.876 .(Exporter.kt:166)               [main]           INFO  - writing to [34mC:\Users\nikky\.dj-session-export\VirtualDJ\2024\2024-08-02 02-02.txt[39m 
21:27:12.876 .(Exporter.kt:216)               [main]           INFO  - writing to [34mC:\Users\nikky\.dj-session-export\VirtualDJ\2024\2024-08-02 02-02.csv[39m 
21:27:12.876 .(Exporter.kt:133)               [main]           INFO  - writing [92m2024-08-02[39m 
21:27:12.878 .(Exporter.kt:166)               [main]           INFO  - writing to [34mC:\Users\nikky\.dj-session-export\VirtualDJ\2024\2024-08-02.txt[39m 
21:27:12.878 .(Exporter.kt:216)               [main]           INFO  - writing to [34mC:\Users\nikky\.dj-session-export\VirtualDJ\2024\2024-08-02.csv[39m 
21:27:12.878 .(Exporter.kt:133)               [main]           INFO  - writing [92m2024-08-03[39m 
21:27:12.879 .(Exporter.kt:166)               [main]           INFO  - writing to [34mC:\Users\nikky\.dj-session-export\VirtualDJ\2024\2024-08-03.txt[39m 
21:27:12.879 .(Exporter.kt:216)               [main]           INFO  - writing to [34mC:\Users\nikky\.dj-session-export\VirtualDJ\2024\2024-08-03.csv[39m 
21:27:12.880 .(Exporter.kt:133)               [main]           INFO  - writing [92m2024-08-03 22-14[39m 
21:27:12.881 .(Exporter.kt:166)               [main]           INFO  - writing to [34mC:\Users\nikky\.dj-session-export\VirtualDJ\2024\2024-08-03 22-14.txt[39m 
21:27:12.881 .(Exporter.kt:216)               [main]           INFO  - writing to [34mC:\Users\nikky\.dj-session-export\VirtualDJ\2024\2024-08-03 22-14.csv[39m 
21:27:12.882 .(Exporter.kt:133)               [main]           INFO  - writing [92m2024-08-03 22-35[39m 
21:27:12.882 .(Exporter.kt:166)               [main]           INFO  - writing to [34mC:\Users\nikky\.dj-session-export\VirtualDJ\2024\2024-08-03 22-35.txt[39m 
21:27:12.883 .(Exporter.kt:216)               [main]           INFO  - writing to [34mC:\Users\nikky\.dj-session-export\VirtualDJ\2024\2024-08-03 22-35.csv[39m 
21:27:12.883 .(Exporter.kt:133)               [main]           INFO  - writing [92m2024-08-04 00-32[39m 
21:27:12.884 .(Exporter.kt:166)               [main]           INFO  - writing to [34mC:\Users\nikky\.dj-session-export\VirtualDJ\2024\2024-08-04 00-32.txt[39m 
21:27:12.885 .(Exporter.kt:216)               [main]           INFO  - writing to [34mC:\Users\nikky\.dj-session-export\VirtualDJ\2024\2024-08-04 00-32.csv[39m 
21:27:12.885 .(Exporter.kt:133)               [main]           INFO  - writing [92m2024-08-04 02-11[39m 
21:27:12.886 .(Exporter.kt:166)               [main]           INFO  - writing to [34mC:\Users\nikky\.dj-session-export\VirtualDJ\2024\2024-08-04 02-11.txt[39m 
21:27:12.886 .(Exporter.kt:216)               [main]           INFO  - writing to [34mC:\Users\nikky\.dj-session-export\VirtualDJ\2024\2024-08-04 02-11.csv[39m 
21:27:12.886 .(Exporter.kt:133)               [main]           INFO  - writing [92m2024-08-04 03-08[39m 
21:27:12.888 .(Exporter.kt:166)               [main]           INFO  - writing to [34mC:\Users\nikky\.dj-session-export\VirtualDJ\2024\2024-08-04 03-08.txt[39m 
21:27:12.888 .(Exporter.kt:216)               [main]           INFO  - writing to [34mC:\Users\nikky\.dj-session-export\VirtualDJ\2024\2024-08-04 03-08.csv[39m 
21:27:12.889 .(Exporter.kt:133)               [main]           INFO  - writing [92m2024-08-04 05-22[39m 
21:27:12.889 .(Exporter.kt:166)               [main]           INFO  - writing to [34mC:\Users\nikky\.dj-session-export\VirtualDJ\2024\2024-08-04 05-22.txt[39m 
21:27:12.890 .(Exporter.kt:216)               [main]           INFO  - writing to [34mC:\Users\nikky\.dj-session-export\VirtualDJ\2024\2024-08-04 05-22.csv[39m 
21:27:12.890 .(Exporter.kt:133)               [main]           INFO  - writing [92m2024-08-04[39m 
21:27:12.892 .(Exporter.kt:166)               [main]           INFO  - writing to [34mC:\Users\nikky\.dj-session-export\VirtualDJ\2024\2024-08-04.txt[39m 
21:27:12.892 .(Exporter.kt:216)               [main]           INFO  - writing to [34mC:\Users\nikky\.dj-session-export\VirtualDJ\2024\2024-08-04.csv[39m 
21:27:12.892 .(Exporter.kt:133)               [main]           INFO  - writing [92m2024-08-08[39m 
21:27:12.894 .(Exporter.kt:166)               [main]           INFO  - writing to [34mC:\Users\nikky\.dj-session-export\VirtualDJ\2024\2024-08-08.txt[39m 
21:27:12.894 .(Exporter.kt:216)               [main]           INFO  - writing to [34mC:\Users\nikky\.dj-session-export\VirtualDJ\2024\2024-08-08.csv[39m 
21:27:12.895 .(Exporter.kt:133)               [main]           INFO  - writing [92m2024-08-09[39m 
21:27:12.895 .(Exporter.kt:166)               [main]           INFO  - writing to [34mC:\Users\nikky\.dj-session-export\VirtualDJ\2024\2024-08-09.txt[39m 
21:27:12.896 .(Exporter.kt:216)               [main]           INFO  - writing to [34mC:\Users\nikky\.dj-session-export\VirtualDJ\2024\2024-08-09.csv[39m 
21:27:12.897 .(Exporter.kt:133)               [main]           INFO  - writing [92m2024-08-11[39m 
21:27:12.897 .(Exporter.kt:166)               [main]           INFO  - writing to [34mC:\Users\nikky\.dj-session-export\VirtualDJ\2024\2024-08-11.txt[39m 
21:27:12.898 .(Exporter.kt:216)               [main]           INFO  - writing to [34mC:\Users\nikky\.dj-session-export\VirtualDJ\2024\2024-08-11.csv[39m 
21:27:12.898 .(Exporter.kt:133)               [main]           INFO  - writing [92m2024-08-11 01-46[39m 
21:27:12.899 .(Exporter.kt:166)               [main]           INFO  - writing to [34mC:\Users\nikky\.dj-session-export\VirtualDJ\2024\2024-08-11 01-46.txt[39m 
21:27:12.900 .(Exporter.kt:216)               [main]           INFO  - writing to [34mC:\Users\nikky\.dj-session-export\VirtualDJ\2024\2024-08-11 01-46.csv[39m 
21:27:12.900 .(Exporter.kt:133)               [main]           INFO  - writing [92m2024-08-11 06-56[39m 
21:27:12.901 .(Exporter.kt:166)               [main]           INFO  - writing to [34mC:\Users\nikky\.dj-session-export\VirtualDJ\2024\2024-08-11 06-56.txt[39m 
21:27:12.902 .(Exporter.kt:216)               [main]           INFO  - writing to [34mC:\Users\nikky\.dj-session-export\VirtualDJ\2024\2024-08-11 06-56.csv[39m 
21:27:12.902 .(Exporter.kt:133)               [main]           INFO  - writing [92m2024-08-12[39m 
21:27:12.903 .(Exporter.kt:166)               [main]           INFO  - writing to [34mC:\Users\nikky\.dj-session-export\VirtualDJ\2024\2024-08-12.txt[39m 
21:27:12.903 .(Exporter.kt:216)               [main]           INFO  - writing to [34mC:\Users\nikky\.dj-session-export\VirtualDJ\2024\2024-08-12.csv[39m 
21:27:12.904 .(Exporter.kt:133)               [main]           INFO  - writing [92m2024-08-13[39m 
21:27:12.905 .(Exporter.kt:166)               [main]           INFO  - writing to [34mC:\Users\nikky\.dj-session-export\VirtualDJ\2024\2024-08-13.txt[39m 
21:27:12.906 .(Exporter.kt:216)               [main]           INFO  - writing to [34mC:\Users\nikky\.dj-session-export\VirtualDJ\2024\2024-08-13.csv[39m 
21:27:12.906 .(Exporter.kt:133)               [main]           INFO  - writing [92m2024-08-16[39m 
21:27:12.906 .(Exporter.kt:166)               [main]           INFO  - writing to [34mC:\Users\nikky\.dj-session-export\VirtualDJ\2024\2024-08-16.txt[39m 
21:27:12.908 .(Exporter.kt:216)               [main]           INFO  - writing to [34mC:\Users\nikky\.dj-session-export\VirtualDJ\2024\2024-08-16.csv[39m 
21:27:12.908 .(Exporter.kt:133)               [main]           INFO  - writing [92m2024-08-16 09-03[39m 
21:27:12.908 .(Exporter.kt:166)               [main]           INFO  - writing to [34mC:\Users\nikky\.dj-session-export\VirtualDJ\2024\2024-08-16 09-03.txt[39m 
21:27:12.909 .(Exporter.kt:216)               [main]           INFO  - writing to [34mC:\Users\nikky\.dj-session-export\VirtualDJ\2024\2024-08-16 09-03.csv[39m 
21:27:12.909 .(Exporter.kt:133)               [main]           INFO  - writing [92m2024-08-17 04-16[39m 
21:27:12.910 .(Exporter.kt:166)               [main]           INFO  - writing to [34mC:\Users\nikky\.dj-session-export\VirtualDJ\2024\2024-08-17 04-16.txt[39m 
21:27:12.911 .(Exporter.kt:216)               [main]           INFO  - writing to [34mC:\Users\nikky\.dj-session-export\VirtualDJ\2024\2024-08-17 04-16.csv[39m 
21:27:12.911 .(Exporter.kt:133)               [main]           INFO  - writing [92m2024-08-17[39m 
21:27:12.912 .(Exporter.kt:166)               [main]           INFO  - writing to [34mC:\Users\nikky\.dj-session-export\VirtualDJ\2024\2024-08-17.txt[39m 
21:27:12.914 .(Exporter.kt:216)               [main]           INFO  - writing to [34mC:\Users\nikky\.dj-session-export\VirtualDJ\2024\2024-08-17.csv[39m 
21:27:12.915 .(Exporter.kt:133)               [main]           INFO  - writing [92m2024-08-26[39m 
21:27:12.916 .(Exporter.kt:166)               [main]           INFO  - writing to [34mC:\Users\nikky\.dj-session-export\VirtualDJ\2024\2024-08-26.txt[39m 
21:27:12.917 .(Exporter.kt:216)               [main]           INFO  - writing to [34mC:\Users\nikky\.dj-session-export\VirtualDJ\2024\2024-08-26.csv[39m 
21:27:12.917 .(Exporter.kt:133)               [main]           INFO  - writing [92m2024-08-31[39m 
21:27:12.918 .(Exporter.kt:166)               [main]           INFO  - writing to [34mC:\Users\nikky\.dj-session-export\VirtualDJ\2024\2024-08-31.txt[39m 
21:27:12.918 .(Exporter.kt:216)               [main]           INFO  - writing to [34mC:\Users\nikky\.dj-session-export\VirtualDJ\2024\2024-08-31.csv[39m 
21:27:12.920 .(Exporter.kt:133)               [main]           INFO  - writing [92m2024-09-02[39m 
21:27:12.920 .(Exporter.kt:166)               [main]           INFO  - writing to [34mC:\Users\nikky\.dj-session-export\VirtualDJ\2024\2024-09-02.txt[39m 
21:27:12.922 .(Exporter.kt:216)               [main]           INFO  - writing to [34mC:\Users\nikky\.dj-session-export\VirtualDJ\2024\2024-09-02.csv[39m 
21:27:12.929 .(Exporter.kt:133)               [main]           INFO  - writing [92m2024-09-02 12-40[39m 
21:27:12.929 .(Exporter.kt:166)               [main]           INFO  - writing to [34mC:\Users\nikky\.dj-session-export\VirtualDJ\2024\2024-09-02 12-40.txt[39m 
21:27:12.930 .(Exporter.kt:216)               [main]           INFO  - writing to [34mC:\Users\nikky\.dj-session-export\VirtualDJ\2024\2024-09-02 12-40.csv[39m 
21:27:12.930 .(Exporter.kt:133)               [main]           INFO  - writing [92m2024-09-02 15-01[39m 
21:27:12.932 .(Exporter.kt:166)               [main]           INFO  - writing to [34mC:\Users\nikky\.dj-session-export\VirtualDJ\2024\2024-09-02 15-01.txt[39m 
21:27:12.932 .(Exporter.kt:216)               [main]           INFO  - writing to [34mC:\Users\nikky\.dj-session-export\VirtualDJ\2024\2024-09-02 15-01.csv[39m 
21:27:12.933 .(Exporter.kt:133)               [main]           INFO  - writing [92m2024-09-02 16-02[39m 
21:27:12.933 .(Exporter.kt:166)               [main]           INFO  - writing to [34mC:\Users\nikky\.dj-session-export\VirtualDJ\2024\2024-09-02 16-02.txt[39m 
21:27:12.934 .(Exporter.kt:216)               [main]           INFO  - writing to [34mC:\Users\nikky\.dj-session-export\VirtualDJ\2024\2024-09-02 16-02.csv[39m 
21:27:12.935 .(Exporter.kt:133)               [main]           INFO  - writing [92m2024-09-06[39m 
21:27:12.936 .(Exporter.kt:166)               [main]           INFO  - writing to [34mC:\Users\nikky\.dj-session-export\VirtualDJ\2024\2024-09-06.txt[39m 
21:27:12.937 .(Exporter.kt:216)               [main]           INFO  - writing to [34mC:\Users\nikky\.dj-session-export\VirtualDJ\2024\2024-09-06.csv[39m 
21:27:12.937 .(Exporter.kt:133)               [main]           INFO  - writing [92m2024-09-06[39m 
21:27:12.938 .(Exporter.kt:166)               [main]           INFO  - writing to [34mC:\Users\nikky\.dj-session-export\VirtualDJ\2024\2024-09-06.txt[39m 
21:27:12.939 .(Exporter.kt:216)               [main]           INFO  - writing to [34mC:\Users\nikky\.dj-session-export\VirtualDJ\2024\2024-09-06.csv[39m 
21:27:12.940 .(Exporter.kt:133)               [main]           INFO  - writing [92m2024-09-11[39m 
21:27:12.940 .(Exporter.kt:166)               [main]           INFO  - writing to [34mC:\Users\nikky\.dj-session-export\VirtualDJ\2024\2024-09-11.txt[39m 
21:27:12.941 .(Exporter.kt:216)               [main]           INFO  - writing to [34mC:\Users\nikky\.dj-session-export\VirtualDJ\2024\2024-09-11.csv[39m 
21:27:12.942 .(Exporter.kt:133)               [main]           INFO  - writing [92m2024-09-11 03-15[39m 
21:27:12.942 .(Exporter.kt:166)               [main]           INFO  - writing to [34mC:\Users\nikky\.dj-session-export\VirtualDJ\2024\2024-09-11 03-15.txt[39m 
21:27:12.943 .(Exporter.kt:216)               [main]           INFO  - writing to [34mC:\Users\nikky\.dj-session-export\VirtualDJ\2024\2024-09-11 03-15.csv[39m 
21:27:12.943 .(Exporter.kt:133)               [main]           INFO  - writing [92m2024-09-11 04-30[39m 
21:27:12.943 .(Exporter.kt:166)               [main]           INFO  - writing to [34mC:\Users\nikky\.dj-session-export\VirtualDJ\2024\2024-09-11 04-30.txt[39m 
21:27:12.944 .(Exporter.kt:216)               [main]           INFO  - writing to [34mC:\Users\nikky\.dj-session-export\VirtualDJ\2024\2024-09-11 04-30.csv[39m 
21:27:12.945 .(Exporter.kt:133)               [main]           INFO  - writing [92m2024-09-12[39m 
21:27:12.945 .(Exporter.kt:166)               [main]           INFO  - writing to [34mC:\Users\nikky\.dj-session-export\VirtualDJ\2024\2024-09-12.txt[39m 
21:27:12.946 .(Exporter.kt:216)               [main]           INFO  - writing to [34mC:\Users\nikky\.dj-session-export\VirtualDJ\2024\2024-09-12.csv[39m 
21:27:12.946 .(Exporter.kt:133)               [main]           INFO  - writing [92m2024-09-12 08-10[39m 
21:27:12.946 .(Exporter.kt:166)               [main]           INFO  - writing to [34mC:\Users\nikky\.dj-session-export\VirtualDJ\2024\2024-09-12 08-10.txt[39m 
21:27:12.947 .(Exporter.kt:216)               [main]           INFO  - writing to [34mC:\Users\nikky\.dj-session-export\VirtualDJ\2024\2024-09-12 08-10.csv[39m 
21:27:12.948 .(Exporter.kt:133)               [main]           INFO  - writing [92m2024-09-12 20-51[39m 
21:27:12.948 .(Exporter.kt:166)               [main]           INFO  - writing to [34mC:\Users\nikky\.dj-session-export\VirtualDJ\2024\2024-09-12 20-51.txt[39m 
21:27:12.949 .(Exporter.kt:216)               [main]           INFO  - writing to [34mC:\Users\nikky\.dj-session-export\VirtualDJ\2024\2024-09-12 20-51.csv[39m 
21:27:12.949 .(Exporter.kt:133)               [main]           INFO  - writing [92m2024-09-13[39m 
21:27:12.950 .(Exporter.kt:166)               [main]           INFO  - writing to [34mC:\Users\nikky\.dj-session-export\VirtualDJ\2024\2024-09-13.txt[39m 
21:27:12.950 .(Exporter.kt:216)               [main]           INFO  - writing to [34mC:\Users\nikky\.dj-session-export\VirtualDJ\2024\2024-09-13.csv[39m 
21:27:12.951 .(Exporter.kt:133)               [main]           INFO  - writing [92m2024-09-13 04-18[39m 
21:27:12.952 .(Exporter.kt:166)               [main]           INFO  - writing to [34mC:\Users\nikky\.dj-session-export\VirtualDJ\2024\2024-09-13 04-18.txt[39m 
21:27:12.952 .(Exporter.kt:216)               [main]           INFO  - writing to [34mC:\Users\nikky\.dj-session-export\VirtualDJ\2024\2024-09-13 04-18.csv[39m 
21:27:12.953 .(Exporter.kt:133)               [main]           INFO  - writing [92m2024-09-13 06-34[39m 
21:27:12.953 .(Exporter.kt:166)               [main]           INFO  - writing to [34mC:\Users\nikky\.dj-session-export\VirtualDJ\2024\2024-09-13 06-34.txt[39m 
21:27:12.953 .(Exporter.kt:216)               [main]           INFO  - writing to [34mC:\Users\nikky\.dj-session-export\VirtualDJ\2024\2024-09-13 06-34.csv[39m 
21:27:12.954 .(Exporter.kt:133)               [main]           INFO  - writing [92m2024-09-14[39m 
21:27:12.955 .(Exporter.kt:166)               [main]           INFO  - writing to [34mC:\Users\nikky\.dj-session-export\VirtualDJ\2024\2024-09-14.txt[39m 
21:27:12.955 .(Exporter.kt:216)               [main]           INFO  - writing to [34mC:\Users\nikky\.dj-session-export\VirtualDJ\2024\2024-09-14.csv[39m 
21:27:12.956 .(Exporter.kt:133)               [main]           INFO  - writing [92m2024-09-14 01-41[39m 
21:27:12.956 .(Exporter.kt:166)               [main]           INFO  - writing to [34mC:\Users\nikky\.dj-session-export\VirtualDJ\2024\2024-09-14 01-41.txt[39m 
21:27:12.956 .(Exporter.kt:216)               [main]           INFO  - writing to [34mC:\Users\nikky\.dj-session-export\VirtualDJ\2024\2024-09-14 01-41.csv[39m 
21:27:12.958 .(Exporter.kt:133)               [main]           INFO  - writing [92m2024-09-14 02-09[39m 
21:27:12.958 .(Exporter.kt:166)               [main]           INFO  - writing to [34mC:\Users\nikky\.dj-session-export\VirtualDJ\2024\2024-09-14 02-09.txt[39m 
21:27:12.958 .(Exporter.kt:216)               [main]           INFO  - writing to [34mC:\Users\nikky\.dj-session-export\VirtualDJ\2024\2024-09-14 02-09.csv[39m 
21:27:12.959 .(Exporter.kt:133)               [main]           INFO  - writing [92m2024-09-15[39m 
21:27:12.959 .(Exporter.kt:166)               [main]           INFO  - writing to [34mC:\Users\nikky\.dj-session-export\VirtualDJ\2024\2024-09-15.txt[39m 
21:27:12.961 .(Exporter.kt:216)               [main]           INFO  - writing to [34mC:\Users\nikky\.dj-session-export\VirtualDJ\2024\2024-09-15.csv[39m 
21:27:12.961 .(Exporter.kt:133)               [main]           INFO  - writing [92m2024-09-19[39m 
21:27:12.962 .(Exporter.kt:166)               [main]           INFO  - writing to [34mC:\Users\nikky\.dj-session-export\VirtualDJ\2024\2024-09-19.txt[39m 
21:27:12.962 .(Exporter.kt:216)               [main]           INFO  - writing to [34mC:\Users\nikky\.dj-session-export\VirtualDJ\2024\2024-09-19.csv[39m 
21:27:12.962 .(Exporter.kt:133)               [main]           INFO  - writing [92m2024-09-19 11-36[39m 
21:27:12.963 .(Exporter.kt:166)               [main]           INFO  - writing to [34mC:\Users\nikky\.dj-session-export\VirtualDJ\2024\2024-09-19 11-36.txt[39m 
21:27:12.964 .(Exporter.kt:216)               [main]           INFO  - writing to [34mC:\Users\nikky\.dj-session-export\VirtualDJ\2024\2024-09-19 11-36.csv[39m 
21:27:12.964 .(Exporter.kt:133)               [main]           INFO  - writing [92m2024-09-19 16-49[39m 
21:27:12.964 .(Exporter.kt:166)               [main]           INFO  - writing to [34mC:\Users\nikky\.dj-session-export\VirtualDJ\2024\2024-09-19 16-49.txt[39m 
21:27:12.965 .(Exporter.kt:216)               [main]           INFO  - writing to [34mC:\Users\nikky\.dj-session-export\VirtualDJ\2024\2024-09-19 16-49.csv[39m 
21:27:12.965 .(Exporter.kt:133)               [main]           INFO  - writing [92m2024-09-19 17-17[39m 
21:27:12.966 .(Exporter.kt:166)               [main]           INFO  - writing to [34mC:\Users\nikky\.dj-session-export\VirtualDJ\2024\2024-09-19 17-17.txt[39m 
21:27:12.966 .(Exporter.kt:216)               [main]           INFO  - writing to [34mC:\Users\nikky\.dj-session-export\VirtualDJ\2024\2024-09-19 17-17.csv[39m 
21:27:12.966 .(Exporter.kt:133)               [main]           INFO  - writing [92m2024-09-19 17-34[39m 
21:27:12.966 .(Exporter.kt:166)               [main]           INFO  - writing to [34mC:\Users\nikky\.dj-session-export\VirtualDJ\2024\2024-09-19 17-34.txt[39m 
21:27:12.967 .(Exporter.kt:216)               [main]           INFO  - writing to [34mC:\Users\nikky\.dj-session-export\VirtualDJ\2024\2024-09-19 17-34.csv[39m 
21:27:12.968 .(Exporter.kt:133)               [main]           INFO  - writing [92m2024-09-19 18-34[39m 
21:27:12.968 .(Exporter.kt:166)               [main]           INFO  - writing to [34mC:\Users\nikky\.dj-session-export\VirtualDJ\2024\2024-09-19 18-34.txt[39m 
21:27:12.968 .(Exporter.kt:216)               [main]           INFO  - writing to [34mC:\Users\nikky\.dj-session-export\VirtualDJ\2024\2024-09-19 18-34.csv[39m 
21:27:12.969 .(Exporter.kt:133)               [main]           INFO  - writing [92m2024-09-22[39m 
21:27:12.969 .(Exporter.kt:166)               [main]           INFO  - writing to [34mC:\Users\nikky\.dj-session-export\VirtualDJ\2024\2024-09-22.txt[39m 
21:27:12.970 .(Exporter.kt:216)               [main]           INFO  - writing to [34mC:\Users\nikky\.dj-session-export\VirtualDJ\2024\2024-09-22.csv[39m 
21:27:12.970 .(Exporter.kt:133)               [main]           INFO  - writing [92m2024-09-23[39m 
21:27:12.972 .(Exporter.kt:166)               [main]           INFO  - writing to [34mC:\Users\nikky\.dj-session-export\VirtualDJ\2024\2024-09-23.txt[39m 
21:27:12.972 .(Exporter.kt:216)               [main]           INFO  - writing to [34mC:\Users\nikky\.dj-session-export\VirtualDJ\2024\2024-09-23.csv[39m 
21:27:12.972 .(Exporter.kt:133)               [main]           INFO  - writing [92m2024-10-03[39m 
21:27:12.973 .(Exporter.kt:166)               [main]           INFO  - writing to [34mC:\Users\nikky\.dj-session-export\VirtualDJ\2024\2024-10-03.txt[39m 
21:27:12.974 .(Exporter.kt:216)               [main]           INFO  - writing to [34mC:\Users\nikky\.dj-session-export\VirtualDJ\2024\2024-10-03.csv[39m 
21:27:12.974 .(Exporter.kt:133)               [main]           INFO  - writing [92m2024-10-03 05-42[39m 
21:27:12.975 .(Exporter.kt:166)               [main]           INFO  - writing to [34mC:\Users\nikky\.dj-session-export\VirtualDJ\2024\2024-10-03 05-42.txt[39m 
21:27:12.975 .(Exporter.kt:216)               [main]           INFO  - writing to [34mC:\Users\nikky\.dj-session-export\VirtualDJ\2024\2024-10-03 05-42.csv[39m 
21:27:12.975 .(Exporter.kt:133)               [main]           INFO  - writing [92m2024-10-03 06-01[39m 
21:27:12.976 .(Exporter.kt:166)               [main]           INFO  - writing to [34mC:\Users\nikky\.dj-session-export\VirtualDJ\2024\2024-10-03 06-01.txt[39m 
21:27:12.977 .(Exporter.kt:216)               [main]           INFO  - writing to [34mC:\Users\nikky\.dj-session-export\VirtualDJ\2024\2024-10-03 06-01.csv[39m 
21:27:12.977 .(Exporter.kt:133)               [main]           INFO  - writing [92m2024-10-05[39m 
21:27:12.978 .(Exporter.kt:166)               [main]           INFO  - writing to [34mC:\Users\nikky\.dj-session-export\VirtualDJ\2024\2024-10-05.txt[39m 
21:27:12.978 .(Exporter.kt:216)               [main]           INFO  - writing to [34mC:\Users\nikky\.dj-session-export\VirtualDJ\2024\2024-10-05.csv[39m 
21:27:12.978 .(Exporter.kt:133)               [main]           INFO  - writing [92m2024-10-12[39m 
21:27:12.979 .(Exporter.kt:166)               [main]           INFO  - writing to [34mC:\Users\nikky\.dj-session-export\VirtualDJ\2024\2024-10-12.txt[39m 
21:27:12.979 .(Exporter.kt:216)               [main]           INFO  - writing to [34mC:\Users\nikky\.dj-session-export\VirtualDJ\2024\2024-10-12.csv[39m 
21:27:12.980 .(Exporter.kt:133)               [main]           INFO  - writing [92m2024-10-12 18-13[39m 
21:27:12.981 .(Exporter.kt:166)               [main]           INFO  - writing to [34mC:\Users\nikky\.dj-session-export\VirtualDJ\2024\2024-10-12 18-13.txt[39m 
21:27:12.981 .(Exporter.kt:216)               [main]           INFO  - writing to [34mC:\Users\nikky\.dj-session-export\VirtualDJ\2024\2024-10-12 18-13.csv[39m 
21:27:12.982 .(Exporter.kt:133)               [main]           INFO  - writing [92m2024-10-12 19-30[39m 
21:27:12.982 .(Exporter.kt:166)               [main]           INFO  - writing to [34mC:\Users\nikky\.dj-session-export\VirtualDJ\2024\2024-10-12 19-30.txt[39m 
21:27:12.982 .(Exporter.kt:216)               [main]           INFO  - writing to [34mC:\Users\nikky\.dj-session-export\VirtualDJ\2024\2024-10-12 19-30.csv[39m 
21:27:12.983 .(Exporter.kt:133)               [main]           INFO  - writing [92m2024-10-12 21-02[39m 
21:27:12.984 .(Exporter.kt:166)               [main]           INFO  - writing to [34mC:\Users\nikky\.dj-session-export\VirtualDJ\2024\2024-10-12 21-02.txt[39m 
21:27:12.984 .(Exporter.kt:216)               [main]           INFO  - writing to [34mC:\Users\nikky\.dj-session-export\VirtualDJ\2024\2024-10-12 21-02.csv[39m 
21:27:12.985 .(Exporter.kt:133)               [main]           INFO  - writing [92m2024-10-13 03-03[39m 
21:27:12.985 .(Exporter.kt:166)               [main]           INFO  - writing to [34mC:\Users\nikky\.dj-session-export\VirtualDJ\2024\2024-10-13 03-03.txt[39m 
21:27:12.986 .(Exporter.kt:216)               [main]           INFO  - writing to [34mC:\Users\nikky\.dj-session-export\VirtualDJ\2024\2024-10-13 03-03.csv[39m 
21:27:12.986 .(Exporter.kt:133)               [main]           INFO  - writing [92m2024-10-14[39m 
21:27:12.986 .(Exporter.kt:166)               [main]           INFO  - writing to [34mC:\Users\nikky\.dj-session-export\VirtualDJ\2024\2024-10-14.txt[39m 
21:27:12.986 .(Exporter.kt:216)               [main]           INFO  - writing to [34mC:\Users\nikky\.dj-session-export\VirtualDJ\2024\2024-10-14.csv[39m 
21:27:12.988 .(Exporter.kt:133)               [main]           INFO  - writing [92m2024-10-15[39m 
21:27:12.988 .(Exporter.kt:166)               [main]           INFO  - writing to [34mC:\Users\nikky\.dj-session-export\VirtualDJ\2024\2024-10-15.txt[39m 
21:27:12.988 .(Exporter.kt:216)               [main]           INFO  - writing to [34mC:\Users\nikky\.dj-session-export\VirtualDJ\2024\2024-10-15.csv[39m 
21:27:12.988 .(Exporter.kt:133)               [main]           INFO  - writing [92m2024-10-17[39m 
21:27:12.989 .(Exporter.kt:166)               [main]           INFO  - writing to [34mC:\Users\nikky\.dj-session-export\VirtualDJ\2024\2024-10-17.txt[39m 
21:27:12.990 .(Exporter.kt:216)               [main]           INFO  - writing to [34mC:\Users\nikky\.dj-session-export\VirtualDJ\2024\2024-10-17.csv[39m 
21:27:12.990 .(Exporter.kt:133)               [main]           INFO  - writing [92m2024-10-17 15-15[39m 
21:27:12.991 .(Exporter.kt:166)               [main]           INFO  - writing to [34mC:\Users\nikky\.dj-session-export\VirtualDJ\2024\2024-10-17 15-15.txt[39m 
21:27:12.991 .(Exporter.kt:216)               [main]           INFO  - writing to [34mC:\Users\nikky\.dj-session-export\VirtualDJ\2024\2024-10-17 15-15.csv[39m 
21:27:12.992 .(Exporter.kt:133)               [main]           INFO  - writing [92m2024-10-17 16-29[39m 
21:27:12.992 .(Exporter.kt:166)               [main]           INFO  - writing to [34mC:\Users\nikky\.dj-session-export\VirtualDJ\2024\2024-10-17 16-29.txt[39m 
21:27:12.992 .(Exporter.kt:216)               [main]           INFO  - writing to [34mC:\Users\nikky\.dj-session-export\VirtualDJ\2024\2024-10-17 16-29.csv[39m 
21:27:12.993 .(Exporter.kt:133)               [main]           INFO  - writing [92m2024-10-18[39m 
21:27:12.994 .(Exporter.kt:166)               [main]           INFO  - writing to [34mC:\Users\nikky\.dj-session-export\VirtualDJ\2024\2024-10-18.txt[39m 
21:27:12.994 .(Exporter.kt:216)               [main]           INFO  - writing to [34mC:\Users\nikky\.dj-session-export\VirtualDJ\2024\2024-10-18.csv[39m 
21:27:12.995 .(Exporter.kt:133)               [main]           INFO  - writing [92m2024-10-19[39m 
21:27:12.995 .(Exporter.kt:166)               [main]           INFO  - writing to [34mC:\Users\nikky\.dj-session-export\VirtualDJ\2024\2024-10-19.txt[39m 
21:27:12.996 .(Exporter.kt:216)               [main]           INFO  - writing to [34mC:\Users\nikky\.dj-session-export\VirtualDJ\2024\2024-10-19.csv[39m 
21:27:12.997 .(Exporter.kt:133)               [main]           INFO  - writing [92m2024-10-26[39m 
21:27:12.997 .(Exporter.kt:166)               [main]           INFO  - writing to [34mC:\Users\nikky\.dj-session-export\VirtualDJ\2024\2024-10-26.txt[39m 
21:27:12.998 .(Exporter.kt:216)               [main]           INFO  - writing to [34mC:\Users\nikky\.dj-session-export\VirtualDJ\2024\2024-10-26.csv[39m 
21:27:12.998 .(Exporter.kt:133)               [main]           INFO  - writing [92m2024-10-26 14-12[39m 
21:27:12.999 .(Exporter.kt:166)               [main]           INFO  - writing to [34mC:\Users\nikky\.dj-session-export\VirtualDJ\2024\2024-10-26 14-12.txt[39m 
21:27:12.999 .(Exporter.kt:216)               [main]           INFO  - writing to [34mC:\Users\nikky\.dj-session-export\VirtualDJ\2024\2024-10-26 14-12.csv[39m 
21:27:13.000 .(Exporter.kt:133)               [main]           INFO  - writing [92m2024-10-26 15-41[39m 
21:27:13.000 .(Exporter.kt:166)               [main]           INFO  - writing to [34mC:\Users\nikky\.dj-session-export\VirtualDJ\2024\2024-10-26 15-41.txt[39m 
21:27:13.002 .(Exporter.kt:216)               [main]           INFO  - writing to [34mC:\Users\nikky\.dj-session-export\VirtualDJ\2024\2024-10-26 15-41.csv[39m 
21:27:13.002 .(Exporter.kt:133)               [main]           INFO  - writing [92m2024-10-26 16-19[39m 
21:27:13.003 .(Exporter.kt:166)               [main]           INFO  - writing to [34mC:\Users\nikky\.dj-session-export\VirtualDJ\2024\2024-10-26 16-19.txt[39m 
21:27:13.003 .(Exporter.kt:216)               [main]           INFO  - writing to [34mC:\Users\nikky\.dj-session-export\VirtualDJ\2024\2024-10-26 16-19.csv[39m 
21:27:13.003 .(Exporter.kt:133)               [main]           INFO  - writing [92m2024-10-26 16-47[39m 
21:27:13.003 .(Exporter.kt:166)               [main]           INFO  - writing to [34mC:\Users\nikky\.dj-session-export\VirtualDJ\2024\2024-10-26 16-47.txt[39m 
21:27:13.005 .(Exporter.kt:216)               [main]           INFO  - writing to [34mC:\Users\nikky\.dj-session-export\VirtualDJ\2024\2024-10-26 16-47.csv[39m 
21:27:13.005 .(Exporter.kt:133)               [main]           INFO  - writing [92m2024-10-26 17-05[39m 
21:27:13.006 .(Exporter.kt:166)               [main]           INFO  - writing to [34mC:\Users\nikky\.dj-session-export\VirtualDJ\2024\2024-10-26 17-05.txt[39m 
21:27:13.006 .(Exporter.kt:216)               [main]           INFO  - writing to [34mC:\Users\nikky\.dj-session-export\VirtualDJ\2024\2024-10-26 17-05.csv[39m 
21:27:13.006 .(Exporter.kt:133)               [main]           INFO  - writing [92m2024-10-31[39m 
21:27:13.006 .(Exporter.kt:166)               [main]           INFO  - writing to [34mC:\Users\nikky\.dj-session-export\VirtualDJ\2024\2024-10-31.txt[39m 
21:27:13.008 .(Exporter.kt:216)               [main]           INFO  - writing to [34mC:\Users\nikky\.dj-session-export\VirtualDJ\2024\2024-10-31.csv[39m 
21:27:13.008 .(Exporter.kt:133)               [main]           INFO  - writing [92m2024-11-01[39m 
21:27:13.008 .(Exporter.kt:166)               [main]           INFO  - writing to [34mC:\Users\nikky\.dj-session-export\VirtualDJ\2024\2024-11-01.txt[39m 
21:27:13.009 .(Exporter.kt:216)               [main]           INFO  - writing to [34mC:\Users\nikky\.dj-session-export\VirtualDJ\2024\2024-11-01.csv[39m 
21:27:13.009 .(Exporter.kt:133)               [main]           INFO  - writing [92m2024-11-02[39m 
21:27:13.010 .(Exporter.kt:166)               [main]           INFO  - writing to [34mC:\Users\nikky\.dj-session-export\VirtualDJ\2024\2024-11-02.txt[39m 
21:27:13.011 .(Exporter.kt:216)               [main]           INFO  - writing to [34mC:\Users\nikky\.dj-session-export\VirtualDJ\2024\2024-11-02.csv[39m 
21:27:13.011 .(Exporter.kt:133)               [main]           INFO  - writing [92m2024-11-11[39m 
21:27:13.012 .(Exporter.kt:166)               [main]           INFO  - writing to [34mC:\Users\nikky\.dj-session-export\VirtualDJ\2024\2024-11-11.txt[39m 
21:27:13.012 .(Exporter.kt:216)               [main]           INFO  - writing to [34mC:\Users\nikky\.dj-session-export\VirtualDJ\2024\2024-11-11.csv[39m 
21:27:13.012 .(Exporter.kt:133)               [main]           INFO  - writing [92m2024-11-11 14-01[39m 
21:27:13.013 .(Exporter.kt:166)               [main]           INFO  - writing to [34mC:\Users\nikky\.dj-session-export\VirtualDJ\2024\2024-11-11 14-01.txt[39m 
21:27:13.014 .(Exporter.kt:216)               [main]           INFO  - writing to [34mC:\Users\nikky\.dj-session-export\VirtualDJ\2024\2024-11-11 14-01.csv[39m 
21:27:13.014 .(Exporter.kt:133)               [main]           INFO  - writing [92m2024-11-11 19-32[39m 
21:27:13.015 .(Exporter.kt:166)               [main]           INFO  - writing to [34mC:\Users\nikky\.dj-session-export\VirtualDJ\2024\2024-11-11 19-32.txt[39m 
21:27:13.015 .(Exporter.kt:216)               [main]           INFO  - writing to [34mC:\Users\nikky\.dj-session-export\VirtualDJ\2024\2024-11-11 19-32.csv[39m 
21:27:13.015 .(Exporter.kt:133)               [main]           INFO  - writing [92m2024-11-12[39m 
21:27:13.016 .(Exporter.kt:166)               [main]           INFO  - writing to [34mC:\Users\nikky\.dj-session-export\VirtualDJ\2024\2024-11-12.txt[39m 
21:27:13.016 .(Exporter.kt:216)               [main]           INFO  - writing to [34mC:\Users\nikky\.dj-session-export\VirtualDJ\2024\2024-11-12.csv[39m 
21:27:13.016 .(Exporter.kt:133)               [main]           INFO  - writing [92m2024-11-13[39m 
21:27:13.017 .(Exporter.kt:166)               [main]           INFO  - writing to [34mC:\Users\nikky\.dj-session-export\VirtualDJ\2024\2024-11-13.txt[39m 
21:27:13.018 .(Exporter.kt:216)               [main]           INFO  - writing to [34mC:\Users\nikky\.dj-session-export\VirtualDJ\2024\2024-11-13.csv[39m 
21:27:13.018 .(Exporter.kt:133)               [main]           INFO  - writing [92m2024-11-14[39m 
21:27:13.018 .(Exporter.kt:166)               [main]           INFO  - writing to [34mC:\Users\nikky\.dj-session-export\VirtualDJ\2024\2024-11-14.txt[39m 
21:27:13.019 .(Exporter.kt:216)               [main]           INFO  - writing to [34mC:\Users\nikky\.dj-session-export\VirtualDJ\2024\2024-11-14.csv[39m 
21:27:13.019 .(Exporter.kt:133)               [main]           INFO  - writing [92m2024-11-14 08-19[39m 
21:27:13.020 .(Exporter.kt:166)               [main]           INFO  - writing to [34mC:\Users\nikky\.dj-session-export\VirtualDJ\2024\2024-11-14 08-19.txt[39m 
21:27:13.021 .(Exporter.kt:216)               [main]           INFO  - writing to [34mC:\Users\nikky\.dj-session-export\VirtualDJ\2024\2024-11-14 08-19.csv[39m 
21:27:13.021 .(Exporter.kt:133)               [main]           INFO  - writing [92m2024-11-14 20-38[39m 
21:27:13.022 .(Exporter.kt:166)               [main]           INFO  - writing to [34mC:\Users\nikky\.dj-session-export\VirtualDJ\2024\2024-11-14 20-38.txt[39m 
21:27:13.022 .(Exporter.kt:216)               [main]           INFO  - writing to [34mC:\Users\nikky\.dj-session-export\VirtualDJ\2024\2024-11-14 20-38.csv[39m 
21:27:13.022 .(Exporter.kt:133)               [main]           INFO  - writing [92m2024-11-14 21-10[39m 
21:27:13.022 .(Exporter.kt:166)               [main]           INFO  - writing to [34mC:\Users\nikky\.dj-session-export\VirtualDJ\2024\2024-11-14 21-10.txt[39m 
21:27:13.023 .(Exporter.kt:216)               [main]           INFO  - writing to [34mC:\Users\nikky\.dj-session-export\VirtualDJ\2024\2024-11-14 21-10.csv[39m 
21:27:13.023 .(Exporter.kt:133)               [main]           INFO  - writing [92m2024-11-15[39m 
21:27:13.024 .(Exporter.kt:166)               [main]           INFO  - writing to [34mC:\Users\nikky\.dj-session-export\VirtualDJ\2024\2024-11-15.txt[39m 
21:27:13.025 .(Exporter.kt:216)               [main]           INFO  - writing to [34mC:\Users\nikky\.dj-session-export\VirtualDJ\2024\2024-11-15.csv[39m 
21:27:13.025 .(Exporter.kt:133)               [main]           INFO  - writing [92m2024-11-16[39m 
21:27:13.026 .(Exporter.kt:166)               [main]           INFO  - writing to [34mC:\Users\nikky\.dj-session-export\VirtualDJ\2024\2024-11-16.txt[39m 
21:27:13.026 .(Exporter.kt:216)               [main]           INFO  - writing to [34mC:\Users\nikky\.dj-session-export\VirtualDJ\2024\2024-11-16.csv[39m 
21:27:13.026 .(Exporter.kt:133)               [main]           INFO  - writing [92m2024-11-16 20-05[39m 
21:27:13.027 .(Exporter.kt:166)               [main]           INFO  - writing to [34mC:\Users\nikky\.dj-session-export\VirtualDJ\2024\2024-11-16 20-05.txt[39m 
21:27:13.028 .(Exporter.kt:216)               [main]           INFO  - writing to [34mC:\Users\nikky\.dj-session-export\VirtualDJ\2024\2024-11-16 20-05.csv[39m 
21:27:13.028 .(Exporter.kt:133)               [main]           INFO  - writing [92m2024-11-17 06-02[39m 
21:27:13.028 .(Exporter.kt:166)               [main]           INFO  - writing to [34mC:\Users\nikky\.dj-session-export\VirtualDJ\2024\2024-11-17 06-02.txt[39m 
21:27:13.029 .(Exporter.kt:216)               [main]           INFO  - writing to [34mC:\Users\nikky\.dj-session-export\VirtualDJ\2024\2024-11-17 06-02.csv[39m 
21:27:13.029 .(Exporter.kt:133)               [main]           INFO  - writing [92m2024-11-17 06-27[39m 
21:27:13.029 .(Exporter.kt:166)               [main]           INFO  - writing to [34mC:\Users\nikky\.dj-session-export\VirtualDJ\2024\2024-11-17 06-27.txt[39m 
21:27:13.030 .(Exporter.kt:216)               [main]           INFO  - writing to [34mC:\Users\nikky\.dj-session-export\VirtualDJ\2024\2024-11-17 06-27.csv[39m 
21:27:13.030 .(Exporter.kt:133)               [main]           INFO  - writing [92m2024-11-17[39m 
21:27:13.032 .(Exporter.kt:166)               [main]           INFO  - writing to [34mC:\Users\nikky\.dj-session-export\VirtualDJ\2024\2024-11-17.txt[39m 
21:27:13.032 .(Exporter.kt:216)               [main]           INFO  - writing to [34mC:\Users\nikky\.dj-session-export\VirtualDJ\2024\2024-11-17.csv[39m 
21:27:13.032 .(Exporter.kt:133)               [main]           INFO  - writing [92m2024-11-19[39m 
21:27:13.033 .(Exporter.kt:166)               [main]           INFO  - writing to [34mC:\Users\nikky\.dj-session-export\VirtualDJ\2024\2024-11-19.txt[39m 
21:27:13.034 .(Exporter.kt:216)               [main]           INFO  - writing to [34mC:\Users\nikky\.dj-session-export\VirtualDJ\2024\2024-11-19.csv[39m 
21:27:13.034 .(Exporter.kt:133)               [main]           INFO  - writing [92m2024-11-24[39m 
21:27:13.035 .(Exporter.kt:166)               [main]           INFO  - writing to [34mC:\Users\nikky\.dj-session-export\VirtualDJ\2024\2024-11-24.txt[39m 
21:27:13.036 .(Exporter.kt:216)               [main]           INFO  - writing to [34mC:\Users\nikky\.dj-session-export\VirtualDJ\2024\2024-11-24.csv[39m 
21:27:13.036 .(Exporter.kt:133)               [main]           INFO  - writing [92m2024-11-24 08-22[39m 
21:27:13.037 .(Exporter.kt:166)               [main]           INFO  - writing to [34mC:\Users\nikky\.dj-session-export\VirtualDJ\2024\2024-11-24 08-22.txt[39m 
21:27:13.038 .(Exporter.kt:216)               [main]           INFO  - writing to [34mC:\Users\nikky\.dj-session-export\VirtualDJ\2024\2024-11-24 08-22.csv[39m 
21:27:13.038 .(Exporter.kt:133)               [main]           INFO  - writing [92m2024-11-25 04-52[39m 
21:27:13.038 .(Exporter.kt:166)               [main]           INFO  - writing to [34mC:\Users\nikky\.dj-session-export\VirtualDJ\2024\2024-11-25 04-52.txt[39m 
21:27:13.040 .(Exporter.kt:216)               [main]           INFO  - writing to [34mC:\Users\nikky\.dj-session-export\VirtualDJ\2024\2024-11-25 04-52.csv[39m 
21:27:13.040 .(Exporter.kt:133)               [main]           INFO  - writing [92m2024-11-27[39m 
21:27:13.041 .(Exporter.kt:166)               [main]           INFO  - writing to [34mC:\Users\nikky\.dj-session-export\VirtualDJ\2024\2024-11-27.txt[39m 
21:27:13.041 .(Exporter.kt:216)               [main]           INFO  - writing to [34mC:\Users\nikky\.dj-session-export\VirtualDJ\2024\2024-11-27.csv[39m 
21:27:13.042 .(Exporter.kt:133)               [main]           INFO  - writing [92m2024-11-28[39m 
21:27:13.042 .(Exporter.kt:166)               [main]           INFO  - writing to [34mC:\Users\nikky\.dj-session-export\VirtualDJ\2024\2024-11-28.txt[39m 
21:27:13.043 .(Exporter.kt:216)               [main]           INFO  - writing to [34mC:\Users\nikky\.dj-session-export\VirtualDJ\2024\2024-11-28.csv[39m 
21:27:13.043 .(Exporter.kt:133)               [main]           INFO  - writing [92m2024-11-29[39m 
21:27:13.044 .(Exporter.kt:166)               [main]           INFO  - writing to [34mC:\Users\nikky\.dj-session-export\VirtualDJ\2024\2024-11-29.txt[39m 
21:27:13.044 .(Exporter.kt:216)               [main]           INFO  - writing to [34mC:\Users\nikky\.dj-session-export\VirtualDJ\2024\2024-11-29.csv[39m 
21:27:13.044 .(Exporter.kt:133)               [main]           INFO  - writing [92m2024-12-02[39m 
21:27:13.046 .(Exporter.kt:166)               [main]           INFO  - writing to [34mC:\Users\nikky\.dj-session-export\VirtualDJ\2024\2024-12-02.txt[39m 
21:27:13.046 .(Exporter.kt:216)               [main]           INFO  - writing to [34mC:\Users\nikky\.dj-session-export\VirtualDJ\2024\2024-12-02.csv[39m 
21:27:13.046 .(Exporter.kt:133)               [main]           INFO  - writing [92m2024-12-03[39m 
21:27:13.047 .(Exporter.kt:166)               [main]           INFO  - writing to [34mC:\Users\nikky\.dj-session-export\VirtualDJ\2024\2024-12-03.txt[39m 
21:27:13.048 .(Exporter.kt:216)               [main]           INFO  - writing to [34mC:\Users\nikky\.dj-session-export\VirtualDJ\2024\2024-12-03.csv[39m 
21:27:13.049 .(Exporter.kt:133)               [main]           INFO  - writing [92m2024-12-03 16-25[39m 
21:27:13.049 .(Exporter.kt:166)               [main]           INFO  - writing to [34mC:\Users\nikky\.dj-session-export\VirtualDJ\2024\2024-12-03 16-25.txt[39m 
21:27:13.049 .(Exporter.kt:216)               [main]           INFO  - writing to [34mC:\Users\nikky\.dj-session-export\VirtualDJ\2024\2024-12-03 16-25.csv[39m 
21:27:13.050 .(Exporter.kt:133)               [main]           INFO  - writing [92m2024-12-03 17-04[39m 
21:27:13.050 .(Exporter.kt:166)               [main]           INFO  - writing to [34mC:\Users\nikky\.dj-session-export\VirtualDJ\2024\2024-12-03 17-04.txt[39m 
21:27:13.051 .(Exporter.kt:216)               [main]           INFO  - writing to [34mC:\Users\nikky\.dj-session-export\VirtualDJ\2024\2024-12-03 17-04.csv[39m 
21:27:13.052 .(Exporter.kt:133)               [main]           INFO  - writing [92m2024-12-04 04-14[39m 
21:27:13.052 .(Exporter.kt:166)               [main]           INFO  - writing to [34mC:\Users\nikky\.dj-session-export\VirtualDJ\2024\2024-12-04 04-14.txt[39m 
21:27:13.053 .(Exporter.kt:216)               [main]           INFO  - writing to [34mC:\Users\nikky\.dj-session-export\VirtualDJ\2024\2024-12-04 04-14.csv[39m 
21:27:13.053 .(Exporter.kt:133)               [main]           INFO  - writing [92m2024-12-04 05-10[39m 
21:27:13.053 .(Exporter.kt:166)               [main]           INFO  - writing to [34mC:\Users\nikky\.dj-session-export\VirtualDJ\2024\2024-12-04 05-10.txt[39m 
21:27:13.055 .(Exporter.kt:216)               [main]           INFO  - writing to [34mC:\Users\nikky\.dj-session-export\VirtualDJ\2024\2024-12-04 05-10.csv[39m 
21:27:13.055 .(Exporter.kt:133)               [main]           INFO  - writing [92m2024-12-04[39m 
21:27:13.056 .(Exporter.kt:166)               [main]           INFO  - writing to [34mC:\Users\nikky\.dj-session-export\VirtualDJ\2024\2024-12-04.txt[39m 
21:27:13.056 .(Exporter.kt:216)               [main]           INFO  - writing to [34mC:\Users\nikky\.dj-session-export\VirtualDJ\2024\2024-12-04.csv[39m 
21:27:13.056 .(Exporter.kt:133)               [main]           INFO  - writing [92m2024-12-04 22-55[39m 
21:27:13.057 .(Exporter.kt:166)               [main]           INFO  - writing to [34mC:\Users\nikky\.dj-session-export\VirtualDJ\2024\2024-12-04 22-55.txt[39m 
21:27:13.058 .(Exporter.kt:216)               [main]           INFO  - writing to [34mC:\Users\nikky\.dj-session-export\VirtualDJ\2024\2024-12-04 22-55.csv[39m 
21:27:13.058 .(Exporter.kt:133)               [main]           INFO  - writing [92m2024-12-04 23-37[39m 
21:27:13.058 .(Exporter.kt:166)               [main]           INFO  - writing to [34mC:\Users\nikky\.dj-session-export\VirtualDJ\2024\2024-12-04 23-37.txt[39m 
21:27:13.059 .(Exporter.kt:216)               [main]           INFO  - writing to [34mC:\Users\nikky\.dj-session-export\VirtualDJ\2024\2024-12-04 23-37.csv[39m 
21:27:13.059 .(Exporter.kt:133)               [main]           INFO  - writing [92m2024-12-05 00-49[39m 
21:27:13.061 .(Exporter.kt:166)               [main]           INFO  - writing to [34mC:\Users\nikky\.dj-session-export\VirtualDJ\2024\2024-12-05 00-49.txt[39m 
21:27:13.061 .(Exporter.kt:216)               [main]           INFO  - writing to [34mC:\Users\nikky\.dj-session-export\VirtualDJ\2024\2024-12-05 00-49.csv[39m 
21:27:13.062 .(Exporter.kt:133)               [main]           INFO  - writing [92m2024-12-05 02-04[39m 
21:27:13.062 .(Exporter.kt:166)               [main]           INFO  - writing to [34mC:\Users\nikky\.dj-session-export\VirtualDJ\2024\2024-12-05 02-04.txt[39m 
21:27:13.063 .(Exporter.kt:216)               [main]           INFO  - writing to [34mC:\Users\nikky\.dj-session-export\VirtualDJ\2024\2024-12-05 02-04.csv[39m 
21:27:13.064 .(Exporter.kt:133)               [main]           INFO  - writing [92m2024-12-05 02-59[39m 
21:27:13.064 .(Exporter.kt:166)               [main]           INFO  - writing to [34mC:\Users\nikky\.dj-session-export\VirtualDJ\2024\2024-12-05 02-59.txt[39m 
21:27:13.065 .(Exporter.kt:216)               [main]           INFO  - writing to [34mC:\Users\nikky\.dj-session-export\VirtualDJ\2024\2024-12-05 02-59.csv[39m 
21:27:13.065 .(Exporter.kt:133)               [main]           INFO  - writing [92m2024-12-05[39m 
21:27:13.065 .(Exporter.kt:166)               [main]           INFO  - writing to [34mC:\Users\nikky\.dj-session-export\VirtualDJ\2024\2024-12-05.txt[39m 
21:27:13.067 .(Exporter.kt:216)               [main]           INFO  - writing to [34mC:\Users\nikky\.dj-session-export\VirtualDJ\2024\2024-12-05.csv[39m 
21:27:13.067 .(Exporter.kt:133)               [main]           INFO  - writing [92m2024-12-05 20-36[39m 
21:27:13.068 .(Exporter.kt:166)               [main]           INFO  - writing to [34mC:\Users\nikky\.dj-session-export\VirtualDJ\2024\2024-12-05 20-36.txt[39m 
21:27:13.068 .(Exporter.kt:216)               [main]           INFO  - writing to [34mC:\Users\nikky\.dj-session-export\VirtualDJ\2024\2024-12-05 20-36.csv[39m 
21:27:13.069 .(Exporter.kt:133)               [main]           INFO  - writing [92m2024-12-05 22-16[39m 
21:27:13.069 .(Exporter.kt:166)               [main]           INFO  - writing to [34mC:\Users\nikky\.dj-session-export\VirtualDJ\2024\2024-12-05 22-16.txt[39m 
21:27:13.071 .(Exporter.kt:216)               [main]           INFO  - writing to [34mC:\Users\nikky\.dj-session-export\VirtualDJ\2024\2024-12-05 22-16.csv[39m 
21:27:13.071 .(Exporter.kt:133)               [main]           INFO  - writing [92m2024-12-06 00-42[39m 
21:27:13.072 .(Exporter.kt:166)               [main]           INFO  - writing to [34mC:\Users\nikky\.dj-session-export\VirtualDJ\2024\2024-12-06 00-42.txt[39m 
21:27:13.072 .(Exporter.kt:216)               [main]           INFO  - writing to [34mC:\Users\nikky\.dj-session-export\VirtualDJ\2024\2024-12-06 00-42.csv[39m 
21:27:13.072 .(Exporter.kt:133)               [main]           INFO  - writing [92m2024-12-06 01-03[39m 
21:27:13.072 .(Exporter.kt:166)               [main]           INFO  - writing to [34mC:\Users\nikky\.dj-session-export\VirtualDJ\2024\2024-12-06 01-03.txt[39m 
21:27:13.073 .(Exporter.kt:216)               [main]           INFO  - writing to [34mC:\Users\nikky\.dj-session-export\VirtualDJ\2024\2024-12-06 01-03.csv[39m 
21:27:13.074 .(Exporter.kt:133)               [main]           INFO  - writing [92m2024-12-06 02-04[39m 
21:27:13.074 .(Exporter.kt:166)               [main]           INFO  - writing to [34mC:\Users\nikky\.dj-session-export\VirtualDJ\2024\2024-12-06 02-04.txt[39m 
21:27:13.075 .(Exporter.kt:216)               [main]           INFO  - writing to [34mC:\Users\nikky\.dj-session-export\VirtualDJ\2024\2024-12-06 02-04.csv[39m 
21:27:13.075 .(Exporter.kt:133)               [main]           INFO  - writing [92m2024-12-06[39m 
21:27:13.075 .(Exporter.kt:166)               [main]           INFO  - writing to [34mC:\Users\nikky\.dj-session-export\VirtualDJ\2024\2024-12-06.txt[39m 
21:27:13.076 .(Exporter.kt:216)               [main]           INFO  - writing to [34mC:\Users\nikky\.dj-session-export\VirtualDJ\2024\2024-12-06.csv[39m 
21:27:13.076 .(Exporter.kt:133)               [main]           INFO  - writing [92m2024-12-07[39m 
21:27:13.076 .(Exporter.kt:166)               [main]           INFO  - writing to [34mC:\Users\nikky\.dj-session-export\VirtualDJ\2024\2024-12-07.txt[39m 
21:27:13.078 .(Exporter.kt:216)               [main]           INFO  - writing to [34mC:\Users\nikky\.dj-session-export\VirtualDJ\2024\2024-12-07.csv[39m 
21:27:13.078 .(Exporter.kt:133)               [main]           INFO  - writing [92m2024-12-07 15-59[39m 
21:27:13.079 .(Exporter.kt:166)               [main]           INFO  - writing to [34mC:\Users\nikky\.dj-session-export\VirtualDJ\2024\2024-12-07 15-59.txt[39m 
21:27:13.080 .(Exporter.kt:216)               [main]           INFO  - writing to [34mC:\Users\nikky\.dj-session-export\VirtualDJ\2024\2024-12-07 15-59.csv[39m 
21:27:13.080 .(Exporter.kt:133)               [main]           INFO  - writing [92m2024-12-07 16-55[39m 
21:27:13.082 .(Exporter.kt:166)               [main]           INFO  - writing to [34mC:\Users\nikky\.dj-session-export\VirtualDJ\2024\2024-12-07 16-55.txt[39m 
21:27:13.082 .(Exporter.kt:216)               [main]           INFO  - writing to [34mC:\Users\nikky\.dj-session-export\VirtualDJ\2024\2024-12-07 16-55.csv[39m 
21:27:13.082 .(Exporter.kt:133)               [main]           INFO  - writing [92m2024-12-07 18-04[39m 
21:27:13.083 .(Exporter.kt:166)               [main]           INFO  - writing to [34mC:\Users\nikky\.dj-session-export\VirtualDJ\2024\2024-12-07 18-04.txt[39m 
21:27:13.084 .(Exporter.kt:216)               [main]           INFO  - writing to [34mC:\Users\nikky\.dj-session-export\VirtualDJ\2024\2024-12-07 18-04.csv[39m 
21:27:13.084 .(Exporter.kt:133)               [main]           INFO  - writing [92m2024-12-08 03-33[39m 
21:27:13.085 .(Exporter.kt:166)               [main]           INFO  - writing to [34mC:\Users\nikky\.dj-session-export\VirtualDJ\2024\2024-12-08 03-33.txt[39m 
21:27:13.085 .(Exporter.kt:216)               [main]           INFO  - writing to [34mC:\Users\nikky\.dj-session-export\VirtualDJ\2024\2024-12-08 03-33.csv[39m 
21:27:13.085 .(Exporter.kt:133)               [main]           INFO  - writing [92m2024-12-09[39m 
21:27:13.086 .(Exporter.kt:166)               [main]           INFO  - writing to [34mC:\Users\nikky\.dj-session-export\VirtualDJ\2024\2024-12-09.txt[39m 
21:27:13.087 .(Exporter.kt:216)               [main]           INFO  - writing to [34mC:\Users\nikky\.dj-session-export\VirtualDJ\2024\2024-12-09.csv[39m 
21:27:13.088 .(Exporter.kt:133)               [main]           INFO  - writing [92m2024-12-12[39m 
21:27:13.088 .(Exporter.kt:166)               [main]           INFO  - writing to [34mC:\Users\nikky\.dj-session-export\VirtualDJ\2024\2024-12-12.txt[39m 
21:27:13.088 .(Exporter.kt:216)               [main]           INFO  - writing to [34mC:\Users\nikky\.dj-session-export\VirtualDJ\2024\2024-12-12.csv[39m 
21:27:13.088 .(Exporter.kt:133)               [main]           INFO  - writing [92m2024-12-12 04-56[39m 
21:27:13.089 .(Exporter.kt:166)               [main]           INFO  - writing to [34mC:\Users\nikky\.dj-session-export\VirtualDJ\2024\2024-12-12 04-56.txt[39m 
21:27:13.089 .(Exporter.kt:216)               [main]           INFO  - writing to [34mC:\Users\nikky\.dj-session-export\VirtualDJ\2024\2024-12-12 04-56.csv[39m 
21:27:13.090 .(Exporter.kt:133)               [main]           INFO  - writing [92m2024-12-12 05-15[39m 
21:27:13.090 .(Exporter.kt:166)               [main]           INFO  - writing to [34mC:\Users\nikky\.dj-session-export\VirtualDJ\2024\2024-12-12 05-15.txt[39m 
21:27:13.091 .(Exporter.kt:216)               [main]           INFO  - writing to [34mC:\Users\nikky\.dj-session-export\VirtualDJ\2024\2024-12-12 05-15.csv[39m 
21:27:13.092 .(Exporter.kt:133)               [main]           INFO  - writing [92m2024-12-14[39m 
21:27:13.092 .(Exporter.kt:166)               [main]           INFO  - writing to [34mC:\Users\nikky\.dj-session-export\VirtualDJ\2024\2024-12-14.txt[39m 
21:27:13.093 .(Exporter.kt:216)               [main]           INFO  - writing to [34mC:\Users\nikky\.dj-session-export\VirtualDJ\2024\2024-12-14.csv[39m 
21:27:13.093 .(Exporter.kt:133)               [main]           INFO  - writing [92m2024-12-14 15-12[39m 
21:27:13.093 .(Exporter.kt:166)               [main]           INFO  - writing to [34mC:\Users\nikky\.dj-session-export\VirtualDJ\2024\2024-12-14 15-12.txt[39m 
21:27:13.093 .(Exporter.kt:216)               [main]           INFO  - writing to [34mC:\Users\nikky\.dj-session-export\VirtualDJ\2024\2024-12-14 15-12.csv[39m 
21:27:13.094 .(Exporter.kt:133)               [main]           INFO  - writing [92m2024-12-14 15-45[39m 
21:27:13.095 .(Exporter.kt:166)               [main]           INFO  - writing to [34mC:\Users\nikky\.dj-session-export\VirtualDJ\2024\2024-12-14 15-45.txt[39m 
21:27:13.095 .(Exporter.kt:216)               [main]           INFO  - writing to [34mC:\Users\nikky\.dj-session-export\VirtualDJ\2024\2024-12-14 15-45.csv[39m 
21:27:13.096 .(Exporter.kt:133)               [main]           INFO  - writing [92m2024-12-18[39m 
21:27:13.096 .(Exporter.kt:166)               [main]           INFO  - writing to [34mC:\Users\nikky\.dj-session-export\VirtualDJ\2024\2024-12-18.txt[39m 
21:27:13.096 .(Exporter.kt:216)               [main]           INFO  - writing to [34mC:\Users\nikky\.dj-session-export\VirtualDJ\2024\2024-12-18.csv[39m 
21:27:13.096 .(Exporter.kt:133)               [main]           INFO  - writing [92m2024-12-19[39m 
21:27:13.098 .(Exporter.kt:166)               [main]           INFO  - writing to [34mC:\Users\nikky\.dj-session-export\VirtualDJ\2024\2024-12-19.txt[39m 
21:27:13.098 .(Exporter.kt:216)               [main]           INFO  - writing to [34mC:\Users\nikky\.dj-session-export\VirtualDJ\2024\2024-12-19.csv[39m 
21:27:13.098 .(Exporter.kt:133)               [main]           INFO  - writing [92m2024-12-28[39m 
21:27:13.099 .(Exporter.kt:166)               [main]           INFO  - writing to [34mC:\Users\nikky\.dj-session-export\VirtualDJ\2024\2024-12-28.txt[39m 
21:27:13.099 .(Exporter.kt:216)               [main]           INFO  - writing to [34mC:\Users\nikky\.dj-session-export\VirtualDJ\2024\2024-12-28.csv[39m 
21:27:13.100 .(Exporter.kt:133)               [main]           INFO  - writing [92m2024-12-31[39m 
21:27:13.101 .(Exporter.kt:166)               [main]           INFO  - writing to [34mC:\Users\nikky\.dj-session-export\VirtualDJ\2024\2024-12-31.txt[39m 
21:27:13.102 .(Exporter.kt:216)               [main]           INFO  - writing to [34mC:\Users\nikky\.dj-session-export\VirtualDJ\2024\2024-12-31.csv[39m 
21:27:13.102 .(Exporter.kt:133)               [main]           INFO  - writing [92m2025-01-01[39m 
21:27:13.103 .(Exporter.kt:166)               [main]           INFO  - writing to [34mC:\Users\nikky\.dj-session-export\VirtualDJ\2025\2025-01-01.txt[39m 
21:27:13.104 .(Exporter.kt:216)               [main]           INFO  - writing to [34mC:\Users\nikky\.dj-session-export\VirtualDJ\2025\2025-01-01.csv[39m 
21:27:13.104 .(Exporter.kt:133)               [main]           INFO  - writing [92m2025-01-10[39m 
21:27:13.105 .(Exporter.kt:166)               [main]           INFO  - writing to [34mC:\Users\nikky\.dj-session-export\VirtualDJ\2025\2025-01-10.txt[39m 
21:27:13.105 .(Exporter.kt:216)               [main]           INFO  - writing to [34mC:\Users\nikky\.dj-session-export\VirtualDJ\2025\2025-01-10.csv[39m 
21:27:13.106 .(Exporter.kt:133)               [main]           INFO  - writing [92m2025-01-10 17-30[39m 
21:27:13.107 .(Exporter.kt:166)               [main]           INFO  - writing to [34mC:\Users\nikky\.dj-session-export\VirtualDJ\2025\2025-01-10 17-30.txt[39m 
21:27:13.108 .(Exporter.kt:216)               [main]           INFO  - writing to [34mC:\Users\nikky\.dj-session-export\VirtualDJ\2025\2025-01-10 17-30.csv[39m 
21:27:13.108 .(Exporter.kt:133)               [main]           INFO  - writing [92m2025-01-11 03-55[39m 
21:27:13.109 .(Exporter.kt:166)               [main]           INFO  - writing to [34mC:\Users\nikky\.dj-session-export\VirtualDJ\2025\2025-01-11 03-55.txt[39m 
21:27:13.109 .(Exporter.kt:216)               [main]           INFO  - writing to [34mC:\Users\nikky\.dj-session-export\VirtualDJ\2025\2025-01-11 03-55.csv[39m 
21:27:13.109 .(Exporter.kt:133)               [main]           INFO  - writing [92m2025-01-11 04-42[39m 
21:27:13.110 .(Exporter.kt:166)               [main]           INFO  - writing to [34mC:\Users\nikky\.dj-session-export\VirtualDJ\2025\2025-01-11 04-42.txt[39m 
21:27:13.111 .(Exporter.kt:216)               [main]           INFO  - writing to [34mC:\Users\nikky\.dj-session-export\VirtualDJ\2025\2025-01-11 04-42.csv[39m 
21:27:13.112 .(Exporter.kt:133)               [main]           INFO  - writing [92m2025-01-11 05-42[39m 
21:27:13.112 .(Exporter.kt:166)               [main]           INFO  - writing to [34mC:\Users\nikky\.dj-session-export\VirtualDJ\2025\2025-01-11 05-42.txt[39m 
21:27:13.113 .(Exporter.kt:216)               [main]           INFO  - writing to [34mC:\Users\nikky\.dj-session-export\VirtualDJ\2025\2025-01-11 05-42.csv[39m 
21:27:13.113 .(Exporter.kt:133)               [main]           INFO  - writing [92m2025-01-11[39m 
21:27:13.114 .(Exporter.kt:166)               [main]           INFO  - writing to [34mC:\Users\nikky\.dj-session-export\VirtualDJ\2025\2025-01-11.txt[39m 
21:27:13.115 .(Exporter.kt:216)               [main]           INFO  - writing to [34mC:\Users\nikky\.dj-session-export\VirtualDJ\2025\2025-01-11.csv[39m 
21:27:13.115 .(Exporter.kt:133)               [main]           INFO  - writing [92m2025-01-29[39m 
21:27:13.116 .(Exporter.kt:166)               [main]           INFO  - writing to [34mC:\Users\nikky\.dj-session-export\VirtualDJ\2025\2025-01-29.txt[39m 
21:27:13.116 .(Exporter.kt:216)               [main]           INFO  - writing to [34mC:\Users\nikky\.dj-session-export\VirtualDJ\2025\2025-01-29.csv[39m 
21:27:13.116 .(Exporter.kt:133)               [main]           INFO  - writing [92m2025-01-31[39m 
21:27:13.118 .(Exporter.kt:166)               [main]           INFO  - writing to [34mC:\Users\nikky\.dj-session-export\VirtualDJ\2025\2025-01-31.txt[39m 
21:27:13.118 .(Exporter.kt:216)               [main]           INFO  - writing to [34mC:\Users\nikky\.dj-session-export\VirtualDJ\2025\2025-01-31.csv[39m 
21:27:13.119 .(Exporter.kt:133)               [main]           INFO  - writing [92m2025-01-31 15-44[39m 
21:27:13.119 .(Exporter.kt:166)               [main]           INFO  - writing to [34mC:\Users\nikky\.dj-session-export\VirtualDJ\2025\2025-01-31 15-44.txt[39m 
21:27:13.120 .(Exporter.kt:216)               [main]           INFO  - writing to [34mC:\Users\nikky\.dj-session-export\VirtualDJ\2025\2025-01-31 15-44.csv[39m 
21:27:13.121 .(Exporter.kt:133)               [main]           INFO  - writing [92m2025-01-31 16-09[39m 
21:27:13.121 .(Exporter.kt:166)               [main]           INFO  - writing to [34mC:\Users\nikky\.dj-session-export\VirtualDJ\2025\2025-01-31 16-09.txt[39m 
21:27:13.122 .(Exporter.kt:216)               [main]           INFO  - writing to [34mC:\Users\nikky\.dj-session-export\VirtualDJ\2025\2025-01-31 16-09.csv[39m 
21:27:13.122 .(Exporter.kt:133)               [main]           INFO  - writing [92m2025-01-31 17-02[39m 
21:27:13.122 .(Exporter.kt:166)               [main]           INFO  - writing to [34mC:\Users\nikky\.dj-session-export\VirtualDJ\2025\2025-01-31 17-02.txt[39m 
21:27:13.123 .(Exporter.kt:216)               [main]           INFO  - writing to [34mC:\Users\nikky\.dj-session-export\VirtualDJ\2025\2025-01-31 17-02.csv[39m 
21:27:13.124 .(Exporter.kt:133)               [main]           INFO  - writing [92m2025-02-05[39m 
21:27:13.124 .(Exporter.kt:166)               [main]           INFO  - writing to [34mC:\Users\nikky\.dj-session-export\VirtualDJ\2025\2025-02-05.txt[39m 
21:27:13.125 .(Exporter.kt:216)               [main]           INFO  - writing to [34mC:\Users\nikky\.dj-session-export\VirtualDJ\2025\2025-02-05.csv[39m 
21:27:13.125 .(Exporter.kt:133)               [main]           INFO  - writing [92m2025-02-12[39m 
21:27:13.125 .(Exporter.kt:166)               [main]           INFO  - writing to [34mC:\Users\nikky\.dj-session-export\VirtualDJ\2025\2025-02-12.txt[39m 
21:27:13.126 .(Exporter.kt:216)               [main]           INFO  - writing to [34mC:\Users\nikky\.dj-session-export\VirtualDJ\2025\2025-02-12.csv[39m 
21:27:13.127 .(Exporter.kt:133)               [main]           INFO  - writing [92m2025-02-14[39m 
21:27:13.127 .(Exporter.kt:166)               [main]           INFO  - writing to [34mC:\Users\nikky\.dj-session-export\VirtualDJ\2025\2025-02-14.txt[39m 
21:27:13.128 .(Exporter.kt:216)               [main]           INFO  - writing to [34mC:\Users\nikky\.dj-session-export\VirtualDJ\2025\2025-02-14.csv[39m 
21:27:13.128 .(Exporter.kt:133)               [main]           INFO  - writing [92m2025-02-22[39m 
21:27:13.128 .(Exporter.kt:166)               [main]           INFO  - writing to [34mC:\Users\nikky\.dj-session-export\VirtualDJ\2025\2025-02-22.txt[39m 
21:27:13.129 .(Exporter.kt:216)               [main]           INFO  - writing to [34mC:\Users\nikky\.dj-session-export\VirtualDJ\2025\2025-02-22.csv[39m 
21:27:13.129 .(Exporter.kt:133)               [main]           INFO  - writing [92m2025-02-23[39m 
21:27:13.130 .(Exporter.kt:166)               [main]           INFO  - writing to [34mC:\Users\nikky\.dj-session-export\VirtualDJ\2025\2025-02-23.txt[39m 
21:27:13.130 .(Exporter.kt:216)               [main]           INFO  - writing to [34mC:\Users\nikky\.dj-session-export\VirtualDJ\2025\2025-02-23.csv[39m 
21:27:13.130 .(Exporter.kt:133)               [main]           INFO  - writing [92m2025-02-24[39m 
21:27:13.132 .(Exporter.kt:166)               [main]           INFO  - writing to [34mC:\Users\nikky\.dj-session-export\VirtualDJ\2025\2025-02-24.txt[39m 
21:27:13.132 .(Exporter.kt:216)               [main]           INFO  - writing to [34mC:\Users\nikky\.dj-session-export\VirtualDJ\2025\2025-02-24.csv[39m 
21:27:13.132 .(Exporter.kt:133)               [main]           INFO  - writing [92m2025-02-24 13-25[39m 
21:27:13.134 .(Exporter.kt:166)               [main]           INFO  - writing to [34mC:\Users\nikky\.dj-session-export\VirtualDJ\2025\2025-02-24 13-25.txt[39m 
21:27:13.135 .(Exporter.kt:216)               [main]           INFO  - writing to [34mC:\Users\nikky\.dj-session-export\VirtualDJ\2025\2025-02-24 13-25.csv[39m 
21:27:13.135 .(Exporter.kt:133)               [main]           INFO  - writing [92m2025-02-24 14-08[39m 
21:27:13.136 .(Exporter.kt:166)               [main]           INFO  - writing to [34mC:\Users\nikky\.dj-session-export\VirtualDJ\2025\2025-02-24 14-08.txt[39m 
21:27:13.137 .(Exporter.kt:216)               [main]           INFO  - writing to [34mC:\Users\nikky\.dj-session-export\VirtualDJ\2025\2025-02-24 14-08.csv[39m 
21:27:13.138 .(Exporter.kt:133)               [main]           INFO  - writing [92m2025-02-26[39m 
21:27:13.138 .(Exporter.kt:166)               [main]           INFO  - writing to [34mC:\Users\nikky\.dj-session-export\VirtualDJ\2025\2025-02-26.txt[39m 
21:27:13.139 .(Exporter.kt:216)               [main]           INFO  - writing to [34mC:\Users\nikky\.dj-session-export\VirtualDJ\2025\2025-02-26.csv[39m 
21:27:13.140 .(Exporter.kt:133)               [main]           INFO  - writing [92m2025-02-26 15-48[39m 
21:27:13.141 .(Exporter.kt:166)               [main]           INFO  - writing to [34mC:\Users\nikky\.dj-session-export\VirtualDJ\2025\2025-02-26 15-48.txt[39m 
21:27:13.142 .(Exporter.kt:216)               [main]           INFO  - writing to [34mC:\Users\nikky\.dj-session-export\VirtualDJ\2025\2025-02-26 15-48.csv[39m 
21:27:13.142 .(Exporter.kt:133)               [main]           INFO  - writing [92m2025-02-26 16-27[39m 
21:27:13.143 .(Exporter.kt:166)               [main]           INFO  - writing to [34mC:\Users\nikky\.dj-session-export\VirtualDJ\2025\2025-02-26 16-27.txt[39m 
21:27:13.144 .(Exporter.kt:216)               [main]           INFO  - writing to [34mC:\Users\nikky\.dj-session-export\VirtualDJ\2025\2025-02-26 16-27.csv[39m 
21:27:13.144 .(Exporter.kt:133)               [main]           INFO  - writing [92m2025-02-26 17-00[39m 
21:27:13.145 .(Exporter.kt:166)               [main]           INFO  - writing to [34mC:\Users\nikky\.dj-session-export\VirtualDJ\2025\2025-02-26 17-00.txt[39m 
21:27:13.146 .(Exporter.kt:216)               [main]           INFO  - writing to [34mC:\Users\nikky\.dj-session-export\VirtualDJ\2025\2025-02-26 17-00.csv[39m 
21:27:13.146 .(Exporter.kt:133)               [main]           INFO  - writing [92m2025-02-28[39m 
21:27:13.148 .(Exporter.kt:166)               [main]           INFO  - writing to [34mC:\Users\nikky\.dj-session-export\VirtualDJ\2025\2025-02-28.txt[39m 
21:27:13.148 .(Exporter.kt:216)               [main]           INFO  - writing to [34mC:\Users\nikky\.dj-session-export\VirtualDJ\2025\2025-02-28.csv[39m 
21:27:13.149 .(Exporter.kt:133)               [main]           INFO  - writing [92m2025-02-28 14-39[39m 
21:27:13.150 .(Exporter.kt:166)               [main]           INFO  - writing to [34mC:\Users\nikky\.dj-session-export\VirtualDJ\2025\2025-02-28 14-39.txt[39m 
21:27:13.150 .(Exporter.kt:216)               [main]           INFO  - writing to [34mC:\Users\nikky\.dj-session-export\VirtualDJ\2025\2025-02-28 14-39.csv[39m 
21:27:13.150 .(Exporter.kt:133)               [main]           INFO  - writing [92m2025-02-28 15-54[39m 
21:27:13.151 .(Exporter.kt:166)               [main]           INFO  - writing to [34mC:\Users\nikky\.dj-session-export\VirtualDJ\2025\2025-02-28 15-54.txt[39m 
21:27:13.152 .(Exporter.kt:216)               [main]           INFO  - writing to [34mC:\Users\nikky\.dj-session-export\VirtualDJ\2025\2025-02-28 15-54.csv[39m 
21:27:13.152 .(Exporter.kt:133)               [main]           INFO  - writing [92m2025-02-28 17-55[39m 
21:27:13.153 .(Exporter.kt:166)               [main]           INFO  - writing to [34mC:\Users\nikky\.dj-session-export\VirtualDJ\2025\2025-02-28 17-55.txt[39m 
21:27:13.154 .(Exporter.kt:216)               [main]           INFO  - writing to [34mC:\Users\nikky\.dj-session-export\VirtualDJ\2025\2025-02-28 17-55.csv[39m 
21:27:13.154 .(Exporter.kt:133)               [main]           INFO  - writing [92m2025-02-28 18-29[39m 
21:27:13.155 .(Exporter.kt:166)               [main]           INFO  - writing to [34mC:\Users\nikky\.dj-session-export\VirtualDJ\2025\2025-02-28 18-29.txt[39m 
21:27:13.156 .(Exporter.kt:216)               [main]           INFO  - writing to [34mC:\Users\nikky\.dj-session-export\VirtualDJ\2025\2025-02-28 18-29.csv[39m 
21:27:13.156 .(Exporter.kt:133)               [main]           INFO  - writing [92m2025-02-28 19-00[39m 
21:27:13.157 .(Exporter.kt:166)               [main]           INFO  - writing to [34mC:\Users\nikky\.dj-session-export\VirtualDJ\2025\2025-02-28 19-00.txt[39m 
21:27:13.157 .(Exporter.kt:216)               [main]           INFO  - writing to [34mC:\Users\nikky\.dj-session-export\VirtualDJ\2025\2025-02-28 19-00.csv[39m 
21:27:13.158 .(Exporter.kt:133)               [main]           INFO  - writing [92m2025-03-06[39m 
21:27:13.158 .(Exporter.kt:166)               [main]           INFO  - writing to [34mC:\Users\nikky\.dj-session-export\VirtualDJ\2025\2025-03-06.txt[39m 
21:27:13.158 .(Exporter.kt:216)               [main]           INFO  - writing to [34mC:\Users\nikky\.dj-session-export\VirtualDJ\2025\2025-03-06.csv[39m 
21:27:13.159 .(Exporter.kt:133)               [main]           INFO  - writing [92m2025-03-12[39m 
21:27:13.159 .(Exporter.kt:166)               [main]           INFO  - writing to [34mC:\Users\nikky\.dj-session-export\VirtualDJ\2025\2025-03-12.txt[39m 
21:27:13.160 .(Exporter.kt:216)               [main]           INFO  - writing to [34mC:\Users\nikky\.dj-session-export\VirtualDJ\2025\2025-03-12.csv[39m 
21:27:13.161 .(Exporter.kt:133)               [main]           INFO  - writing [92m2025-03-12 21-03[39m 
21:27:13.161 .(Exporter.kt:166)               [main]           INFO  - writing to [34mC:\Users\nikky\.dj-session-export\VirtualDJ\2025\2025-03-12 21-03.txt[39m 
21:27:13.162 .(Exporter.kt:216)               [main]           INFO  - writing to [34mC:\Users\nikky\.dj-session-export\VirtualDJ\2025\2025-03-12 21-03.csv[39m 
21:27:13.162 .(Exporter.kt:133)               [main]           INFO  - writing [92m2025-03-13 04-41[39m 
21:27:13.162 .(Exporter.kt:166)               [main]           INFO  - writing to [34mC:\Users\nikky\.dj-session-export\VirtualDJ\2025\2025-03-13 04-41.txt[39m 
21:27:13.163 .(Exporter.kt:216)               [main]           INFO  - writing to [34mC:\Users\nikky\.dj-session-export\VirtualDJ\2025\2025-03-13 04-41.csv[39m 
21:27:13.163 .(Exporter.kt:133)               [main]           INFO  - writing [92m2025-03-14[39m 
21:27:13.163 .(Exporter.kt:166)               [main]           INFO  - writing to [34mC:\Users\nikky\.dj-session-export\VirtualDJ\2025\2025-03-14.txt[39m 
21:27:13.165 .(Exporter.kt:216)               [main]           INFO  - writing to [34mC:\Users\nikky\.dj-session-export\VirtualDJ\2025\2025-03-14.csv[39m 
21:27:13.165 .(Exporter.kt:133)               [main]           INFO  - writing [92m2025-03-17[39m 
21:27:13.165 .(Exporter.kt:166)               [main]           INFO  - writing to [34mC:\Users\nikky\.dj-session-export\VirtualDJ\2025\2025-03-17.txt[39m 
21:27:13.166 .(Exporter.kt:216)               [main]           INFO  - writing to [34mC:\Users\nikky\.dj-session-export\VirtualDJ\2025\2025-03-17.csv[39m 
21:27:13.166 .(Exporter.kt:133)               [main]           INFO  - writing [92m2025-03-18[39m 
21:27:13.166 .(Exporter.kt:166)               [main]           INFO  - writing to [34mC:\Users\nikky\.dj-session-export\VirtualDJ\2025\2025-03-18.txt[39m 
21:27:13.167 .(Exporter.kt:216)               [main]           INFO  - writing to [34mC:\Users\nikky\.dj-session-export\VirtualDJ\2025\2025-03-18.csv[39m 
21:27:13.168 .(Exporter.kt:133)               [main]           INFO  - writing [92m2025-03-21[39m 
21:27:13.168 .(Exporter.kt:166)               [main]           INFO  - writing to [34mC:\Users\nikky\.dj-session-export\VirtualDJ\2025\2025-03-21.txt[39m 
21:27:13.169 .(Exporter.kt:216)               [main]           INFO  - writing to [34mC:\Users\nikky\.dj-session-export\VirtualDJ\2025\2025-03-21.csv[39m 
21:27:13.170 .(Exporter.kt:133)               [main]           INFO  - writing [92m2025-04-11[39m 
21:27:13.170 .(Exporter.kt:166)               [main]           INFO  - writing to [34mC:\Users\nikky\.dj-session-export\VirtualDJ\2025\2025-04-11.txt[39m 
21:27:13.170 .(Exporter.kt:216)               [main]           INFO  - writing to [34mC:\Users\nikky\.dj-session-export\VirtualDJ\2025\2025-04-11.csv[39m 
21:27:13.171 .(Exporter.kt:133)               [main]           INFO  - writing [92m2025-04-24[39m 
21:27:13.172 .(Exporter.kt:166)               [main]           INFO  - writing to [34mC:\Users\nikky\.dj-session-export\VirtualDJ\2025\2025-04-24.txt[39m 
21:27:13.172 .(Exporter.kt:216)               [main]           INFO  - writing to [34mC:\Users\nikky\.dj-session-export\VirtualDJ\2025\2025-04-24.csv[39m 
21:27:13.173 .(Exporter.kt:133)               [main]           INFO  - writing [92m2025-04-24 13-51[39m 
21:27:13.173 .(Exporter.kt:166)               [main]           INFO  - writing to [34mC:\Users\nikky\.dj-session-export\VirtualDJ\2025\2025-04-24 13-51.txt[39m 
21:27:13.174 .(Exporter.kt:216)               [main]           INFO  - writing to [34mC:\Users\nikky\.dj-session-export\VirtualDJ\2025\2025-04-24 13-51.csv[39m 
21:27:13.174 .(Exporter.kt:133)               [main]           INFO  - writing [92m2025-04-24 14-37[39m 
21:27:13.175 .(Exporter.kt:166)               [main]           INFO  - writing to [34mC:\Users\nikky\.dj-session-export\VirtualDJ\2025\2025-04-24 14-37.txt[39m 
21:27:13.176 .(Exporter.kt:216)               [main]           INFO  - writing to [34mC:\Users\nikky\.dj-session-export\VirtualDJ\2025\2025-04-24 14-37.csv[39m 
21:27:13.176 .(Exporter.kt:133)               [main]           INFO  - writing [92m2025-04-26[39m 
21:27:13.177 .(Exporter.kt:166)               [main]           INFO  - writing to [34mC:\Users\nikky\.dj-session-export\VirtualDJ\2025\2025-04-26.txt[39m 
21:27:13.178 .(Exporter.kt:216)               [main]           INFO  - writing to [34mC:\Users\nikky\.dj-session-export\VirtualDJ\2025\2025-04-26.csv[39m 
21:27:13.178 .(Exporter.kt:133)               [main]           INFO  - writing [92m2025-04-26 19-33[39m 
21:27:13.178 .(Exporter.kt:166)               [main]           INFO  - writing to [34mC:\Users\nikky\.dj-session-export\VirtualDJ\2025\2025-04-26 19-33.txt[39m 
21:27:13.179 .(Exporter.kt:216)               [main]           INFO  - writing to [34mC:\Users\nikky\.dj-session-export\VirtualDJ\2025\2025-04-26 19-33.csv[39m 
21:27:13.179 .(Exporter.kt:133)               [main]           INFO  - writing [92m2025-04-27 00-24[39m 
21:27:13.180 .(Exporter.kt:166)               [main]           INFO  - writing to [34mC:\Users\nikky\.dj-session-export\VirtualDJ\2025\2025-04-27 00-24.txt[39m 
21:27:13.181 .(Exporter.kt:216)               [main]           INFO  - writing to [34mC:\Users\nikky\.dj-session-export\VirtualDJ\2025\2025-04-27 00-24.csv[39m 
21:27:13.181 .(Exporter.kt:133)               [main]           INFO  - writing [92m2025-04-27 03-32[39m 
21:27:13.181 .(Exporter.kt:166)               [main]           INFO  - writing to [34mC:\Users\nikky\.dj-session-export\VirtualDJ\2025\2025-04-27 03-32.txt[39m 
21:27:13.182 .(Exporter.kt:216)               [main]           INFO  - writing to [34mC:\Users\nikky\.dj-session-export\VirtualDJ\2025\2025-04-27 03-32.csv[39m 
21:27:13.182 .(Exporter.kt:133)               [main]           INFO  - writing [92m2025-04-27 03-55[39m 
21:27:13.182 .(Exporter.kt:166)               [main]           INFO  - writing to [34mC:\Users\nikky\.dj-session-export\VirtualDJ\2025\2025-04-27 03-55.txt[39m 
21:27:13.183 .(Exporter.kt:216)               [main]           INFO  - writing to [34mC:\Users\nikky\.dj-session-export\VirtualDJ\2025\2025-04-27 03-55.csv[39m 
21:27:13.184 .(Exporter.kt:133)               [main]           INFO  - writing [92m2025-04-27 05-07[39m 
21:27:13.184 .(Exporter.kt:166)               [main]           INFO  - writing to [34mC:\Users\nikky\.dj-session-export\VirtualDJ\2025\2025-04-27 05-07.txt[39m 
21:27:13.185 .(Exporter.kt:216)               [main]           INFO  - writing to [34mC:\Users\nikky\.dj-session-export\VirtualDJ\2025\2025-04-27 05-07.csv[39m 
21:27:13.185 .(Exporter.kt:133)               [main]           INFO  - writing [92m2025-04-27 06-15[39m 
21:27:13.186 .(Exporter.kt:166)               [main]           INFO  - writing to [34mC:\Users\nikky\.dj-session-export\VirtualDJ\2025\2025-04-27 06-15.txt[39m 
21:27:13.187 .(Exporter.kt:216)               [main]           INFO  - writing to [34mC:\Users\nikky\.dj-session-export\VirtualDJ\2025\2025-04-27 06-15.csv[39m 
21:27:13.187 .(Exporter.kt:133)               [main]           INFO  - writing [92m2025-04-27 06-56[39m 
21:27:13.188 .(Exporter.kt:166)               [main]           INFO  - writing to [34mC:\Users\nikky\.dj-session-export\VirtualDJ\2025\2025-04-27 06-56.txt[39m 
21:27:13.188 .(Exporter.kt:216)               [main]           INFO  - writing to [34mC:\Users\nikky\.dj-session-export\VirtualDJ\2025\2025-04-27 06-56.csv[39m 
21:27:13.188 .(Exporter.kt:133)               [main]           INFO  - writing [92m2025-04-27[39m 
21:27:13.188 .(Exporter.kt:166)               [main]           INFO  - writing to [34mC:\Users\nikky\.dj-session-export\VirtualDJ\2025\2025-04-27.txt[39m 
21:27:13.189 .(Exporter.kt:216)               [main]           INFO  - writing to [34mC:\Users\nikky\.dj-session-export\VirtualDJ\2025\2025-04-27.csv[39m 
21:27:13.190 .(Exporter.kt:133)               [main]           INFO  - writing [92m2025-05-01[39m 
21:27:13.191 .(Exporter.kt:166)               [main]           INFO  - writing to [34mC:\Users\nikky\.dj-session-export\VirtualDJ\2025\2025-05-01.txt[39m 
21:27:13.191 .(Exporter.kt:216)               [main]           INFO  - writing to [34mC:\Users\nikky\.dj-session-export\VirtualDJ\2025\2025-05-01.csv[39m 
21:27:13.192 .(Exporter.kt:133)               [main]           INFO  - writing [92m2025-05-07[39m 
21:27:13.192 .(Exporter.kt:166)               [main]           INFO  - writing to [34mC:\Users\nikky\.dj-session-export\VirtualDJ\2025\2025-05-07.txt[39m 
21:27:13.192 .(Exporter.kt:216)               [main]           INFO  - writing to [34mC:\Users\nikky\.dj-session-export\VirtualDJ\2025\2025-05-07.csv[39m 
21:27:13.193 .(Exporter.kt:133)               [main]           INFO  - writing [92m2025-05-07 17-44[39m 
21:27:13.194 .(Exporter.kt:166)               [main]           INFO  - writing to [34mC:\Users\nikky\.dj-session-export\VirtualDJ\2025\2025-05-07 17-44.txt[39m 
21:27:13.194 .(Exporter.kt:216)               [main]           INFO  - writing to [34mC:\Users\nikky\.dj-session-export\VirtualDJ\2025\2025-05-07 17-44.csv[39m 
21:27:13.194 .(Exporter.kt:133)               [main]           INFO  - writing [92m2025-05-07 18-33[39m 
21:27:13.195 .(Exporter.kt:166)               [main]           INFO  - writing to [34mC:\Users\nikky\.dj-session-export\VirtualDJ\2025\2025-05-07 18-33.txt[39m 
21:27:13.195 .(Exporter.kt:216)               [main]           INFO  - writing to [34mC:\Users\nikky\.dj-session-export\VirtualDJ\2025\2025-05-07 18-33.csv[39m 
21:27:13.196 .(Exporter.kt:133)               [main]           INFO  - writing [92m2025-05-07 18-59[39m 
21:27:13.196 .(Exporter.kt:166)               [main]           INFO  - writing to [34mC:\Users\nikky\.dj-session-export\VirtualDJ\2025\2025-05-07 18-59.txt[39m 
21:27:13.196 .(Exporter.kt:216)               [main]           INFO  - writing to [34mC:\Users\nikky\.dj-session-export\VirtualDJ\2025\2025-05-07 18-59.csv[39m 
21:27:13.196 .(Exporter.kt:133)               [main]           INFO  - writing [92m2025-05-07 21-01[39m 
21:27:13.198 .(Exporter.kt:166)               [main]           INFO  - writing to [34mC:\Users\nikky\.dj-session-export\VirtualDJ\2025\2025-05-07 21-01.txt[39m 
21:27:13.198 .(Exporter.kt:216)               [main]           INFO  - writing to [34mC:\Users\nikky\.dj-session-export\VirtualDJ\2025\2025-05-07 21-01.csv[39m 
21:27:13.198 .(Exporter.kt:133)               [main]           INFO  - writing [92m2025-05-09[39m 
21:27:13.199 .(Exporter.kt:166)               [main]           INFO  - writing to [34mC:\Users\nikky\.dj-session-export\VirtualDJ\2025\2025-05-09.txt[39m 
21:27:13.199 .(Exporter.kt:216)               [main]           INFO  - writing to [34mC:\Users\nikky\.dj-session-export\VirtualDJ\2025\2025-05-09.csv[39m 
21:27:13.199 .(Exporter.kt:133)               [main]           INFO  - writing [92m2025-05-21[39m 
21:27:13.200 .(Exporter.kt:166)               [main]           INFO  - writing to [34mC:\Users\nikky\.dj-session-export\VirtualDJ\2025\2025-05-21.txt[39m 
21:27:13.201 .(Exporter.kt:216)               [main]           INFO  - writing to [34mC:\Users\nikky\.dj-session-export\VirtualDJ\2025\2025-05-21.csv[39m 
21:27:13.202 .(Exporter.kt:133)               [main]           INFO  - writing [92m2025-05-21 19-11[39m 
21:27:13.202 .(Exporter.kt:166)               [main]           INFO  - writing to [34mC:\Users\nikky\.dj-session-export\VirtualDJ\2025\2025-05-21 19-11.txt[39m 
21:27:13.203 .(Exporter.kt:216)               [main]           INFO  - writing to [34mC:\Users\nikky\.dj-session-export\VirtualDJ\2025\2025-05-21 19-11.csv[39m 
21:27:13.203 .(Exporter.kt:133)               [main]           INFO  - writing [92m2025-05-21 20-03[39m 
21:27:13.204 .(Exporter.kt:166)               [main]           INFO  - writing to [34mC:\Users\nikky\.dj-session-export\VirtualDJ\2025\2025-05-21 20-03.txt[39m 
21:27:13.205 .(Exporter.kt:216)               [main]           INFO  - writing to [34mC:\Users\nikky\.dj-session-export\VirtualDJ\2025\2025-05-21 20-03.csv[39m 
21:27:13.205 .(Exporter.kt:133)               [main]           INFO  - writing [92m2025-05-21 22-29[39m 
21:27:13.206 .(Exporter.kt:166)               [main]           INFO  - writing to [34mC:\Users\nikky\.dj-session-export\VirtualDJ\2025\2025-05-21 22-29.txt[39m 
21:27:13.207 .(Exporter.kt:216)               [main]           INFO  - writing to [34mC:\Users\nikky\.dj-session-export\VirtualDJ\2025\2025-05-21 22-29.csv[39m 
21:27:13.207 .(Exporter.kt:133)               [main]           INFO  - writing [92m2025-05-22[39m 
21:27:13.208 .(Exporter.kt:166)               [main]           INFO  - writing to [34mC:\Users\nikky\.dj-session-export\VirtualDJ\2025\2025-05-22.txt[39m 
21:27:13.208 .(Exporter.kt:216)               [main]           INFO  - writing to [34mC:\Users\nikky\.dj-session-export\VirtualDJ\2025\2025-05-22.csv[39m 
21:27:13.208 .(Exporter.kt:133)               [main]           INFO  - writing [92m2025-05-26[39m 
21:27:13.209 .(Exporter.kt:166)               [main]           INFO  - writing to [34mC:\Users\nikky\.dj-session-export\VirtualDJ\2025\2025-05-26.txt[39m 
21:27:13.210 .(Exporter.kt:216)               [main]           INFO  - writing to [34mC:\Users\nikky\.dj-session-export\VirtualDJ\2025\2025-05-26.csv[39m 
21:27:13.210 .(Exporter.kt:133)               [main]           INFO  - writing [92m2025-05-28[39m 
21:27:13.210 .(Exporter.kt:166)               [main]           INFO  - writing to [34mC:\Users\nikky\.dj-session-export\VirtualDJ\2025\2025-05-28.txt[39m 
21:27:13.211 .(Exporter.kt:216)               [main]           INFO  - writing to [34mC:\Users\nikky\.dj-session-export\VirtualDJ\2025\2025-05-28.csv[39m 
21:27:13.212 .(Exporter.kt:133)               [main]           INFO  - writing [92m2025-05-28 02-44[39m 
21:27:13.212 .(Exporter.kt:166)               [main]           INFO  - writing to [34mC:\Users\nikky\.dj-session-export\VirtualDJ\2025\2025-05-28 02-44.txt[39m 
21:27:13.213 .(Exporter.kt:216)               [main]           INFO  - writing to [34mC:\Users\nikky\.dj-session-export\VirtualDJ\2025\2025-05-28 02-44.csv[39m 
21:27:13.213 .(Exporter.kt:133)               [main]           INFO  - writing [92m2025-05-28 03-03[39m 
21:27:13.214 .(Exporter.kt:166)               [main]           INFO  - writing to [34mC:\Users\nikky\.dj-session-export\VirtualDJ\2025\2025-05-28 03-03.txt[39m 
21:27:13.215 .(Exporter.kt:216)               [main]           INFO  - writing to [34mC:\Users\nikky\.dj-session-export\VirtualDJ\2025\2025-05-28 03-03.csv[39m 
21:27:13.215 .(Exporter.kt:133)               [main]           INFO  - writing [92m2025-05-30[39m 
21:27:13.216 .(Exporter.kt:166)               [main]           INFO  - writing to [34mC:\Users\nikky\.dj-session-export\VirtualDJ\2025\2025-05-30.txt[39m 
21:27:13.216 .(Exporter.kt:216)               [main]           INFO  - writing to [34mC:\Users\nikky\.dj-session-export\VirtualDJ\2025\2025-05-30.csv[39m 
21:27:13.218 .(Exporter.kt:133)               [main]           INFO  - writing [92m2025-06-04[39m 
21:27:13.218 .(Exporter.kt:166)               [main]           INFO  - writing to [34mC:\Users\nikky\.dj-session-export\VirtualDJ\2025\2025-06-04.txt[39m 
21:27:13.218 .(Exporter.kt:216)               [main]           INFO  - writing to [34mC:\Users\nikky\.dj-session-export\VirtualDJ\2025\2025-06-04.csv[39m 
21:27:13.219 .(Exporter.kt:133)               [main]           INFO  - writing [92m2025-06-04 22-18[39m 
21:27:13.219 .(Exporter.kt:166)               [main]           INFO  - writing to [34mC:\Users\nikky\.dj-session-export\VirtualDJ\2025\2025-06-04 22-18.txt[39m 
21:27:13.220 .(Exporter.kt:216)               [main]           INFO  - writing to [34mC:\Users\nikky\.dj-session-export\VirtualDJ\2025\2025-06-04 22-18.csv[39m 
21:27:13.221 .(Exporter.kt:133)               [main]           INFO  - writing [92m2025-06-04 23-34[39m 
21:27:13.221 .(Exporter.kt:166)               [main]           INFO  - writing to [34mC:\Users\nikky\.dj-session-export\VirtualDJ\2025\2025-06-04 23-34.txt[39m 
21:27:13.222 .(Exporter.kt:216)               [main]           INFO  - writing to [34mC:\Users\nikky\.dj-session-export\VirtualDJ\2025\2025-06-04 23-34.csv[39m 
21:27:13.222 .(Exporter.kt:133)               [main]           INFO  - writing [92m2025-06-05[39m 
21:27:13.223 .(Exporter.kt:166)               [main]           INFO  - writing to [34mC:\Users\nikky\.dj-session-export\VirtualDJ\2025\2025-06-05.txt[39m 
21:27:13.224 .(Exporter.kt:216)               [main]           INFO  - writing to [34mC:\Users\nikky\.dj-session-export\VirtualDJ\2025\2025-06-05.csv[39m 
21:27:13.224 .(Exporter.kt:133)               [main]           INFO  - writing [92m2025-06-06[39m 
21:27:13.225 .(Exporter.kt:166)               [main]           INFO  - writing to [34mC:\Users\nikky\.dj-session-export\VirtualDJ\2025\2025-06-06.txt[39m 
21:27:13.225 .(Exporter.kt:216)               [main]           INFO  - writing to [34mC:\Users\nikky\.dj-session-export\VirtualDJ\2025\2025-06-06.csv[39m 
21:27:13.225 .(Exporter.kt:133)               [main]           INFO  - writing [92m2025-06-06 18-46[39m 
21:27:13.225 .(Exporter.kt:166)               [main]           INFO  - writing to [34mC:\Users\nikky\.dj-session-export\VirtualDJ\2025\2025-06-06 18-46.txt[39m 
21:27:13.226 .(Exporter.kt:216)               [main]           INFO  - writing to [34mC:\Users\nikky\.dj-session-export\VirtualDJ\2025\2025-06-06 18-46.csv[39m 
21:27:13.227 .(Exporter.kt:133)               [main]           INFO  - writing [92m2025-06-07 07-22[39m 
21:27:13.227 .(Exporter.kt:166)               [main]           INFO  - writing to [34mC:\Users\nikky\.dj-session-export\VirtualDJ\2025\2025-06-07 07-22.txt[39m 
21:27:13.228 .(Exporter.kt:216)               [main]           INFO  - writing to [34mC:\Users\nikky\.dj-session-export\VirtualDJ\2025\2025-06-07 07-22.csv[39m 
21:27:13.228 .(Exporter.kt:133)               [main]           INFO  - writing [92m2025-06-07[39m 
21:27:13.229 .(Exporter.kt:166)               [main]           INFO  - writing to [34mC:\Users\nikky\.dj-session-export\VirtualDJ\2025\2025-06-07.txt[39m 
21:27:13.230 .(Exporter.kt:216)               [main]           INFO  - writing to [34mC:\Users\nikky\.dj-session-export\VirtualDJ\2025\2025-06-07.csv[39m 
21:27:13.231 .(Exporter.kt:133)               [main]           INFO  - writing [92m2025-06-07 08-01[39m 
21:27:13.231 .(Exporter.kt:166)               [main]           INFO  - writing to [34mC:\Users\nikky\.dj-session-export\VirtualDJ\2025\2025-06-07 08-01.txt[39m 
21:27:13.232 .(Exporter.kt:216)               [main]           INFO  - writing to [34mC:\Users\nikky\.dj-session-export\VirtualDJ\2025\2025-06-07 08-01.csv[39m 
21:27:13.232 .(Exporter.kt:133)               [main]           INFO  - writing [92m2025-06-07 16-15[39m 
21:27:13.232 .(Exporter.kt:166)               [main]           INFO  - writing to [34mC:\Users\nikky\.dj-session-export\VirtualDJ\2025\2025-06-07 16-15.txt[39m 
21:27:13.233 .(Exporter.kt:216)               [main]           INFO  - writing to [34mC:\Users\nikky\.dj-session-export\VirtualDJ\2025\2025-06-07 16-15.csv[39m 
21:27:13.233 .(Exporter.kt:133)               [main]           INFO  - writing [92m2025-06-08 03-42[39m 
21:27:13.233 .(Exporter.kt:166)               [main]           INFO  - writing to [34mC:\Users\nikky\.dj-session-export\VirtualDJ\2025\2025-06-08 03-42.txt[39m 
21:27:13.235 .(Exporter.kt:216)               [main]           INFO  - writing to [34mC:\Users\nikky\.dj-session-export\VirtualDJ\2025\2025-06-08 03-42.csv[39m 
21:27:13.235 .(Exporter.kt:133)               [main]           INFO  - writing [92m2025-06-19[39m 
21:27:13.236 .(Exporter.kt:166)               [main]           INFO  - writing to [34mC:\Users\nikky\.dj-session-export\VirtualDJ\2025\2025-06-19.txt[39m 
21:27:13.236 .(Exporter.kt:216)               [main]           INFO  - writing to [34mC:\Users\nikky\.dj-session-export\VirtualDJ\2025\2025-06-19.csv[39m 
21:27:13.236 .(Exporter.kt:133)               [main]           INFO  - writing [92m2025-06-19 03-21[39m 
21:27:13.237 .(Exporter.kt:166)               [main]           INFO  - writing to [34mC:\Users\nikky\.dj-session-export\VirtualDJ\2025\2025-06-19 03-21.txt[39m 
21:27:13.238 .(Exporter.kt:216)               [main]           INFO  - writing to [34mC:\Users\nikky\.dj-session-export\VirtualDJ\2025\2025-06-19 03-21.csv[39m 
21:27:13.238 .(Exporter.kt:133)               [main]           INFO  - writing [92m2025-06-19 06-00[39m 
21:27:13.239 .(Exporter.kt:166)               [main]           INFO  - writing to [34mC:\Users\nikky\.dj-session-export\VirtualDJ\2025\2025-06-19 06-00.txt[39m 
21:27:13.239 .(Exporter.kt:216)               [main]           INFO  - writing to [34mC:\Users\nikky\.dj-session-export\VirtualDJ\2025\2025-06-19 06-00.csv[39m 
21:27:13.239 .(Exporter.kt:133)               [main]           INFO  - writing [92m2025-06-20[39m 
21:27:13.240 .(Exporter.kt:166)               [main]           INFO  - writing to [34mC:\Users\nikky\.dj-session-export\VirtualDJ\2025\2025-06-20.txt[39m 
21:27:13.240 .(Exporter.kt:216)               [main]           INFO  - writing to [34mC:\Users\nikky\.dj-session-export\VirtualDJ\2025\2025-06-20.csv[39m 
21:27:13.242 .(Exporter.kt:133)               [main]           INFO  - writing [92m2025-07-03[39m 
21:27:13.242 .(Exporter.kt:166)               [main]           INFO  - writing to [34mC:\Users\nikky\.dj-session-export\VirtualDJ\2025\2025-07-03.txt[39m 
21:27:13.242 .(Exporter.kt:216)               [main]           INFO  - writing to [34mC:\Users\nikky\.dj-session-export\VirtualDJ\2025\2025-07-03.csv[39m 
21:27:13.242 .(Exporter.kt:133)               [main]           INFO  - writing [92m2025-07-03 01-48[39m 
21:27:13.244 .(Exporter.kt:166)               [main]           INFO  - writing to [34mC:\Users\nikky\.dj-session-export\VirtualDJ\2025\2025-07-03 01-48.txt[39m 
21:27:13.244 .(Exporter.kt:216)               [main]           INFO  - writing to [34mC:\Users\nikky\.dj-session-export\VirtualDJ\2025\2025-07-03 01-48.csv[39m 
21:27:13.244 .(Exporter.kt:133)               [main]           INFO  - writing [92m2025-07-03 03-46[39m 
21:27:13.245 .(Exporter.kt:166)               [main]           INFO  - writing to [34mC:\Users\nikky\.dj-session-export\VirtualDJ\2025\2025-07-03 03-46.txt[39m 
21:27:13.245 .(Exporter.kt:216)               [main]           INFO  - writing to [34mC:\Users\nikky\.dj-session-export\VirtualDJ\2025\2025-07-03 03-46.csv[39m 
21:27:13.245 .(Exporter.kt:133)               [main]           INFO  - writing [92m2025-07-04[39m 
21:27:13.246 .(Exporter.kt:166)               [main]           INFO  - writing to [34mC:\Users\nikky\.dj-session-export\VirtualDJ\2025\2025-07-04.txt[39m 
21:27:13.247 .(Exporter.kt:216)               [main]           INFO  - writing to [34mC:\Users\nikky\.dj-session-export\VirtualDJ\2025\2025-07-04.csv[39m 
21:27:13.247 .(Exporter.kt:133)               [main]           INFO  - writing [92m2025-07-12[39m 
21:27:13.248 .(Exporter.kt:166)               [main]           INFO  - writing to [34mC:\Users\nikky\.dj-session-export\VirtualDJ\2025\2025-07-12.txt[39m 
21:27:13.248 .(Exporter.kt:216)               [main]           INFO  - writing to [34mC:\Users\nikky\.dj-session-export\VirtualDJ\2025\2025-07-12.csv[39m 
21:27:13.248 .(Exporter.kt:133)               [main]           INFO  - writing [92m2025-07-12 02-46[39m 
21:27:13.249 .(Exporter.kt:166)               [main]           INFO  - writing to [34mC:\Users\nikky\.dj-session-export\VirtualDJ\2025\2025-07-12 02-46.txt[39m 
21:27:13.249 .(Exporter.kt:216)               [main]           INFO  - writing to [34mC:\Users\nikky\.dj-session-export\VirtualDJ\2025\2025-07-12 02-46.csv[39m 
21:27:13.250 .(Exporter.kt:133)               [main]           INFO  - writing [92m2025-07-12 04-30[39m 
21:27:13.250 .(Exporter.kt:166)               [main]           INFO  - writing to [34mC:\Users\nikky\.dj-session-export\VirtualDJ\2025\2025-07-12 04-30.txt[39m 
21:27:13.251 .(Exporter.kt:216)               [main]           INFO  - writing to [34mC:\Users\nikky\.dj-session-export\VirtualDJ\2025\2025-07-12 04-30.csv[39m 
21:27:13.251 .(Exporter.kt:133)               [main]           INFO  - writing [92m2025-07-13[39m 
21:27:13.252 .(Exporter.kt:166)               [main]           INFO  - writing to [34mC:\Users\nikky\.dj-session-export\VirtualDJ\2025\2025-07-13.txt[39m 
21:27:13.252 .(Exporter.kt:216)               [main]           INFO  - writing to [34mC:\Users\nikky\.dj-session-export\VirtualDJ\2025\2025-07-13.csv[39m 
21:27:13.253 .(Exporter.kt:133)               [main]           INFO  - writing [92m2025-07-13 12-29[39m 
21:27:13.253 .(Exporter.kt:166)               [main]           INFO  - writing to [34mC:\Users\nikky\.dj-session-export\VirtualDJ\2025\2025-07-13 12-29.txt[39m 
21:27:13.254 .(Exporter.kt:216)               [main]           INFO  - writing to [34mC:\Users\nikky\.dj-session-export\VirtualDJ\2025\2025-07-13 12-29.csv[39m 
21:27:13.255 .(Exporter.kt:133)               [main]           INFO  - writing [92m2025-07-13 12-59[39m 
21:27:13.256 .(Exporter.kt:166)               [main]           INFO  - writing to [34mC:\Users\nikky\.dj-session-export\VirtualDJ\2025\2025-07-13 12-59.txt[39m 
21:27:13.256 .(Exporter.kt:216)               [main]           INFO  - writing to [34mC:\Users\nikky\.dj-session-export\VirtualDJ\2025\2025-07-13 12-59.csv[39m 
21:27:13.256 .(Exporter.kt:133)               [main]           INFO  - writing [92m2025-07-16[39m 
21:27:13.258 .(Exporter.kt:166)               [main]           INFO  - writing to [34mC:\Users\nikky\.dj-session-export\VirtualDJ\2025\2025-07-16.txt[39m 
21:27:13.258 .(Exporter.kt:216)               [main]           INFO  - writing to [34mC:\Users\nikky\.dj-session-export\VirtualDJ\2025\2025-07-16.csv[39m 
21:27:13.258 .(Exporter.kt:133)               [main]           INFO  - writing [92m2025-07-16 22-57[39m 
21:27:13.259 .(Exporter.kt:166)               [main]           INFO  - writing to [34mC:\Users\nikky\.dj-session-export\VirtualDJ\2025\2025-07-16 22-57.txt[39m 
21:27:13.261 .(Exporter.kt:216)               [main]           INFO  - writing to [34mC:\Users\nikky\.dj-session-export\VirtualDJ\2025\2025-07-16 22-57.csv[39m 
21:27:13.261 .(Exporter.kt:133)               [main]           INFO  - writing [92m2025-07-17 02-09[39m 
21:27:13.262 .(Exporter.kt:166)               [main]           INFO  - writing to [34mC:\Users\nikky\.dj-session-export\VirtualDJ\2025\2025-07-17 02-09.txt[39m 
21:27:13.262 .(Exporter.kt:216)               [main]           INFO  - writing to [34mC:\Users\nikky\.dj-session-export\VirtualDJ\2025\2025-07-17 02-09.csv[39m 
21:27:13.262 .(Exporter.kt:133)               [main]           INFO  - writing [92m2025-07-18[39m 
21:27:13.264 .(Exporter.kt:166)               [main]           INFO  - writing to [34mC:\Users\nikky\.dj-session-export\VirtualDJ\2025\2025-07-18.txt[39m 
21:27:13.264 .(Exporter.kt:216)               [main]           INFO  - writing to [34mC:\Users\nikky\.dj-session-export\VirtualDJ\2025\2025-07-18.csv[39m 
21:27:13.265 .(Exporter.kt:133)               [main]           INFO  - writing [92m2025-07-19[39m 
21:27:13.266 .(Exporter.kt:166)               [main]           INFO  - writing to [34mC:\Users\nikky\.dj-session-export\VirtualDJ\2025\2025-07-19.txt[39m 
21:27:13.266 .(Exporter.kt:216)               [main]           INFO  - writing to [34mC:\Users\nikky\.dj-session-export\VirtualDJ\2025\2025-07-19.csv[39m 
21:27:13.266 .(Exporter.kt:133)               [main]           INFO  - writing [92m2025-07-20[39m 
21:27:13.268 .(Exporter.kt:166)               [main]           INFO  - writing to [34mC:\Users\nikky\.dj-session-export\VirtualDJ\2025\2025-07-20.txt[39m 
21:27:13.268 .(Exporter.kt:216)               [main]           INFO  - writing to [34mC:\Users\nikky\.dj-session-export\VirtualDJ\2025\2025-07-20.csv[39m 
21:27:13.269 .(Exporter.kt:133)               [main]           INFO  - writing [92m2025-07-20 04-13[39m 
21:27:13.270 .(Exporter.kt:166)               [main]           INFO  - writing to [34mC:\Users\nikky\.dj-session-export\VirtualDJ\2025\2025-07-20 04-13.txt[39m 
21:27:13.271 .(Exporter.kt:216)               [main]           INFO  - writing to [34mC:\Users\nikky\.dj-session-export\VirtualDJ\2025\2025-07-20 04-13.csv[39m 
21:27:13.271 .(Exporter.kt:133)               [main]           INFO  - writing [92m2025-07-20 05-40[39m 
21:27:13.272 .(Exporter.kt:166)               [main]           INFO  - writing to [34mC:\Users\nikky\.dj-session-export\VirtualDJ\2025\2025-07-20 05-40.txt[39m 
21:27:13.272 .(Exporter.kt:216)               [main]           INFO  - writing to [34mC:\Users\nikky\.dj-session-export\VirtualDJ\2025\2025-07-20 05-40.csv[39m 
21:27:13.273 .(Exporter.kt:133)               [main]           INFO  - writing [92m2025-07-21[39m 
21:27:13.273 .(Exporter.kt:166)               [main]           INFO  - writing to [34mC:\Users\nikky\.dj-session-export\VirtualDJ\2025\2025-07-21.txt[39m 
21:27:13.273 .(Exporter.kt:216)               [main]           INFO  - writing to [34mC:\Users\nikky\.dj-session-export\VirtualDJ\2025\2025-07-21.csv[39m 
21:27:13.274 .(Exporter.kt:133)               [main]           INFO  - writing [92m2025-07-21 08-01[39m 
21:27:13.275 .(Exporter.kt:166)               [main]           INFO  - writing to [34mC:\Users\nikky\.dj-session-export\VirtualDJ\2025\2025-07-21 08-01.txt[39m 
21:27:13.275 .(Exporter.kt:216)               [main]           INFO  - writing to [34mC:\Users\nikky\.dj-session-export\VirtualDJ\2025\2025-07-21 08-01.csv[39m 
21:27:13.275 .(Exporter.kt:133)               [main]           INFO  - writing [92m2025-07-21 21-30[39m 
21:27:13.276 .(Exporter.kt:166)               [main]           INFO  - writing to [34mC:\Users\nikky\.dj-session-export\VirtualDJ\2025\2025-07-21 21-30.txt[39m 
21:27:13.276 .(Exporter.kt:216)               [main]           INFO  - writing to [34mC:\Users\nikky\.dj-session-export\VirtualDJ\2025\2025-07-21 21-30.csv[39m 
21:27:13.276 .(Exporter.kt:133)               [main]           INFO  - writing [92m2025-07-21 22-26[39m 
21:27:13.277 .(Exporter.kt:166)               [main]           INFO  - writing to [34mC:\Users\nikky\.dj-session-export\VirtualDJ\2025\2025-07-21 22-26.txt[39m 
21:27:13.278 .(Exporter.kt:216)               [main]           INFO  - writing to [34mC:\Users\nikky\.dj-session-export\VirtualDJ\2025\2025-07-21 22-26.csv[39m 
21:27:13.278 .(Exporter.kt:133)               [main]           INFO  - writing [92m2025-07-22 00-03[39m 
21:27:13.278 .(Exporter.kt:166)               [main]           INFO  - writing to [34mC:\Users\nikky\.dj-session-export\VirtualDJ\2025\2025-07-22 00-03.txt[39m 
21:27:13.279 .(Exporter.kt:216)               [main]           INFO  - writing to [34mC:\Users\nikky\.dj-session-export\VirtualDJ\2025\2025-07-22 00-03.csv[39m 
21:27:13.279 .(Exporter.kt:133)               [main]           INFO  - writing [92m2025-07-22 03-17[39m 
21:27:13.280 .(Exporter.kt:166)               [main]           INFO  - writing to [34mC:\Users\nikky\.dj-session-export\VirtualDJ\2025\2025-07-22 03-17.txt[39m 
21:27:13.281 .(Exporter.kt:216)               [main]           INFO  - writing to [34mC:\Users\nikky\.dj-session-export\VirtualDJ\2025\2025-07-22 03-17.csv[39m 
21:27:13.281 .(Exporter.kt:133)               [main]           INFO  - writing [92m2025-07-22 03-50[39m 
21:27:13.282 .(Exporter.kt:166)               [main]           INFO  - writing to [34mC:\Users\nikky\.dj-session-export\VirtualDJ\2025\2025-07-22 03-50.txt[39m 
21:27:13.282 .(Exporter.kt:216)               [main]           INFO  - writing to [34mC:\Users\nikky\.dj-session-export\VirtualDJ\2025\2025-07-22 03-50.csv[39m 
21:27:13.282 .(Exporter.kt:133)               [main]           INFO  - writing [92m2025-07-22 04-26[39m 
21:27:13.282 .(Exporter.kt:166)               [main]           INFO  - writing to [34mC:\Users\nikky\.dj-session-export\VirtualDJ\2025\2025-07-22 04-26.txt[39m 
21:27:13.283 .(Exporter.kt:216)               [main]           INFO  - writing to [34mC:\Users\nikky\.dj-session-export\VirtualDJ\2025\2025-07-22 04-26.csv[39m 
21:27:13.284 .(Exporter.kt:133)               [main]           INFO  - writing [92m2025-07-25[39m 
21:27:13.284 .(Exporter.kt:166)               [main]           INFO  - writing to [34mC:\Users\nikky\.dj-session-export\VirtualDJ\2025\2025-07-25.txt[39m 
21:27:13.285 .(Exporter.kt:216)               [main]           INFO  - writing to [34mC:\Users\nikky\.dj-session-export\VirtualDJ\2025\2025-07-25.csv[39m 
21:27:13.285 .(Exporter.kt:133)               [main]           INFO  - writing [92m2025-07-28[39m 
21:27:13.286 .(Exporter.kt:166)               [main]           INFO  - writing to [34mC:\Users\nikky\.dj-session-export\VirtualDJ\2025\2025-07-28.txt[39m 
21:27:13.286 .(Exporter.kt:216)               [main]           INFO  - writing to [34mC:\Users\nikky\.dj-session-export\VirtualDJ\2025\2025-07-28.csv[39m 
21:27:13.286 .(Exporter.kt:33)                [main]           INFO  - ii [34mC:\Users\nikky\.dj-session-export\VirtualDJ[39m 
